"ligand","receptor","LR pair"
"A2m","Lrp1","A2m - Lrp1"
"Aanat","Mtnr1a","Aanat - Mtnr1a"
"Aanat","Mtnr1b","Aanat - Mtnr1b"
"Ace","Agtr2","Ace - Agtr2"
"Ace","Bdkrb2","Ace - Bdkrb2"
"Adam10","Axl","Adam10 - Axl"
"Adam10","Epha3","Adam10 - Epha3"
"Adam12","Itga9","Adam12 - Itga9"
"Adam12","Itgb1","Adam12 - Itgb1"
"Adam12","Sdc4","Adam12 - Sdc4"
"Adam15","Itga5","Adam15 - Itga5"
"Adam15","Itga9","Adam15 - Itga9"
"Adam15","Itgav","Adam15 - Itgav"
"Adam15","Itgb1","Adam15 - Itgb1"
"Adam15","Itgb3","Adam15 - Itgb3"
"Adam17","Erbb4","Adam17 - Erbb4"
"Adam17","Itga5","Adam17 - Itga5"
"Adam17","Itgb1","Adam17 - Itgb1"
"Adam17","Notch1","Adam17 - Notch1"
"Adam2","Cd9","Adam2 - Cd9"
"Adam2","Itga6","Adam2 - Itga6"
"Adam2","Itga9","Adam2 - Itga9"
"Adam2","Itgb1","Adam2 - Itgb1"
"Adam2","Itgb7","Adam2 - Itgb7"
"Adam23","Itga5","Adam23 - Itga5"
"Adam23","Itgb3","Adam23 - Itgb3"
"Adam28","Itga4","Adam28 - Itga4"
"Adam9","Itga3","Adam9 - Itga3"
"Adam9","Itga6","Adam9 - Itga6"
"Adam9","Itgav","Adam9 - Itgav"
"Adam9","Itgb1","Adam9 - Itgb1"
"Adam9","Itgb5","Adam9 - Itgb5"
"Adcyap1","Adcyap1r1","Adcyap1 - Adcyap1r1"
"Adcyap1","Sctr","Adcyap1 - Sctr"
"Adcyap1","Vipr1","Adcyap1 - Vipr1"
"Adcyap1","Vipr2","Adcyap1 - Vipr2"
"Adipoq","Adipor1","Adipoq - Adipor1"
"Adipoq","Adipor2","Adipoq - Adipor2"
"Adm","Calcr","Adm - Calcr"
"Adm","Calcrl","Adm - Calcrl"
"Adm","Gpr182","Adm - Gpr182"
"Adm","Mrgprx2","Adm - Mrgprx2"
"Adm","Ramp2","Adm - Ramp2"
"Adm2","Calcr","Adm2 - Calcr"
"Adm2","Calcrl","Adm2 - Calcrl"
"Adm2","Ramp1","Adm2 - Ramp1"
"Agrn","Atp1a3","Agrn - Atp1a3"
"Agrn","Lrp4","Agrn - Lrp4"
"Agrn","Musk","Agrn - Musk"
"Agrp","Mc3r","Agrp - Mc3r"
"Agrp","Mc4r","Agrp - Mc4r"
"Agrp","Mc5r","Agrp - Mc5r"
"Agrp","Sdc3","Agrp - Sdc3"
"Agt","Agtr1a","Agt - Agtr1a"
"Agt","Agtr2","Agt - Agtr2"
"Agt","Lrp2","Agt - Lrp2"
"Agt","Mas1","Agt - Mas1"
"Ahsg","Insr","Ahsg - Insr"
"Alb","Lrp2","Alb - Lrp2"
"Alox5ap","Alox5","Alox5ap - Alox5"
"Amelx","Lamp1","Amelx - Lamp1"
"Amh","Acvr1","Amh - Acvr1"
"Amh","Amhr2","Amh - Amhr2"
"Amh","Egfr","Amh - Egfr"
"Angpt1","Itga5","Angpt1 - Itga5"
"Angpt1","Itgb1","Angpt1 - Itgb1"
"Angpt1","Tek","Angpt1 - Tek"
"Angpt1","Tie1","Angpt1 - Tie1"
"Angpt2","Tek","Angpt2 - Tek"
"Angpt2","Tie1","Angpt2 - Tie1"
"Angpt4","Tek","Angpt4 - Tek"
"Angpt4","Tie1","Angpt4 - Tie1"
"Angptl1","Tek","Angptl1 - Tek"
"Angptl2","Tie1","Angptl2 - Tie1"
"Angptl3","Itga5","Angptl3 - Itga5"
"Angptl3","Itgav","Angptl3 - Itgav"
"Angptl3","Itgb3","Angptl3 - Itgb3"
"Angptl4","Tie1","Angptl4 - Tie1"
"Anxa1","Dysf","Anxa1 - Dysf"
"Anxa1","Egfr","Anxa1 - Egfr"
"Anxa1","Fpr1","Anxa1 - Fpr1"
"Anxa1","Fpr2","Anxa1 - Fpr2"
"Anxa1","Fpr3","Anxa1 - Fpr3"
"Apln","Aplnr","Apln - Aplnr"
"Apob","Calcr","Apob - Calcr"
"Apob","Itgam","Apob - Itgam"
"Apob","Itgb2","Apob - Itgb2"
"Apob","Ldlr","Apob - Ldlr"
"Apob","Lrp2","Apob - Lrp2"
"Apob","Lrp6","Apob - Lrp6"
"Apob","Lrp8","Apob - Lrp8"
"Apob","Lsr","Apob - Lsr"
"Apob","Olr1","Apob - Olr1"
"Apoc3","Sdc2","Apoc3 - Sdc2"
"Apoc3","Tlr2","Apoc3 - Tlr2"
"Apod","Lepr","Apod - Lepr"
"Apoe","Chrna4","Apoe - Chrna4"
"Apoe","Ldlr","Apoe - Ldlr"
"Apoe","Lrp1","Apoe - Lrp1"
"Apoe","Lrp2","Apoe - Lrp2"
"Apoe","Lrp5","Apoe - Lrp5"
"Apoe","Lrp8","Apoe - Lrp8"
"Apoe","Scarb1","Apoe - Scarb1"
"Apoe","Sorl1","Apoe - Sorl1"
"Apoe","Vldlr","Apoe - Vldlr"
"App","Cav1","App - Cav1"
"App","Cd74","App - Cd74"
"App","Fpr2","App - Fpr2"
"App","Gpc1","App - Gpc1"
"App","Lrp1","App - Lrp1"
"App","Ncstn","App - Ncstn"
"App","Ngfr","App - Ngfr"
"App","Slc45a3","App - Slc45a3"
"App","Tnfrsf21","App - Tnfrsf21"
"Areg","Egfr","Areg - Egfr"
"Areg","Erbb3","Areg - Erbb3"
"Arf1","Chrm3","Arf1 - Chrm3"
"Arf1","Insr","Arf1 - Insr"
"Arf1","Pld2","Arf1 - Pld2"
"Artn","Gfra1","Artn - Gfra1"
"Artn","Gfra3","Artn - Gfra3"
"Artn","Ret","Artn - Ret"
"Avp","Avpr1a","Avp - Avpr1a"
"Avp","Avpr1b","Avp - Avpr1b"
"Avp","Avpr2","Avp - Avpr2"
"Avp","Oxtr","Avp - Oxtr"
"Azgp1","Itgav","Azgp1 - Itgav"
"B2m","Cd247","B2m - Cd247"
"B2m","Cd3d","B2m - Cd3d"
"B2m","Cd3g","B2m - Cd3g"
"B2m","Hfe","B2m - Hfe"
"B2m","Kir3dl1","B2m - Kir3dl1"
"B2m","Klrc1","B2m - Klrc1"
"B2m","Klrd1","B2m - Klrd1"
"B2m","Tfrc","B2m - Tfrc"
"Bc055324","Plscr4","Bc055324 - Plscr4"
"Bcan","Egfr","Bcan - Egfr"
"Bcan","Nrcam","Bcan - Nrcam"
"Bdnf","Ddr1","Bdnf - Ddr1"
"Bdnf","Drd4","Bdnf - Drd4"
"Bdnf","Ngfr","Bdnf - Ngfr"
"Bdnf","Ntrk2","Bdnf - Ntrk2"
"Bdnf","Sort1","Bdnf - Sort1"
"Bgn","Ly96","Bgn - Ly96"
"Bgn","Tlr1","Bgn - Tlr1"
"Bgn","Tlr2","Bgn - Tlr2"
"Bgn","Tlr4","Bgn - Tlr4"
"Bmp10","Acvr1","Bmp10 - Acvr1"
"Bmp10","Acvr2a","Bmp10 - Acvr2a"
"Bmp10","Acvr2b","Bmp10 - Acvr2b"
"Bmp10","Acvrl1","Bmp10 - Acvrl1"
"Bmp10","Bmpr1a","Bmp10 - Bmpr1a"
"Bmp10","Bmpr1b","Bmp10 - Bmpr1b"
"Bmp10","Bmpr2","Bmp10 - Bmpr2"
"Bmp10","Eng","Bmp10 - Eng"
"Bmp15","Acvr1","Bmp15 - Acvr1"
"Bmp15","Acvr2a","Bmp15 - Acvr2a"
"Bmp15","Acvr2b","Bmp15 - Acvr2b"
"Bmp15","Bmpr1a","Bmp15 - Bmpr1a"
"Bmp15","Bmpr1b","Bmp15 - Bmpr1b"
"Bmp15","Bmpr2","Bmp15 - Bmpr2"
"Bmp2","Acvr1","Bmp2 - Acvr1"
"Bmp2","Acvr2a","Bmp2 - Acvr2a"
"Bmp2","Acvr2b","Bmp2 - Acvr2b"
"Bmp2","Bmpr1a","Bmp2 - Bmpr1a"
"Bmp2","Bmpr1b","Bmp2 - Bmpr1b"
"Bmp2","Bmpr2","Bmp2 - Bmpr2"
"Bmp2","Eng","Bmp2 - Eng"
"Bmp2","Hfe2","Bmp2 - Hfe2"
"Bmp3","Acvr1","Bmp3 - Acvr1"
"Bmp3","Acvr2a","Bmp3 - Acvr2a"
"Bmp3","Acvr2b","Bmp3 - Acvr2b"
"Bmp3","Bmpr1a","Bmp3 - Bmpr1a"
"Bmp3","Bmpr1b","Bmp3 - Bmpr1b"
"Bmp3","Bmpr2","Bmp3 - Bmpr2"
"Bmp4","Acvr1","Bmp4 - Acvr1"
"Bmp4","Acvr2a","Bmp4 - Acvr2a"
"Bmp4","Acvr2b","Bmp4 - Acvr2b"
"Bmp4","Bmpr1a","Bmp4 - Bmpr1a"
"Bmp4","Bmpr1b","Bmp4 - Bmpr1b"
"Bmp4","Bmpr2","Bmp4 - Bmpr2"
"Bmp4","Hfe2","Bmp4 - Hfe2"
"Bmp5","Acvr1","Bmp5 - Acvr1"
"Bmp5","Acvr2a","Bmp5 - Acvr2a"
"Bmp5","Acvr2b","Bmp5 - Acvr2b"
"Bmp5","Bmpr1a","Bmp5 - Bmpr1a"
"Bmp5","Bmpr1b","Bmp5 - Bmpr1b"
"Bmp5","Bmpr2","Bmp5 - Bmpr2"
"Bmp5","Hfe2","Bmp5 - Hfe2"
"Bmp6","Acvr1","Bmp6 - Acvr1"
"Bmp6","Acvr2a","Bmp6 - Acvr2a"
"Bmp6","Acvr2b","Bmp6 - Acvr2b"
"Bmp6","Bmpr1a","Bmp6 - Bmpr1a"
"Bmp6","Bmpr1b","Bmp6 - Bmpr1b"
"Bmp6","Bmpr2","Bmp6 - Bmpr2"
"Bmp7","Acvr1","Bmp7 - Acvr1"
"Bmp7","Acvr2a","Bmp7 - Acvr2a"
"Bmp7","Acvr2b","Bmp7 - Acvr2b"
"Bmp7","Bmpr1a","Bmp7 - Bmpr1a"
"Bmp7","Bmpr1b","Bmp7 - Bmpr1b"
"Bmp7","Bmpr2","Bmp7 - Bmpr2"
"Bmp7","Eng","Bmp7 - Eng"
"Bmp8b","Acvr1","Bmp8b - Acvr1"
"Bmp8b","Acvr2a","Bmp8b - Acvr2a"
"Bmp8b","Acvr2b","Bmp8b - Acvr2b"
"Bmp8b","Bmpr1a","Bmp8b - Bmpr1a"
"Bmp8b","Bmpr1b","Bmp8b - Bmpr1b"
"Bmp8b","Bmpr2","Bmp8b - Bmpr2"
"Bst1","Cav1","Bst1 - Cav1"
"Btc","Egfr","Btc - Egfr"
"Btc","Erbb2","Btc - Erbb2"
"Btc","Erbb3","Btc - Erbb3"
"Btc","Erbb4","Btc - Erbb4"
"Btla","Cd247","Btla - Cd247"
"Btla","Cd79a","Btla - Cd79a"
"Btla","Tnfrsf14","Btla - Tnfrsf14"
"Btla","Vtcn1","Btla - Vtcn1"
"C1qa","Cd93","C1qa - Cd93"
"C1qa","Cr2","C1qa - Cr2"
"C1qa","Cspg4","C1qa - Cspg4"
"C1qb","Lrp1","C1qb - Lrp1"
"C1qtnf1","Avpr2","C1qtnf1 - Avpr2"
"C1qtnf5","Mfrp","C1qtnf5 - Mfrp"
"C3","C3ar1","C3 - C3ar1"
"C3","C5ar2","C3 - C5ar2"
"C3","Cd19","C3 - Cd19"
"C3","Cd46","C3 - Cd46"
"C3","Cd81","C3 - Cd81"
"C3","Cr2","C3 - Cr2"
"C3","Ifitm1","C3 - Ifitm1"
"C3","Itgam","C3 - Itgam"
"C3","Itgax","C3 - Itgax"
"C3","Itgb2","C3 - Itgb2"
"C3","Lrp1","C3 - Lrp1"
"C4b","Cd46","C4b - Cd46"
"C4b","Cr2","C4b - Cr2"
"C4bp","Bmpr2","C4bp - Bmpr2"
"C4bp","Cd40","C4bp - Cd40"
"C4bp","Lrp1","C4bp - Lrp1"
"Calca","Calcr","Calca - Calcr"
"Calca","Calcrl","Calca - Calcrl"
"Calca","Ramp1","Calca - Ramp1"
"Calca","Ramp2","Calca - Ramp2"
"Calcb","Calcr","Calcb - Calcr"
"Calcb","Calcrl","Calcb - Calcrl"
"Calcb","Ramp1","Calcb - Ramp1"
"Calm1","Abca1","Calm1 - Abca1"
"Calm1","Adcy8","Calm1 - Adcy8"
"Calm1","Adcyap1r1","Calm1 - Adcyap1r1"
"Calm1","Aqp6","Calm1 - Aqp6"
"Calm1","Cacna1c","Calm1 - Cacna1c"
"Calm1","Calcr","Calm1 - Calcr"
"Calm1","Cnga2","Calm1 - Cnga2"
"Calm1","Crhr1","Calm1 - Crhr1"
"Calm1","Egfr","Calm1 - Egfr"
"Calm1","Fas","Calm1 - Fas"
"Calm1","Glp1r","Calm1 - Glp1r"
"Calm1","Glp2r","Calm1 - Glp2r"
"Calm1","Gp6","Calm1 - Gp6"
"Calm1","Grm3","Calm1 - Grm3"
"Calm1","Grm4","Calm1 - Grm4"
"Calm1","Grm5","Calm1 - Grm5"
"Calm1","Grm7","Calm1 - Grm7"
"Calm1","Hmmr","Calm1 - Hmmr"
"Calm1","Htr2c","Calm1 - Htr2c"
"Calm1","Insr","Calm1 - Insr"
"Calm1","Kcnn4","Calm1 - Kcnn4"
"Calm1","Kcnq1","Calm1 - Kcnq1"
"Calm1","Kcnq3","Calm1 - Kcnq3"
"Calm1","Kcnq5","Calm1 - Kcnq5"
"Calm1","Mip","Calm1 - Mip"
"Calm1","Mylk","Calm1 - Mylk"
"Calm1","Mylk2","Calm1 - Mylk2"
"Calm1","Oprm1","Calm1 - Oprm1"
"Calm1","Pde1a","Calm1 - Pde1a"
"Calm1","Pde1b","Calm1 - Pde1b"
"Calm1","Pde1c","Calm1 - Pde1c"
"Calm1","Plpp6","Calm1 - Plpp6"
"Calm1","Pth2r","Calm1 - Pth2r"
"Calm1","Ptpra","Calm1 - Ptpra"
"Calm1","Scn10a","Calm1 - Scn10a"
"Calm1","Scn4a","Calm1 - Scn4a"
"Calm1","Sctr","Calm1 - Sctr"
"Calm1","Sell","Calm1 - Sell"
"Calm1","Trpc3","Calm1 - Trpc3"
"Calm1","Trpc5","Calm1 - Trpc5"
"Calm1","Vipr1","Calm1 - Vipr1"
"Calm2","Abca1","Calm2 - Abca1"
"Calm2","Adcy8","Calm2 - Adcy8"
"Calm2","Aqp6","Calm2 - Aqp6"
"Calm2","Cacna1c","Calm2 - Cacna1c"
"Calm2","Egfr","Calm2 - Egfr"
"Calm2","Gp6","Calm2 - Gp6"
"Calm2","Grm5","Calm2 - Grm5"
"Calm2","Grm7","Calm2 - Grm7"
"Calm2","Insr","Calm2 - Insr"
"Calm2","Kcnq1","Calm2 - Kcnq1"
"Calm2","Kcnq3","Calm2 - Kcnq3"
"Calm2","Kcnq5","Calm2 - Kcnq5"
"Calm2","Mylk","Calm2 - Mylk"
"Calm2","Mylk2","Calm2 - Mylk2"
"Calm2","Pde1a","Calm2 - Pde1a"
"Calm2","Pde1b","Calm2 - Pde1b"
"Calm2","Pde1c","Calm2 - Pde1c"
"Calm2","Plpp6","Calm2 - Plpp6"
"Calm2","Scn10a","Calm2 - Scn10a"
"Calm2","Scn4a","Calm2 - Scn4a"
"Calm2","Sell","Calm2 - Sell"
"Calm2","Trpc5","Calm2 - Trpc5"
"Calm3","Abca1","Calm3 - Abca1"
"Calm3","Adcy8","Calm3 - Adcy8"
"Calm3","Aqp6","Calm3 - Aqp6"
"Calm3","Egfr","Calm3 - Egfr"
"Calm3","Gp6","Calm3 - Gp6"
"Calm3","Grm5","Calm3 - Grm5"
"Calm3","Grm7","Calm3 - Grm7"
"Calm3","Insr","Calm3 - Insr"
"Calm3","Kcnq1","Calm3 - Kcnq1"
"Calm3","Kcnq3","Calm3 - Kcnq3"
"Calm3","Kcnq5","Calm3 - Kcnq5"
"Calm3","Mylk","Calm3 - Mylk"
"Calm3","Mylk2","Calm3 - Mylk2"
"Calm3","Pde1a","Calm3 - Pde1a"
"Calm3","Pde1b","Calm3 - Pde1b"
"Calm3","Pde1c","Calm3 - Pde1c"
"Calm3","Plpp6","Calm3 - Plpp6"
"Calm3","Scn10a","Calm3 - Scn10a"
"Calm3","Scn4a","Calm3 - Scn4a"
"Calm3","Sell","Calm3 - Sell"
"Calm3","Trpc5","Calm3 - Trpc5"
"Calr","Itga2b","Calr - Itga2b"
"Calr","Itga3","Calr - Itga3"
"Calr","Itgav","Calr - Itgav"
"Calr","Lrp1","Calr - Lrp1"
"Calr","Mtnr1a","Calr - Mtnr1a"
"Calr","Scarf1","Calr - Scarf1"
"Calr","Tshr","Calr - Tshr"
"Camp","Egfr","Camp - Egfr"
"Camp","Fpr2","Camp - Fpr2"
"Camp","Igf1r","Camp - Igf1r"
"Camp","P2rx7","Camp - P2rx7"
"Cck","Cckar","Cck - Cckar"
"Cck","Cckbr","Cck - Cckbr"
"Ccl1","Ccr8","Ccl1 - Ccr8"
"Ccl11","Ackr2","Ccl11 - Ackr2"
"Ccl11","Ackr4","Ccl11 - Ackr4"
"Ccl11","Ccr2","Ccl11 - Ccr2"
"Ccl11","Ccr3","Ccl11 - Ccr3"
"Ccl11","Ccr5","Ccl11 - Ccr5"
"Ccl11","Cxcr3","Ccl11 - Cxcr3"
"Ccl19","Ackr2","Ccl19 - Ackr2"
"Ccl19","Ackr4","Ccl19 - Ackr4"
"Ccl19","Ccr10","Ccl19 - Ccr10"
"Ccl19","Ccr7","Ccl19 - Ccr7"
"Ccl19","Ccrl2","Ccl19 - Ccrl2"
"Ccl19","Cxcr3","Ccl19 - Cxcr3"
"Ccl2","Ackr1","Ccl2 - Ackr1"
"Ccl2","Ackr2","Ccl2 - Ackr2"
"Ccl2","Ackr4","Ccl2 - Ackr4"
"Ccl2","Ccr1","Ccl2 - Ccr1"
"Ccl2","Ccr10","Ccl2 - Ccr10"
"Ccl2","Ccr2","Ccl2 - Ccr2"
"Ccl2","Ccr3","Ccl2 - Ccr3"
"Ccl2","Ccr4","Ccl2 - Ccr4"
"Ccl2","Ccr5","Ccl2 - Ccr5"
"Ccl20","Ccr6","Ccl20 - Ccr6"
"Ccl20","Cxcr3","Ccl20 - Cxcr3"
"Ccl21a","Ackr2","Ccl21a - Ackr2"
"Ccl21a","Ackr4","Ccl21a - Ackr4"
"Ccl21a","Ccr7","Ccl21a - Ccr7"
"Ccl21a","Cxcr3","Ccl21a - Cxcr3"
"Ccl22","Ccr4","Ccl22 - Ccr4"
"Ccl24","Ccr2","Ccl24 - Ccr2"
"Ccl24","Ccr3","Ccl24 - Ccr3"
"Ccl25","Ackr2","Ccl25 - Ackr2"
"Ccl25","Ackr4","Ccl25 - Ackr4"
"Ccl25","Ccr10","Ccl25 - Ccr10"
"Ccl25","Ccr9","Ccl25 - Ccr9"
"Ccl26","Ccr1","Ccl26 - Ccr1"
"Ccl26","Ccr2","Ccl26 - Ccr2"
"Ccl26","Ccr3","Ccl26 - Ccr3"
"Ccl28","Ackr2","Ccl28 - Ackr2"
"Ccl28","Ccr10","Ccl28 - Ccr10"
"Ccl28","Ccr3","Ccl28 - Ccr3"
"Ccl3","Ackr2","Ccl3 - Ackr2"
"Ccl3","Ccr1","Ccl3 - Ccr1"
"Ccl3","Ccr3","Ccl3 - Ccr3"
"Ccl3","Ccr4","Ccl3 - Ccr4"
"Ccl3","Ccr5","Ccl3 - Ccr5"
"Ccl4","Ackr2","Ccl4 - Ackr2"
"Ccl4","Ccr1","Ccl4 - Ccr1"
"Ccl4","Ccr3","Ccl4 - Ccr3"
"Ccl4","Ccr5","Ccl4 - Ccr5"
"Ccl4","Ccr8","Ccl4 - Ccr8"
"Ccl5","Ackr1","Ccl5 - Ackr1"
"Ccl5","Ackr2","Ccl5 - Ackr2"
"Ccl5","Ackr4","Ccl5 - Ackr4"
"Ccl5","Ccr1","Ccl5 - Ccr1"
"Ccl5","Ccr3","Ccl5 - Ccr3"
"Ccl5","Ccr4","Ccl5 - Ccr4"
"Ccl5","Ccr5","Ccl5 - Ccr5"
"Ccl5","Cxcr3","Ccl5 - Cxcr3"
"Ccl5","Gpr75","Ccl5 - Gpr75"
"Ccl5","Sdc1","Ccl5 - Sdc1"
"Ccl5","Sdc4","Ccl5 - Sdc4"
"Ccl7","Ackr1","Ccl7 - Ackr1"
"Ccl7","Ackr2","Ccl7 - Ackr2"
"Ccl7","Ackr4","Ccl7 - Ackr4"
"Ccl7","Ccr1","Ccl7 - Ccr1"
"Ccl7","Ccr10","Ccl7 - Ccr10"
"Ccl7","Ccr2","Ccl7 - Ccr2"
"Ccl7","Ccr3","Ccl7 - Ccr3"
"Ccl7","Ccr5","Ccl7 - Ccr5"
"Ccl7","Cxcr3","Ccl7 - Cxcr3"
"Ccl8","Ackr1","Ccl8 - Ackr1"
"Ccl8","Ackr2","Ccl8 - Ackr2"
"Ccl8","Ackr4","Ccl8 - Ackr4"
"Ccl8","Ccr1","Ccl8 - Ccr1"
"Ccl8","Ccr2","Ccl8 - Ccr2"
"Ccl8","Ccr3","Ccl8 - Ccr3"
"Ccl8","Ccr5","Ccl8 - Ccr5"
"Cd14","Itga4","Cd14 - Itga4"
"Cd14","Itgb1","Cd14 - Itgb1"
"Cd24a","Selp","Cd24a - Selp"
"Cd34","Sell","Cd34 - Sell"
"Cd34","Selp","Cd34 - Selp"
"Cd40lg","Cd40","Cd40lg - Cd40"
"Cd40lg","Itgam","Cd40lg - Itgam"
"Cd40lg","Itgb2","Cd40lg - Itgb2"
"Cd40lg","Traf3","Cd40lg - Traf3"
"Cd55","Adgre5","Cd55 - Adgre5"
"Cd55","Cr2","Cd55 - Cr2"
"Cd5l","Cd5","Cd5l - Cd5"
"Cd70","Cd27","Cd70 - Cd27"
"Cdh1","Cdh2","Cdh1 - Cdh2"
"Cdh1","Egfr","Cdh1 - Egfr"
"Cdh1","Erbb3","Cdh1 - Erbb3"
"Cdh1","Igf1r","Cdh1 - Igf1r"
"Cdh1","Itgae","Cdh1 - Itgae"
"Cdh1","Itgb7","Cdh1 - Itgb7"
"Cdh1","Klrg1","Cdh1 - Klrg1"
"Cdh1","Lrp5","Cdh1 - Lrp5"
"Cdh1","Ptprf","Cdh1 - Ptprf"
"Cdh1","Ptprm","Cdh1 - Ptprm"
"Cel","Cxcr4","Cel - Cxcr4"
"Cela3b","Chrm3","Cela3b - Chrm3"
"Cfh","Itgam","Cfh - Itgam"
"Cfh","Sell","Cfh - Sell"
"Cga","Fshr","Cga - Fshr"
"Cga","Lhcgr","Cga - Lhcgr"
"Cga","Sirpa","Cga - Sirpa"
"Cga","Tshr","Cga - Tshr"
"Cgn","F11r","Cgn - F11r"
"Cgn","Ocln","Cgn - Ocln"
"Cgn","Tgfbr1","Cgn - Tgfbr1"
"Cgn","Tgfbr2","Cgn - Tgfbr2"
"Chad","Itga2","Chad - Itga2"
"Chad","Itgb1","Chad - Itgb1"
"Clcf1","Cntfr","Clcf1 - Cntfr"
"Clcf1","Crlf1","Clcf1 - Crlf1"
"Clcf1","Il6st","Clcf1 - Il6st"
"Clcf1","Lifr","Clcf1 - Lifr"
"Clec11a","Kit","Clec11a - Kit"
"Clec3a","Clec10a","Clec3a - Clec10a"
"Cntf","Cntfr","Cntf - Cntfr"
"Cntf","Il6ra","Cntf - Il6ra"
"Cntf","Il6st","Cntf - Il6st"
"Cntf","Lifr","Cntf - Lifr"
"Cntn2","Cntn1","Cntn2 - Cntn1"
"Cntn2","Cntnap2","Cntn2 - Cntnap2"
"Cntn2","Nrcam","Cntn2 - Nrcam"
"Cntn2","Nrp1","Cntn2 - Nrp1"
"Cntn4","Ptprg","Cntn4 - Ptprg"
"Col11a1","Ddr1","Col11a1 - Ddr1"
"Col11a1","Itga2","Col11a1 - Itga2"
"Col11a1","Itgb1","Col11a1 - Itgb1"
"Col14a1","Cd44","Col14a1 - Cd44"
"Col18a1","Gpc1","Col18a1 - Gpc1"
"Col18a1","Gpc4","Col18a1 - Gpc4"
"Col18a1","Itga5","Col18a1 - Itga5"
"Col18a1","Itgb1","Col18a1 - Itgb1"
"Col18a1","Kdr","Col18a1 - Kdr"
"Col1a1","Cd36","Col1a1 - Cd36"
"Col1a1","Cd44","Col1a1 - Cd44"
"Col1a1","Cd93","Col1a1 - Cd93"
"Col1a1","Ddr1","Col1a1 - Ddr1"
"Col1a1","Ddr2","Col1a1 - Ddr2"
"Col1a1","Flt4","Col1a1 - Flt4"
"Col1a1","Itga1","Col1a1 - Itga1"
"Col1a1","Itga11","Col1a1 - Itga11"
"Col1a1","Itga2","Col1a1 - Itga2"
"Col1a1","Itga5","Col1a1 - Itga5"
"Col1a1","Itgav","Col1a1 - Itgav"
"Col1a1","Itgb1","Col1a1 - Itgb1"
"Col1a1","Tmprss6","Col1a1 - Tmprss6"
"Col1a2","Cd36","Col1a2 - Cd36"
"Col1a2","Cd44","Col1a2 - Cd44"
"Col1a2","Cd93","Col1a2 - Cd93"
"Col1a2","Flt4","Col1a2 - Flt4"
"Col1a2","Itga1","Col1a2 - Itga1"
"Col1a2","Itga11","Col1a2 - Itga11"
"Col1a2","Itga2","Col1a2 - Itga2"
"Col1a2","Itga2b","Col1a2 - Itga2b"
"Col1a2","Itgav","Col1a2 - Itgav"
"Col1a2","Itgb1","Col1a2 - Itgb1"
"Col1a2","Itgb3","Col1a2 - Itgb3"
"Col2a1","Ddr1","Col2a1 - Ddr1"
"Col2a1","Itga1","Col2a1 - Itga1"
"Col2a1","Itga10","Col2a1 - Itga10"
"Col2a1","Itga2","Col2a1 - Itga2"
"Col2a1","Itga2b","Col2a1 - Itga2b"
"Col2a1","Itgb1","Col2a1 - Itgb1"
"Col2a1","Mag","Col2a1 - Mag"
"Col3a1","Ddr1","Col3a1 - Ddr1"
"Col3a1","Ddr2","Col3a1 - Ddr2"
"Col3a1","Itga2","Col3a1 - Itga2"
"Col3a1","Itgb1","Col3a1 - Itgb1"
"Col3a1","Mag","Col3a1 - Mag"
"Col4a1","Cd47","Col4a1 - Cd47"
"Col4a1","Cd93","Col4a1 - Cd93"
"Col4a1","Itga1","Col4a1 - Itga1"
"Col4a1","Itga2","Col4a1 - Itga2"
"Col4a1","Itgav","Col4a1 - Itgav"
"Col4a1","Itgb1","Col4a1 - Itgb1"
"Col4a1","Itgb8","Col4a1 - Itgb8"
"Col4a2","Cd93","Col4a2 - Cd93"
"Col4a3","Cd47","Col4a3 - Cd47"
"Col4a3","Cd93","Col4a3 - Cd93"
"Col4a3","Itga1","Col4a3 - Itga1"
"Col4a3","Itga2","Col4a3 - Itga2"
"Col4a3","Itgav","Col4a3 - Itgav"
"Col4a3","Itgb1","Col4a3 - Itgb1"
"Col4a4","Cd47","Col4a4 - Cd47"
"Col4a4","Cd93","Col4a4 - Cd93"
"Col4a4","Itga1","Col4a4 - Itga1"
"Col4a4","Itga2","Col4a4 - Itga2"
"Col4a4","Itgav","Col4a4 - Itgav"
"Col4a4","Itgb1","Col4a4 - Itgb1"
"Col4a5","Cd47","Col4a5 - Cd47"
"Col4a5","Cd93","Col4a5 - Cd93"
"Col4a5","Itga1","Col4a5 - Itga1"
"Col4a5","Itga2","Col4a5 - Itga2"
"Col4a5","Itgav","Col4a5 - Itgav"
"Col4a5","Itgb1","Col4a5 - Itgb1"
"Col4a6","Cd47","Col4a6 - Cd47"
"Col4a6","Cd93","Col4a6 - Cd93"
"Col4a6","Itga1","Col4a6 - Itga1"
"Col4a6","Itga2","Col4a6 - Itga2"
"Col4a6","Itgav","Col4a6 - Itgav"
"Col4a6","Itgb1","Col4a6 - Itgb1"
"Col5a1","Itga1","Col5a1 - Itga1"
"Col5a1","Itgb1","Col5a1 - Itgb1"
"Col5a1","Sdc3","Col5a1 - Sdc3"
"Col5a2","Ddr1","Col5a2 - Ddr1"
"Col5a2","Itga1","Col5a2 - Itga1"
"Col5a2","Itgb1","Col5a2 - Itgb1"
"Col5a3","Sdc3","Col5a3 - Sdc3"
"Col6a1","Itga1","Col6a1 - Itga1"
"Col6a1","Itga2","Col6a1 - Itga2"
"Col6a1","Itga6","Col6a1 - Itga6"
"Col6a1","Itgb1","Col6a1 - Itgb1"
"Col6a2","Itga1","Col6a2 - Itga1"
"Col6a2","Itga2","Col6a2 - Itga2"
"Col6a2","Itgb1","Col6a2 - Itgb1"
"Col6a3","Itga1","Col6a3 - Itga1"
"Col6a3","Itga2","Col6a3 - Itga2"
"Col6a3","Itgb1","Col6a3 - Itgb1"
"Col7a1","Itga2","Col7a1 - Itga2"
"Col7a1","Itgb1","Col7a1 - Itgb1"
"Col8a1","Itga1","Col8a1 - Itga1"
"Col8a1","Itga2","Col8a1 - Itga2"
"Col9a1","Mag","Col9a1 - Mag"
"Col9a2","Mag","Col9a2 - Mag"
"Col9a3","Mag","Col9a3 - Mag"
"Colq","Musk","Colq - Musk"
"Cort","Ghsr","Cort - Ghsr"
"Cort","Mrgprx2","Cort - Mrgprx2"
"Cort","Sstr1","Cort - Sstr1"
"Cort","Sstr2","Cort - Sstr2"
"Cort","Sstr3","Cort - Sstr3"
"Cort","Sstr4","Cort - Sstr4"
"Cort","Sstr5","Cort - Sstr5"
"Cp","Slc40a1","Cp - Slc40a1"
"Crh","Crhr1","Crh - Crhr1"
"Crh","Crhr2","Crh - Crhr2"
"Crh","Mc2r","Crh - Mc2r"
"Crp","Olr1","Crp - Olr1"
"Csf1","Csf1r","Csf1 - Csf1r"
"Csf2","Csf1r","Csf2 - Csf1r"
"Csf2","Csf2ra","Csf2 - Csf2ra"
"Csf2","Csf2rb","Csf2 - Csf2rb"
"Csf2","Csf3r","Csf2 - Csf3r"
"Csf2","Il3ra","Csf2 - Il3ra"
"Csf2","Itga9","Csf2 - Itga9"
"Csf2","Itgb1","Csf2 - Itgb1"
"Csf2","Sdc2","Csf2 - Sdc2"
"Csf3","Csf1r","Csf3 - Csf1r"
"Csf3","Csf3r","Csf3 - Csf3r"
"Ctf1","Il6st","Ctf1 - Il6st"
"Ctf1","Lifr","Ctf1 - Lifr"
"Ctgf","Erbb4","Ctgf - Erbb4"
"Ctgf","Itga5","Ctgf - Itga5"
"Ctgf","Itgam","Ctgf - Itgam"
"Ctgf","Itgb2","Ctgf - Itgb2"
"Ctgf","Lrp1","Ctgf - Lrp1"
"Ctgf","Lrp6","Ctgf - Lrp6"
"Ctgf","Ntrk1","Ctgf - Ntrk1"
"Cthrc1","Fzd3","Cthrc1 - Fzd3"
"Cthrc1","Fzd5","Cthrc1 - Fzd5"
"Cthrc1","Fzd6","Cthrc1 - Fzd6"
"Cubn","Lrp2","Cubn - Lrp2"
"Cx3cl1","Cx3cr1","Cx3cl1 - Cx3cr1"
"Cxcl1","Ackr1","Cxcl1 - Ackr1"
"Cxcl1","Cxcr1","Cxcl1 - Cxcr1"
"Cxcl1","Cxcr2","Cxcl1 - Cxcr2"
"Cxcl10","Ccr3","Cxcl10 - Ccr3"
"Cxcl10","Cxcr3","Cxcl10 - Cxcr3"
"Cxcl10","Sdc4","Cxcl10 - Sdc4"
"Cxcl12","Ackr3","Cxcl12 - Ackr3"
"Cxcl12","Ccr4","Cxcl12 - Ccr4"
"Cxcl12","Cd4","Cxcl12 - Cd4"
"Cxcl12","Cxcr3","Cxcl12 - Cxcr3"
"Cxcl12","Cxcr4","Cxcl12 - Cxcr4"
"Cxcl12","Itgb1","Cxcl12 - Itgb1"
"Cxcl12","Sdc4","Cxcl12 - Sdc4"
"Cxcl13","Ackr4","Cxcl13 - Ackr4"
"Cxcl13","Ccr10","Cxcl13 - Ccr10"
"Cxcl13","Cxcr3","Cxcl13 - Cxcr3"
"Cxcl13","Cxcr5","Cxcl13 - Cxcr5"
"Cxcl13","Htr2a","Cxcl13 - Htr2a"
"Cxcl13","Oprd1","Cxcl13 - Oprd1"
"Cxcl15","Ackr1","Cxcl15 - Ackr1"
"Cxcl15","Cd79a","Cxcl15 - Cd79a"
"Cxcl15","Cxcr1","Cxcl15 - Cxcr1"
"Cxcl15","Cxcr2","Cxcl15 - Cxcr2"
"Cxcl15","Kdr","Cxcl15 - Kdr"
"Cxcl15","Sdc1","Cxcl15 - Sdc1"
"Cxcl15","Sdc2","Cxcl15 - Sdc2"
"Cxcl15","Sdc3","Cxcl15 - Sdc3"
"Cxcl16","Cxcr6","Cxcl16 - Cxcr6"
"Cxcl2","Cxcr1","Cxcl2 - Cxcr1"
"Cxcl2","Cxcr2","Cxcl2 - Cxcr2"
"Cxcl2","Xcr1","Cxcl2 - Xcr1"
"Cxcl3","Cxcr1","Cxcl3 - Cxcr1"
"Cxcl3","Cxcr2","Cxcl3 - Cxcr2"
"Cxcl5","Ackr1","Cxcl5 - Ackr1"
"Cxcl5","Cxcr1","Cxcl5 - Cxcr1"
"Cxcl5","Cxcr2","Cxcl5 - Cxcr2"
"Cxcl9","Ccr3","Cxcl9 - Ccr3"
"Cxcl9","Cxcr3","Cxcl9 - Cxcr3"
"Cyr61","Cav1","Cyr61 - Cav1"
"Cyr61","Itga5","Cyr61 - Itga5"
"Cyr61","Itgam","Cyr61 - Itgam"
"Cyr61","Itgav","Cyr61 - Itgav"
"Cyr61","Itgb2","Cyr61 - Itgb2"
"Cyr61","Itgb3","Cyr61 - Itgb3"
"Cyr61","Itgb5","Cyr61 - Itgb5"
"Dcn","Egfr","Dcn - Egfr"
"Dcn","Erbb4","Dcn - Erbb4"
"Dcn","Met","Dcn - Met"
"Defb1","Ccr6","Defb1 - Ccr6"
"Defb10","Ccr2","Defb10 - Ccr2"
"Defb10","Ccr6","Defb10 - Ccr6"
"Defb4","Ccr6","Defb4 - Ccr6"
"Defb4","Tlr4","Defb4 - Tlr4"
"Defb7","Ccr6","Defb7 - Ccr6"
"Dhh","Boc","Dhh - Boc"
"Dhh","Cdon","Dhh - Cdon"
"Dhh","Hhip","Dhh - Hhip"
"Dhh","Ptch1","Dhh - Ptch1"
"Dhh","Ptch2","Dhh - Ptch2"
"Dkk1","Kremen1","Dkk1 - Kremen1"
"Dkk1","Kremen2","Dkk1 - Kremen2"
"Dkk1","Lrp5","Dkk1 - Lrp5"
"Dkk1","Lrp6","Dkk1 - Lrp6"
"Dkk2","Kremen2","Dkk2 - Kremen2"
"Dkk2","Lrp6","Dkk2 - Lrp6"
"Dlk1","Notch1","Dlk1 - Notch1"
"Dlk1","Notch2","Dlk1 - Notch2"
"Dlk1","Notch3","Dlk1 - Notch3"
"Dlk1","Notch4","Dlk1 - Notch4"
"Dlk2","Notch1","Dlk2 - Notch1"
"Dll1","Notch1","Dll1 - Notch1"
"Dll1","Notch2","Dll1 - Notch2"
"Dll1","Notch3","Dll1 - Notch3"
"Dll1","Notch4","Dll1 - Notch4"
"Dll3","Notch1","Dll3 - Notch1"
"Dll3","Notch2","Dll3 - Notch2"
"Dll3","Notch3","Dll3 - Notch3"
"Dll3","Notch4","Dll3 - Notch4"
"Dll4","Notch1","Dll4 - Notch1"
"Dll4","Notch2","Dll4 - Notch2"
"Dll4","Notch3","Dll4 - Notch3"
"Dll4","Notch4","Dll4 - Notch4"
"Dscam","Dcc","Dscam - Dcc"
"Dusp18","Cd151","Dusp18 - Cd151"
"Dusp18","Itga1","Dusp18 - Itga1"
"Dusp18","Itga2","Dusp18 - Itga2"
"Dusp18","Itga3","Dusp18 - Itga3"
"Dusp18","Itga6","Dusp18 - Itga6"
"Dusp18","Itga7","Dusp18 - Itga7"
"Dusp18","Itgb1","Dusp18 - Itgb1"
"Dusp18","Itgb4","Dusp18 - Itgb4"
"Dusp18","Rpsa","Dusp18 - Rpsa"
"Ebi3","Il27ra","Ebi3 - Il27ra"
"Ebi3","Il6st","Ebi3 - Il6st"
"Ecm1","Cachd1","Ecm1 - Cachd1"
"Eda","Eda2r","Eda - Eda2r"
"Eda","Edar","Eda - Edar"
"Edil3","Itgav","Edil3 - Itgav"
"Edil3","Itgb5","Edil3 - Itgb5"
"Edn1","Adgrl4","Edn1 - Adgrl4"
"Edn1","Ednra","Edn1 - Ednra"
"Edn1","Ednrb","Edn1 - Ednrb"
"Edn1","Kel","Edn1 - Kel"
"Edn2","Ednra","Edn2 - Ednra"
"Edn2","Ednrb","Edn2 - Ednrb"
"Edn2","Kel","Edn2 - Kel"
"Edn3","Ednra","Edn3 - Ednra"
"Edn3","Ednrb","Edn3 - Ednrb"
"Edn3","Kel","Edn3 - Kel"
"Efemp1","Egfr","Efemp1 - Egfr"
"Efemp2","Aqp1","Efemp2 - Aqp1"
"Efemp2","Catsper1","Efemp2 - Catsper1"
"Efemp2","Lingo1","Efemp2 - Lingo1"
"Efemp2","Plscr4","Efemp2 - Plscr4"
"Efna1","Epha1","Efna1 - Epha1"
"Efna1","Epha2","Efna1 - Epha2"
"Efna1","Epha3","Efna1 - Epha3"
"Efna1","Epha4","Efna1 - Epha4"
"Efna1","Epha5","Efna1 - Epha5"
"Efna1","Epha6","Efna1 - Epha6"
"Efna1","Epha7","Efna1 - Epha7"
"Efna1","Epha8","Efna1 - Epha8"
"Efna1","Ephb1","Efna1 - Ephb1"
"Efna1","Ephb6","Efna1 - Ephb6"
"Efna2","Epha1","Efna2 - Epha1"
"Efna2","Epha2","Efna2 - Epha2"
"Efna2","Epha3","Efna2 - Epha3"
"Efna2","Epha4","Efna2 - Epha4"
"Efna2","Epha5","Efna2 - Epha5"
"Efna2","Epha6","Efna2 - Epha6"
"Efna2","Epha7","Efna2 - Epha7"
"Efna2","Epha8","Efna2 - Epha8"
"Efna3","Epha1","Efna3 - Epha1"
"Efna3","Epha2","Efna3 - Epha2"
"Efna3","Epha3","Efna3 - Epha3"
"Efna3","Epha4","Efna3 - Epha4"
"Efna3","Epha5","Efna3 - Epha5"
"Efna3","Epha6","Efna3 - Epha6"
"Efna3","Epha7","Efna3 - Epha7"
"Efna3","Epha8","Efna3 - Epha8"
"Efna3","Ephb1","Efna3 - Ephb1"
"Efna3","Ephb6","Efna3 - Ephb6"
"Efna4","Epha1","Efna4 - Epha1"
"Efna4","Epha2","Efna4 - Epha2"
"Efna4","Epha3","Efna4 - Epha3"
"Efna4","Epha4","Efna4 - Epha4"
"Efna4","Epha5","Efna4 - Epha5"
"Efna4","Epha6","Efna4 - Epha6"
"Efna4","Epha7","Efna4 - Epha7"
"Efna4","Epha8","Efna4 - Epha8"
"Efna5","Epha1","Efna5 - Epha1"
"Efna5","Epha2","Efna5 - Epha2"
"Efna5","Epha3","Efna5 - Epha3"
"Efna5","Epha4","Efna5 - Epha4"
"Efna5","Epha5","Efna5 - Epha5"
"Efna5","Epha6","Efna5 - Epha6"
"Efna5","Epha7","Efna5 - Epha7"
"Efna5","Epha8","Efna5 - Epha8"
"Efna5","Ephb1","Efna5 - Ephb1"
"Efna5","Ephb2","Efna5 - Ephb2"
"Efna5","Ephb6","Efna5 - Ephb6"
"Efnb1","Epha4","Efnb1 - Epha4"
"Efnb1","Epha6","Efnb1 - Epha6"
"Efnb1","Ephb1","Efnb1 - Ephb1"
"Efnb1","Ephb2","Efnb1 - Ephb2"
"Efnb1","Ephb3","Efnb1 - Ephb3"
"Efnb1","Ephb4","Efnb1 - Ephb4"
"Efnb1","Ephb6","Efnb1 - Ephb6"
"Efnb1","Erbb2","Efnb1 - Erbb2"
"Efnb2","Epha3","Efnb2 - Epha3"
"Efnb2","Epha4","Efnb2 - Epha4"
"Efnb2","Epha6","Efnb2 - Epha6"
"Efnb2","Ephb1","Efnb2 - Ephb1"
"Efnb2","Ephb2","Efnb2 - Ephb2"
"Efnb2","Ephb3","Efnb2 - Ephb3"
"Efnb2","Ephb4","Efnb2 - Ephb4"
"Efnb2","Ephb6","Efnb2 - Ephb6"
"Efnb2","Grm1","Efnb2 - Grm1"
"Efnb2","Grm5","Efnb2 - Grm5"
"Efnb2","Pecam1","Efnb2 - Pecam1"
"Efnb2","Rhbdl2","Efnb2 - Rhbdl2"
"Efnb3","Epha4","Efnb3 - Epha4"
"Efnb3","Ephb1","Efnb3 - Ephb1"
"Efnb3","Ephb2","Efnb3 - Ephb2"
"Efnb3","Ephb3","Efnb3 - Ephb3"
"Efnb3","Ephb4","Efnb3 - Ephb4"
"Efnb3","Ephb6","Efnb3 - Ephb6"
"Efnb3","Rhbdl2","Efnb3 - Rhbdl2"
"Egf","Cav1","Egf - Cav1"
"Egf","Egfr","Egf - Egfr"
"Egf","Erbb2","Egf - Erbb2"
"Egf","Erbb3","Egf - Erbb3"
"Egf","Erbb4","Egf - Erbb4"
"Egf","Fshr","Egf - Fshr"
"Epgn","Egfr","Epgn - Egfr"
"Epo","Epor","Epo - Epor"
"Ereg","Egfr","Ereg - Egfr"
"Ereg","Erbb2","Ereg - Erbb2"
"Ereg","Erbb3","Ereg - Erbb3"
"Ereg","Erbb4","Ereg - Erbb4"
"F10","F3","F10 - F3"
"F10","Itgam","F10 - Itgam"
"F10","Itgb2","F10 - Itgb2"
"F11","Gp1ba","F11 - Gp1ba"
"F12","Cd93","F12 - Cd93"
"F12","Gp1ba","F12 - Gp1ba"
"F13a1","Itga4","F13a1 - Itga4"
"F13a1","Itga9","F13a1 - Itga9"
"F13a1","Itgb1","F13a1 - Itgb1"
"F2","F2r","F2 - F2r"
"F2","F2rl1","F2 - F2rl1"
"F2","F2rl2","F2 - F2rl2"
"F2","F2rl3","F2 - F2rl3"
"F2","Gp1ba","F2 - Gp1ba"
"F2","Gp1bb","F2 - Gp1bb"
"F2","Gp9","F2 - Gp9"
"F2","Itga2b","F2 - Itga2b"
"F2","Thbd","F2 - Thbd"
"F7","F3","F7 - F3"
"F8","Asgr2","F8 - Asgr2"
"F8","Ldlr","F8 - Ldlr"
"F8","Lrp1","F8 - Lrp1"
"F9","Lrp1","F9 - Lrp1"
"Farp2","Plxna1","Farp2 - Plxna1"
"Farp2","Plxna2","Farp2 - Plxna2"
"Farp2","Plxna3","Farp2 - Plxna3"
"Farp2","Plxna4","Farp2 - Plxna4"
"Fasl","Fas","Fasl - Fas"
"Fasl","Tnfrsf1a","Fasl - Tnfrsf1a"
"Fat4","Dchs1","Fat4 - Dchs1"
"Fbln1","Itgb1","Fbln1 - Itgb1"
"Fbln2","Itgb3","Fbln2 - Itgb3"
"Fbn1","Itga5","Fbn1 - Itga5"
"Fbn1","Itgav","Fbn1 - Itgav"
"Fbn1","Itgb1","Fbn1 - Itgb1"
"Fbn1","Itgb3","Fbn1 - Itgb3"
"Fbn1","Itgb6","Fbn1 - Itgb6"
"Fcnb","Lrp1","Fcnb - Lrp1"
"Fga","Cdh5","Fga - Cdh5"
"Fga","Itga2b","Fga - Itga2b"
"Fga","Itga5","Fga - Itga5"
"Fga","Itgad","Fga - Itgad"
"Fga","Itgam","Fga - Itgam"
"Fga","Itgav","Fga - Itgav"
"Fga","Itgax","Fga - Itgax"
"Fga","Itgb1","Fga - Itgb1"
"Fga","Itgb2","Fga - Itgb2"
"Fga","Itgb3","Fga - Itgb3"
"Fga","Plaur","Fga - Plaur"
"Fgb","Itga2b","Fgb - Itga2b"
"Fgb","Itga5","Fgb - Itga5"
"Fgb","Itgam","Fgb - Itgam"
"Fgb","Itgav","Fgb - Itgav"
"Fgb","Itgb1","Fgb - Itgb1"
"Fgb","Itgb2","Fgb - Itgb2"
"Fgf1","Cd44","Fgf1 - Cd44"
"Fgf1","Egfr","Fgf1 - Egfr"
"Fgf1","Fgfr1","Fgf1 - Fgfr1"
"Fgf1","Fgfr2","Fgf1 - Fgfr2"
"Fgf1","Fgfr3","Fgf1 - Fgfr3"
"Fgf1","Fgfr4","Fgf1 - Fgfr4"
"Fgf1","Fgfrl1","Fgf1 - Fgfrl1"
"Fgf1","Nrp1","Fgf1 - Nrp1"
"Fgf10","Fgfr1","Fgf10 - Fgfr1"
"Fgf10","Fgfr2","Fgf10 - Fgfr2"
"Fgf10","Fgfr3","Fgf10 - Fgfr3"
"Fgf10","Fgfr4","Fgf10 - Fgfr4"
"Fgf11","Fgfr1","Fgf11 - Fgfr1"
"Fgf11","Fgfr2","Fgf11 - Fgfr2"
"Fgf11","Fgfr3","Fgf11 - Fgfr3"
"Fgf11","Fgfr4","Fgf11 - Fgfr4"
"Fgf12","Fgfr1","Fgf12 - Fgfr1"
"Fgf12","Fgfr2","Fgf12 - Fgfr2"
"Fgf12","Fgfr3","Fgf12 - Fgfr3"
"Fgf12","Fgfr4","Fgf12 - Fgfr4"
"Fgf13","Egfr","Fgf13 - Egfr"
"Fgf13","Fgfr1","Fgf13 - Fgfr1"
"Fgf13","Fgfr2","Fgf13 - Fgfr2"
"Fgf13","Fgfr3","Fgf13 - Fgfr3"
"Fgf13","Fgfr4","Fgf13 - Fgfr4"
"Fgf13","Scn5a","Fgf13 - Scn5a"
"Fgf13","Scn8a","Fgf13 - Scn8a"
"Fgf14","Fgfr1","Fgf14 - Fgfr1"
"Fgf14","Fgfr2","Fgf14 - Fgfr2"
"Fgf14","Fgfr3","Fgf14 - Fgfr3"
"Fgf14","Fgfr4","Fgf14 - Fgfr4"
"Fgf15","Fgfr1","Fgf15 - Fgfr1"
"Fgf15","Fgfr2","Fgf15 - Fgfr2"
"Fgf15","Fgfr3","Fgf15 - Fgfr3"
"Fgf15","Fgfr4","Fgf15 - Fgfr4"
"Fgf15","Klb","Fgf15 - Klb"
"Fgf16","Fgfr1","Fgf16 - Fgfr1"
"Fgf16","Fgfr2","Fgf16 - Fgfr2"
"Fgf16","Fgfr3","Fgf16 - Fgfr3"
"Fgf16","Fgfr4","Fgf16 - Fgfr4"
"Fgf17","Fgfr1","Fgf17 - Fgfr1"
"Fgf17","Fgfr2","Fgf17 - Fgfr2"
"Fgf17","Fgfr3","Fgf17 - Fgfr3"
"Fgf17","Fgfr4","Fgf17 - Fgfr4"
"Fgf18","Fgfr1","Fgf18 - Fgfr1"
"Fgf18","Fgfr2","Fgf18 - Fgfr2"
"Fgf18","Fgfr3","Fgf18 - Fgfr3"
"Fgf18","Fgfr4","Fgf18 - Fgfr4"
"Fgf2","Cd44","Fgf2 - Cd44"
"Fgf2","Fgfr1","Fgf2 - Fgfr1"
"Fgf2","Fgfr2","Fgf2 - Fgfr2"
"Fgf2","Fgfr3","Fgf2 - Fgfr3"
"Fgf2","Fgfr4","Fgf2 - Fgfr4"
"Fgf2","Fgfrl1","Fgf2 - Fgfrl1"
"Fgf2","Gpc4","Fgf2 - Gpc4"
"Fgf2","Nrp1","Fgf2 - Nrp1"
"Fgf2","Sdc1","Fgf2 - Sdc1"
"Fgf2","Sdc2","Fgf2 - Sdc2"
"Fgf2","Sdc3","Fgf2 - Sdc3"
"Fgf2","Sdc4","Fgf2 - Sdc4"
"Fgf20","Fgfr4","Fgf20 - Fgfr4"
"Fgf21","Fgfr2","Fgf21 - Fgfr2"
"Fgf21","Fgfr4","Fgf21 - Fgfr4"
"Fgf22","Fgfr2","Fgf22 - Fgfr2"
"Fgf23","Fgfr1","Fgf23 - Fgfr1"
"Fgf23","Fgfr2","Fgf23 - Fgfr2"
"Fgf23","Fgfr3","Fgf23 - Fgfr3"
"Fgf23","Fgfr4","Fgf23 - Fgfr4"
"Fgf23","Phex","Fgf23 - Phex"
"Fgf3","Fgfr1","Fgf3 - Fgfr1"
"Fgf3","Fgfr2","Fgf3 - Fgfr2"
"Fgf3","Fgfr3","Fgf3 - Fgfr3"
"Fgf3","Fgfr4","Fgf3 - Fgfr4"
"Fgf4","Fgfr1","Fgf4 - Fgfr1"
"Fgf4","Fgfr2","Fgf4 - Fgfr2"
"Fgf4","Fgfr3","Fgf4 - Fgfr3"
"Fgf4","Fgfr4","Fgf4 - Fgfr4"
"Fgf4","Nrp1","Fgf4 - Nrp1"
"Fgf5","Fgfr1","Fgf5 - Fgfr1"
"Fgf5","Fgfr2","Fgf5 - Fgfr2"
"Fgf5","Fgfr3","Fgf5 - Fgfr3"
"Fgf5","Fgfr4","Fgf5 - Fgfr4"
"Fgf6","Fgfr1","Fgf6 - Fgfr1"
"Fgf6","Fgfr2","Fgf6 - Fgfr2"
"Fgf6","Fgfr3","Fgf6 - Fgfr3"
"Fgf6","Fgfr4","Fgf6 - Fgfr4"
"Fgf6","Sdc4","Fgf6 - Sdc4"
"Fgf7","Fgfr1","Fgf7 - Fgfr1"
"Fgf7","Fgfr2","Fgf7 - Fgfr2"
"Fgf7","Fgfr3","Fgf7 - Fgfr3"
"Fgf7","Fgfr4","Fgf7 - Fgfr4"
"Fgf7","Nrp1","Fgf7 - Nrp1"
"Fgf8","Fgfr1","Fgf8 - Fgfr1"
"Fgf8","Fgfr2","Fgf8 - Fgfr2"
"Fgf8","Fgfr3","Fgf8 - Fgfr3"
"Fgf8","Fgfr4","Fgf8 - Fgfr4"
"Fgf9","Fgfr1","Fgf9 - Fgfr1"
"Fgf9","Fgfr2","Fgf9 - Fgfr2"
"Fgf9","Fgfr3","Fgf9 - Fgfr3"
"Fgf9","Fgfr4","Fgf9 - Fgfr4"
"Fgg","Itga2b","Fgg - Itga2b"
"Fgg","Itga5","Fgg - Itga5"
"Fgg","Itgav","Fgg - Itgav"
"Fgg","Itgb1","Fgg - Itgb1"
"Fgg","Itgb2","Fgg - Itgb2"
"Fgl1","Egfr","Fgl1 - Egfr"
"Flt3l","Flt3","Flt3l - Flt3"
"Fn1","C5ar1","Fn1 - C5ar1"
"Fn1","Cd44","Fn1 - Cd44"
"Fn1","Cd79a","Fn1 - Cd79a"
"Fn1","Col13a1","Fn1 - Col13a1"
"Fn1","Flt4","Fn1 - Flt4"
"Fn1","Il17rc","Fn1 - Il17rc"
"Fn1","Itga2","Fn1 - Itga2"
"Fn1","Itga2b","Fn1 - Itga2b"
"Fn1","Itga3","Fn1 - Itga3"
"Fn1","Itga4","Fn1 - Itga4"
"Fn1","Itga5","Fn1 - Itga5"
"Fn1","Itga6","Fn1 - Itga6"
"Fn1","Itga8","Fn1 - Itga8"
"Fn1","Itga9","Fn1 - Itga9"
"Fn1","Itgav","Fn1 - Itgav"
"Fn1","Itgb1","Fn1 - Itgb1"
"Fn1","Itgb3","Fn1 - Itgb3"
"Fn1","Itgb6","Fn1 - Itgb6"
"Fn1","Itgb7","Fn1 - Itgb7"
"Fn1","Itgb8","Fn1 - Itgb8"
"Fn1","Mag","Fn1 - Mag"
"Fn1","Nt5e","Fn1 - Nt5e"
"Fn1","Plaur","Fn1 - Plaur"
"Fn1","Robo4","Fn1 - Robo4"
"Fn1","Sdc2","Fn1 - Sdc2"
"Fn1","Tmprss6","Fn1 - Tmprss6"
"Fn1","Tnfrsf11b","Fn1 - Tnfrsf11b"
"Fn1","Tshr","Fn1 - Tshr"
"Fshb","Fshr","Fshb - Fshr"
"Fst","Bmpr1b","Fst - Bmpr1b"
"Fst","Bmpr2","Fst - Bmpr2"
"Fst","Hfe2","Fst - Hfe2"
"Gad1","Grm4","Gad1 - Grm4"
"Gal","Galr1","Gal - Galr1"
"Gal","Galr2","Gal - Galr2"
"Gal","Gpr151","Gal - Gpr151"
"Galp","Galr1","Galp - Galr1"
"Galp","Galr2","Galp - Galr2"
"Gas6","Axl","Gas6 - Axl"
"Gas6","Mertk","Gas6 - Mertk"
"Gas6","Tyro3","Gas6 - Tyro3"
"Gast","Cckbr","Gast - Cckbr"
"Gcg","Gcgr","Gcg - Gcgr"
"Gcg","Glp1r","Gcg - Glp1r"
"Gcg","Glp2r","Gcg - Glp2r"
"Gdf10","Acvr1b","Gdf10 - Acvr1b"
"Gdf11","Acvr1b","Gdf11 - Acvr1b"
"Gdf11","Acvr2a","Gdf11 - Acvr2a"
"Gdf11","Acvr2b","Gdf11 - Acvr2b"
"Gdf2","Acvr1","Gdf2 - Acvr1"
"Gdf2","Acvr2a","Gdf2 - Acvr2a"
"Gdf2","Acvr2b","Gdf2 - Acvr2b"
"Gdf2","Acvrl1","Gdf2 - Acvrl1"
"Gdf2","Bmpr2","Gdf2 - Bmpr2"
"Gdf2","Eng","Gdf2 - Eng"
"Gdf5","Acvr1","Gdf5 - Acvr1"
"Gdf5","Acvr2a","Gdf5 - Acvr2a"
"Gdf5","Acvr2b","Gdf5 - Acvr2b"
"Gdf5","Bmpr1a","Gdf5 - Bmpr1a"
"Gdf5","Bmpr1b","Gdf5 - Bmpr1b"
"Gdf5","Bmpr2","Gdf5 - Bmpr2"
"Gdf5","Ror2","Gdf5 - Ror2"
"Gdf6","Bmpr1a","Gdf6 - Bmpr1a"
"Gdf6","Bmpr1b","Gdf6 - Bmpr1b"
"Gdf6","Bmpr2","Gdf6 - Bmpr2"
"Gdf7","Acvr2a","Gdf7 - Acvr2a"
"Gdf7","Bmpr1a","Gdf7 - Bmpr1a"
"Gdf7","Bmpr2","Gdf7 - Bmpr2"
"Gdf9","Acvr2a","Gdf9 - Acvr2a"
"Gdf9","Bmpr1a","Gdf9 - Bmpr1a"
"Gdf9","Bmpr1b","Gdf9 - Bmpr1b"
"Gdf9","Bmpr2","Gdf9 - Bmpr2"
"Gdf9","Fxyd6","Gdf9 - Fxyd6"
"Gdf9","Orai2","Gdf9 - Orai2"
"Gdf9","Tgfbr1","Gdf9 - Tgfbr1"
"Gdnf","Ednrb","Gdnf - Ednrb"
"Gdnf","Gfra1","Gdnf - Gfra1"
"Gdnf","Gfra2","Gdnf - Gfra2"
"Gdnf","Ret","Gdnf - Ret"
"Gdnf","Slc44a5","Gdnf - Slc44a5"
"Gh","Ghr","Gh - Ghr"
"Gh","Prlr","Gh - Prlr"
"Ghrh","Ghrhr","Ghrh - Ghrhr"
"Ghrh","Vipr1","Ghrh - Vipr1"
"Ghrl","Ghrhr","Ghrl - Ghrhr"
"Ghrl","Ghsr","Ghrl - Ghsr"
"Ghrl","Gpr39","Ghrl - Gpr39"
"Gip","Dpp4","Gip - Dpp4"
"Gip","Gipr","Gip - Gipr"
"Gip","Insr","Gip - Insr"
"Gnai2","Adcy1","Gnai2 - Adcy1"
"Gnai2","Adcy7","Gnai2 - Adcy7"
"Gnai2","Adcy8","Gnai2 - Adcy8"
"Gnai2","Adcy9","Gnai2 - Adcy9"
"Gnai2","Adora1","Gnai2 - Adora1"
"Gnai2","Adra2a","Gnai2 - Adra2a"
"Gnai2","Adra2b","Gnai2 - Adra2b"
"Gnai2","Agtr2","Gnai2 - Agtr2"
"Gnai2","C5ar1","Gnai2 - C5ar1"
"Gnai2","Cav1","Gnai2 - Cav1"
"Gnai2","Ccr5","Gnai2 - Ccr5"
"Gnai2","Chrm1","Gnai2 - Chrm1"
"Gnai2","Cnr1","Gnai2 - Cnr1"
"Gnai2","Cxcr1","Gnai2 - Cxcr1"
"Gnai2","Cxcr2","Gnai2 - Cxcr2"
"Gnai2","Cxcr3","Gnai2 - Cxcr3"
"Gnai2","Drd2","Gnai2 - Drd2"
"Gnai2","Ednra","Gnai2 - Ednra"
"Gnai2","Ednrb","Gnai2 - Ednrb"
"Gnai2","Egfr","Gnai2 - Egfr"
"Gnai2","F2r","Gnai2 - F2r"
"Gnai2","Fpr1","Gnai2 - Fpr1"
"Gnai2","Igf1r","Gnai2 - Igf1r"
"Gnai2","Lhcgr","Gnai2 - Lhcgr"
"Gnai2","Lpar3","Gnai2 - Lpar3"
"Gnai2","Mtnr1a","Gnai2 - Mtnr1a"
"Gnai2","Mtnr1b","Gnai2 - Mtnr1b"
"Gnai2","Oprd1","Gnai2 - Oprd1"
"Gnai2","Oprm1","Gnai2 - Oprm1"
"Gnai2","P2ry12","Gnai2 - P2ry12"
"Gnai2","Ptpru","Gnai2 - Ptpru"
"Gnai2","S1pr1","Gnai2 - S1pr1"
"Gnai2","S1pr3","Gnai2 - S1pr3"
"Gnai2","S1pr4","Gnai2 - S1pr4"
"Gnai2","S1pr5","Gnai2 - S1pr5"
"Gnai2","Tbxa2r","Gnai2 - Tbxa2r"
"Gnai2","Tshr","Gnai2 - Tshr"
"Gnai2","Unc5b","Gnai2 - Unc5b"
"Gnas","Adcy1","Gnas - Adcy1"
"Gnas","Adcy7","Gnas - Adcy7"
"Gnas","Adcy8","Gnas - Adcy8"
"Gnas","Adcy9","Gnas - Adcy9"
"Gnas","Adora1","Gnas - Adora1"
"Gnas","Adrb3","Gnas - Adrb3"
"Gnas","Avpr2","Gnas - Avpr2"
"Gnas","Crhr1","Gnas - Crhr1"
"Gnas","Gcgr","Gnas - Gcgr"
"Gnas","Glp1r","Gnas - Glp1r"
"Gnas","Htr6","Gnas - Htr6"
"Gnas","Lhcgr","Gnas - Lhcgr"
"Gnas","Ptgdr","Gnas - Ptgdr"
"Gnas","Ptgir","Gnas - Ptgir"
"Gnas","Tshr","Gnas - Tshr"
"Gnas","Vipr1","Gnas - Vipr1"
"Gnb3","Gabbr2","Gnb3 - Gabbr2"
"Gnb3","Tgfbr1","Gnb3 - Tgfbr1"
"Gnrh1","Gnrhr","Gnrh1 - Gnrhr"
"Gpc3","Cd81","Gpc3 - Cd81"
"Gpc3","Igf1r","Gpc3 - Igf1r"
"Gpha2","Tshr","Gpha2 - Tshr"
"Gpi1","Amfr","Gpi1 - Amfr"
"Grem1","Kdr","Grem1 - Kdr"
"Grp","Brs3","Grp - Brs3"
"Grp","Grpr","Grp - Grpr"
"Grp","Nmbr","Grp - Nmbr"
"Gstp1","Traf2","Gstp1 - Traf2"
"Guca2a","Gucy2c","Guca2a - Gucy2c"
"Guca2b","Gucy2c","Guca2b - Gucy2c"
"Guca2b","Gucy2d","Guca2b - Gucy2d"
"Gzmb","Chrm3","Gzmb - Chrm3"
"Gzmb","Igf2r","Gzmb - Igf2r"
"Gzmb","Pgrmc1","Gzmb - Pgrmc1"
"Has2","Cd44","Has2 - Cd44"
"Has2","Hmmr","Has2 - Hmmr"
"Hbegf","Cd44","Hbegf - Cd44"
"Hbegf","Cd82","Hbegf - Cd82"
"Hbegf","Cd9","Hbegf - Cd9"
"Hbegf","Egfr","Hbegf - Egfr"
"Hbegf","Erbb2","Hbegf - Erbb2"
"Hbegf","Erbb4","Hbegf - Erbb4"
"Hbegf","Prlr","Hbegf - Prlr"
"Hc","Hcar1","Hc - Hcar1"
"Hc","Hcar2","Hc - Hcar2"
"Hcrt","Hcrtr1","Hcrt - Hcrtr1"
"Hcrt","Hcrtr2","Hcrt - Hcrtr2"
"Hcrt","Npffr2","Hcrt - Npffr2"
"Hdc","Hrh1","Hdc - Hrh1"
"Hdc","Hrh2","Hdc - Hrh2"
"Hdc","Hrh3","Hdc - Hrh3"
"Hdc","Hrh4","Hdc - Hrh4"
"Hebp1","Fpr3","Hebp1 - Fpr3"
"Hgf","Cd44","Hgf - Cd44"
"Hgf","Met","Hgf - Met"
"Hgf","Sdc1","Hgf - Sdc1"
"Hgf","Sdc2","Hgf - Sdc2"
"Hgf","St14","Hgf - St14"
"Hhipl2","Cachd1","Hhipl2 - Cachd1"
"Hmgb1","Sdc1","Hmgb1 - Sdc1"
"Hmgb1","Thbd","Hmgb1 - Thbd"
"Hp","Asgr1","Hp - Asgr1"
"Hp","Asgr2","Hp - Asgr2"
"Hp","Itgam","Hp - Itgam"
"Hp","Itgb2","Hp - Itgb2"
"Hras","Agtr1a","Hras - Agtr1a"
"Hras","Cav1","Hras - Cav1"
"Hras","Grin2d","Hras - Grin2d"
"Hras","Insr","Hras - Insr"
"Hras","Sdc2","Hras - Sdc2"
"Hras","Tlr2","Hras - Tlr2"
"Hras","Tlr9","Hras - Tlr9"
"Hsp90aa1","Cftr","Hsp90aa1 - Cftr"
"Hsp90aa1","Egfr","Hsp90aa1 - Egfr"
"Hsp90aa1","Fgfr3","Hsp90aa1 - Fgfr3"
"Hsp90b1","Asgr1","Hsp90b1 - Asgr1"
"Hsp90b1","Erbb2","Hsp90b1 - Erbb2"
"Hsp90b1","Lrp1","Hsp90b1 - Lrp1"
"Hsp90b1","Tlr1","Hsp90b1 - Tlr1"
"Hsp90b1","Tlr2","Hsp90b1 - Tlr2"
"Hsp90b1","Tlr4","Hsp90b1 - Tlr4"
"Hsp90b1","Tlr7","Hsp90b1 - Tlr7"
"Hsp90b1","Tlr9","Hsp90b1 - Tlr9"
"Hspa1a","Grin2d","Hspa1a - Grin2d"
"Hspa1a","Tlr4","Hspa1a - Tlr4"
"Hspg2","Chrm3","Hspg2 - Chrm3"
"Hspg2","Col13a1","Hspg2 - Col13a1"
"Hspg2","Itga2","Hspg2 - Itga2"
"Hspg2","Itgb1","Hspg2 - Itgb1"
"Hspg2","Ptprs","Hspg2 - Ptprs"
"Hspg2","Sdc1","Hspg2 - Sdc1"
"Iapp","Calcr","Iapp - Calcr"
"Iapp","Ramp1","Iapp - Ramp1"
"Iapp","Ramp2","Iapp - Ramp2"
"Iapp","Ramp3","Iapp - Ramp3"
"Ibsp","Itgav","Ibsp - Itgav"
"Icam1","Cav1","Icam1 - Cav1"
"Icam1","Egfr","Icam1 - Egfr"
"Icam1","Il2ra","Icam1 - Il2ra"
"Icam1","Il2rg","Icam1 - Il2rg"
"Icam1","Itgal","Icam1 - Itgal"
"Icam1","Itgam","Icam1 - Itgam"
"Icam1","Itgax","Icam1 - Itgax"
"Icam1","Itgb2","Icam1 - Itgb2"
"Icam2","Itgal","Icam2 - Itgal"
"Icam2","Itgam","Icam2 - Itgam"
"Icam2","Itgb2","Icam2 - Itgb2"
"Icam4","Itga2b","Icam4 - Itga2b"
"Icam4","Itga4","Icam4 - Itga4"
"Icam4","Itgal","Icam4 - Itgal"
"Icam4","Itgam","Icam4 - Itgam"
"Icam4","Itgav","Icam4 - Itgav"
"Icam4","Itgb1","Icam4 - Itgb1"
"Icam4","Itgb2","Icam4 - Itgb2"
"Icam4","Itgb3","Icam4 - Itgb3"
"Icam4","Rhag","Icam4 - Rhag"
"Icam5","Itgal","Icam5 - Itgal"
"Icam5","Itgb2","Icam5 - Itgb2"
"Ifna1","Ifnar1","Ifna1 - Ifnar1"
"Ifna1","Ifnar2","Ifna1 - Ifnar2"
"Ifna13","Ifnar1","Ifna13 - Ifnar1"
"Ifna13","Ifnar2","Ifna13 - Ifnar2"
"Ifna14","Ifnar1","Ifna14 - Ifnar1"
"Ifna14","Ifnar2","Ifna14 - Ifnar2"
"Ifna16","Ifnar1","Ifna16 - Ifnar1"
"Ifna16","Ifnar2","Ifna16 - Ifnar2"
"Ifna2","Ifnar1","Ifna2 - Ifnar1"
"Ifna2","Ifnar2","Ifna2 - Ifnar2"
"Ifna4","Ifnar1","Ifna4 - Ifnar1"
"Ifna4","Ifnar2","Ifna4 - Ifnar2"
"Ifna5","Ifnar1","Ifna5 - Ifnar1"
"Ifna5","Ifnar2","Ifna5 - Ifnar2"
"Ifna6","Ifnar1","Ifna6 - Ifnar1"
"Ifna6","Ifnar2","Ifna6 - Ifnar2"
"Ifna7","Ifnar1","Ifna7 - Ifnar1"
"Ifna7","Ifnar2","Ifna7 - Ifnar2"
"Ifnb1","Ifnar1","Ifnb1 - Ifnar1"
"Ifnb1","Ifnar2","Ifnb1 - Ifnar2"
"Ifng","Ifngr1","Ifng - Ifngr1"
"Ifng","Ifngr2","Ifng - Ifngr2"
"Ifnl2","Ifnlr1","Ifnl2 - Ifnlr1"
"Ifnl2","Il10rb","Ifnl2 - Il10rb"
"Ifnl3","Ifnlr1","Ifnl3 - Ifnlr1"
"Ifnl3","Il10rb","Ifnl3 - Il10rb"
"Igf1","Igf1r","Igf1 - Igf1r"
"Igf1","Insr","Igf1 - Insr"
"Igf2","Igf1r","Igf2 - Igf1r"
"Igf2","Igf2r","Igf2 - Igf2r"
"Igf2","Insr","Igf2 - Insr"
"Igfbp4","Fzd8","Igfbp4 - Fzd8"
"Igfbp4","Lrp6","Igfbp4 - Lrp6"
"Igfl3","Igflr1","Igfl3 - Igflr1"
"Ihh","Boc","Ihh - Boc"
"Ihh","Cdon","Ihh - Cdon"
"Ihh","Hhip","Ihh - Hhip"
"Ihh","Ptch1","Ihh - Ptch1"
"Ihh","Ptch2","Ihh - Ptch2"
"Il10","Il10ra","Il10 - Il10ra"
"Il10","Il10rb","Il10 - Il10rb"
"Il11","Il11ra1","Il11 - Il11ra1"
"Il11","Il6st","Il11 - Il6st"
"Il12a","Cd28","Il12a - Cd28"
"Il12a","Il12rb1","Il12a - Il12rb1"
"Il12a","Il12rb2","Il12a - Il12rb2"
"Il12b","Il12rb1","Il12b - Il12rb1"
"Il12b","Il12rb2","Il12b - Il12rb2"
"Il12b","Il23r","Il12b - Il23r"
"Il13","Il13ra1","Il13 - Il13ra1"
"Il13","Il13ra2","Il13 - Il13ra2"
"Il13","Il2rg","Il13 - Il2rg"
"Il15","Il15ra","Il15 - Il15ra"
"Il15","Il2ra","Il15 - Il2ra"
"Il15","Il2rb","Il15 - Il2rb"
"Il15","Il2rg","Il15 - Il2rg"
"Il16","Ccr5","Il16 - Ccr5"
"Il16","Cd4","Il16 - Cd4"
"Il16","Grin2c","Il16 - Grin2c"
"Il16","Grin2d","Il16 - Grin2d"
"Il16","Kcna3","Il16 - Kcna3"
"Il16","Kcnd1","Il16 - Kcnd1"
"Il16","Kcnd2","Il16 - Kcnd2"
"Il16","Kcnj10","Il16 - Kcnj10"
"Il16","Kcnj15","Il16 - Kcnj15"
"Il16","Kcnj4","Il16 - Kcnj4"
"Il17a","Il17ra","Il17a - Il17ra"
"Il17a","Il17rc","Il17a - Il17rc"
"Il17b","Il17rb","Il17b - Il17rb"
"Il17f","Il17ra","Il17f - Il17ra"
"Il18","Cd48","Il18 - Cd48"
"Il18","Il18r1","Il18 - Il18r1"
"Il18","Il18rap","Il18 - Il18rap"
"Il18","Il1rapl1","Il18 - Il1rapl1"
"Il18","Il1rl2","Il18 - Il1rl2"
"Il19","Il20ra","Il19 - Il20ra"
"Il19","Il20rb","Il19 - Il20rb"
"Il1a","Il1r1","Il1a - Il1r1"
"Il1a","Il1r2","Il1a - Il1r2"
"Il1a","Il1rap","Il1a - Il1rap"
"Il1b","Adrb2","Il1b - Adrb2"
"Il1b","Il1r1","Il1b - Il1r1"
"Il1b","Il1r2","Il1b - Il1r2"
"Il1b","Il1rap","Il1b - Il1rap"
"Il1f10","Il1r1","Il1f10 - Il1r1"
"Il1rn","Il1r1","Il1rn - Il1r1"
"Il1rn","Il1r2","Il1rn - Il1r2"
"Il1rn","Il1rl2","Il1rn - Il1rl2"
"Il2","Cd53","Il2 - Cd53"
"Il2","Il2ra","Il2 - Il2ra"
"Il2","Il2rb","Il2 - Il2rb"
"Il2","Il2rg","Il2 - Il2rg"
"Il2","Ngfr","Il2 - Ngfr"
"Il20","Il20ra","Il20 - Il20ra"
"Il20","Il20rb","Il20 - Il20rb"
"Il20","Il22ra1","Il20 - Il22ra1"
"Il21","Il21r","Il21 - Il21r"
"Il21","Il2rg","Il21 - Il2rg"
"Il22","Il10ra","Il22 - Il10ra"
"Il22","Il10rb","Il22 - Il10rb"
"Il22","Il21r","Il22 - Il21r"
"Il22","Il22ra1","Il22 - Il22ra1"
"Il22","Il22ra2","Il22 - Il22ra2"
"Il23a","Il12rb1","Il23a - Il12rb1"
"Il23a","Il23r","Il23a - Il23r"
"Il24","Il20ra","Il24 - Il20ra"
"Il24","Il20rb","Il24 - Il20rb"
"Il24","Il22ra1","Il24 - Il22ra1"
"Il25","Il17rb","Il25 - Il17rb"
"Il27","Il27ra","Il27 - Il27ra"
"Il3","Csf2rb","Il3 - Csf2rb"
"Il3","Il3ra","Il3 - Il3ra"
"Il31","Il31ra","Il31 - Il31ra"
"Il31","Osmr","Il31 - Osmr"
"Il34","Csf1r","Il34 - Csf1r"
"Il4","Cd53","Il4 - Cd53"
"Il4","Il13ra1","Il4 - Il13ra1"
"Il4","Il13ra2","Il4 - Il13ra2"
"Il4","Il2rg","Il4 - Il2rg"
"Il5","Csf2rb","Il5 - Csf2rb"
"Il5","Il5ra","Il5 - Il5ra"
"Il6","F3","Il6 - F3"
"Il6","Il6ra","Il6 - Il6ra"
"Il6","Il6st","Il6 - Il6st"
"Il7","Il2rg","Il7 - Il2rg"
"Il7","Il7r","Il7 - Il7r"
"Il9","Il2rg","Il9 - Il2rg"
"Il9","Il9r","Il9 - Il9r"
"Inha","Acvr1","Inha - Acvr1"
"Inha","Acvr1b","Inha - Acvr1b"
"Inha","Acvr2a","Inha - Acvr2a"
"Inha","Acvr2b","Inha - Acvr2b"
"Inha","Tgfbr3","Inha - Tgfbr3"
"Inhba","Acvr1","Inhba - Acvr1"
"Inhba","Acvr1b","Inhba - Acvr1b"
"Inhba","Acvr2a","Inhba - Acvr2a"
"Inhba","Acvr2b","Inhba - Acvr2b"
"Inhba","Bambi","Inhba - Bambi"
"Inhba","Eng","Inhba - Eng"
"Inhba","Tgfbr3","Inhba - Tgfbr3"
"Inhbb","Acvr1","Inhbb - Acvr1"
"Inhbb","Acvr1b","Inhbb - Acvr1b"
"Inhbb","Acvr1c","Inhbb - Acvr1c"
"Inhbb","Acvr2a","Inhbb - Acvr2a"
"Inhbb","Acvr2b","Inhbb - Acvr2b"
"Inhbc","Acvr1","Inhbc - Acvr1"
"Inhbc","Acvr1b","Inhbc - Acvr1b"
"Inhbc","Acvr2a","Inhbc - Acvr2a"
"Inhbc","Acvr2b","Inhbc - Acvr2b"
"Inhbe","Acvr1","Inhbe - Acvr1"
"Inhbe","Acvr1b","Inhbe - Acvr1b"
"Inhbe","Acvr2a","Inhbe - Acvr2a"
"Inhbe","Eng","Inhbe - Eng"
"Ins1","Igf1r","Ins1 - Igf1r"
"Ins1","Ins1r","Ins1 - Ins1r"
"Ins1","Lrp2","Ins1 - Lrp2"
"Insl3","Rxfp2","Insl3 - Rxfp2"
"Insl5","Rxfp3","Insl5 - Rxfp3"
"Insl5","Rxfp4","Insl5 - Rxfp4"
"Itgb3bp","Itgb3","Itgb3bp - Itgb3"
"Itgb3bp","Itgb5","Itgb3bp - Itgb5"
"Itih2","Fcer1a","Itih2 - Fcer1a"
"Itpr3","Gpr162","Itpr3 - Gpr162"
"Itpr3","Itpr3r2","Itpr3 - Itpr3r2"
"Itpr3","Itpr3rc","Itpr3 - Itpr3rc"
"Jag1","Notch1","Jag1 - Notch1"
"Jag1","Notch2","Jag1 - Notch2"
"Jag1","Notch3","Jag1 - Notch3"
"Jag1","Notch4","Jag1 - Notch4"
"Jag2","Notch1","Jag2 - Notch1"
"Jag2","Notch2","Jag2 - Notch2"
"Jag2","Notch3","Jag2 - Notch3"
"Jag2","Notch4","Jag2 - Notch4"
"Kiss1","Kiss1r","Kiss1 - Kiss1r"
"Kiss1","Mmp24","Kiss1 - Mmp24"
"Kitl","Epor","Kitl - Epor"
"Kitl","Kit","Kitl - Kit"
"Klkb1","Epor","Klkb1 - Epor"
"Kng1","Bdkrb1","Kng1 - Bdkrb1"
"Kng1","Bdkrb2","Kng1 - Bdkrb2"
"Kng1","Cd93","Kng1 - Cd93"
"Kng1","Gp1ba","Kng1 - Gp1ba"
"Kng1","Gpr135","Kng1 - Gpr135"
"Kng1","Itgam","Kng1 - Itgam"
"Kng1","Itgb2","Kng1 - Itgb2"
"Kng1","Plaur","Kng1 - Plaur"
"Kng1","Rxfp4","Kng1 - Rxfp4"
"Kng1","Sdc2","Kng1 - Sdc2"
"L1cam","Cntn1","L1cam - Cntn1"
"L1cam","Egfr","L1cam - Egfr"
"L1cam","Ephb2","L1cam - Ephb2"
"L1cam","Erbb2","L1cam - Erbb2"
"L1cam","Erbb3","L1cam - Erbb3"
"L1cam","Fgfr2","L1cam - Fgfr2"
"L1cam","Itga5","L1cam - Itga5"
"L1cam","Itgav","L1cam - Itgav"
"Lama1","Gpc1","Lama1 - Gpc1"
"Lama1","Itga1","Lama1 - Itga1"
"Lama1","Itga2","Lama1 - Itga2"
"Lama1","Itga3","Lama1 - Itga3"
"Lama1","Itga6","Lama1 - Itga6"
"Lama1","Itga7","Lama1 - Itga7"
"Lama1","Itgb1","Lama1 - Itgb1"
"Lama1","Itgb4","Lama1 - Itgb4"
"Lama1","Itgb8","Lama1 - Itgb8"
"Lama1","Nt5e","Lama1 - Nt5e"
"Lama1","Rpsa","Lama1 - Rpsa"
"Lama1","Sdc2","Lama1 - Sdc2"
"Lama1","Sdc4","Lama1 - Sdc4"
"Lama1","Tmprss6","Lama1 - Tmprss6"
"Lama2","Itga1","Lama2 - Itga1"
"Lama2","Itga2","Lama2 - Itga2"
"Lama2","Itga3","Lama2 - Itga3"
"Lama2","Itga6","Lama2 - Itga6"
"Lama2","Itga7","Lama2 - Itga7"
"Lama2","Itgb1","Lama2 - Itgb1"
"Lama2","Itgb4","Lama2 - Itgb4"
"Lama2","Rpsa","Lama2 - Rpsa"
"Lama3","Sdc2","Lama3 - Sdc2"
"Lama4","Itga3","Lama4 - Itga3"
"Lama4","Itga6","Lama4 - Itga6"
"Lama4","Itgav","Lama4 - Itgav"
"Lama4","Itgb1","Lama4 - Itgb1"
"Lama5","Bcam","Lama5 - Bcam"
"Lama5","Itga2","Lama5 - Itga2"
"Lama5","Itga3","Lama5 - Itga3"
"Lama5","Itga6","Lama5 - Itga6"
"Lama5","Itgb1","Lama5 - Itgb1"
"Lama5","Itgb4","Lama5 - Itgb4"
"Lama5","Sdc1","Lama5 - Sdc1"
"Lamb1","Itga1","Lamb1 - Itga1"
"Lamb1","Itga2","Lamb1 - Itga2"
"Lamb1","Itga3","Lamb1 - Itga3"
"Lamb1","Itga6","Lamb1 - Itga6"
"Lamb1","Itga7","Lamb1 - Itga7"
"Lamb1","Itgav","Lamb1 - Itgav"
"Lamb1","Itgb1","Lamb1 - Itgb1"
"Lamb1","Itgb4","Lamb1 - Itgb4"
"Lamb2","Rpsa","Lamb2 - Rpsa"
"Lamb3","Cd151","Lamb3 - Cd151"
"Lamb3","Col17a1","Lamb3 - Col17a1"
"Lamb3","Itga2","Lamb3 - Itga2"
"Lamb3","Itga3","Lamb3 - Itga3"
"Lamb3","Itga6","Lamb3 - Itga6"
"Lamb3","Itgb1","Lamb3 - Itgb1"
"Lamb3","Itgb4","Lamb3 - Itgb4"
"Lamc1","Itga1","Lamc1 - Itga1"
"Lamc1","Itga2","Lamc1 - Itga2"
"Lamc1","Itga3","Lamc1 - Itga3"
"Lamc1","Itga6","Lamc1 - Itga6"
"Lamc1","Itga7","Lamc1 - Itga7"
"Lamc1","Itgav","Lamc1 - Itgav"
"Lamc1","Itgb1","Lamc1 - Itgb1"
"Lamc1","Itgb4","Lamc1 - Itgb4"
"Lamc2","Cd151","Lamc2 - Cd151"
"Lamc2","Col17a1","Lamc2 - Col17a1"
"Lamc2","Itga2","Lamc2 - Itga2"
"Lamc2","Itga3","Lamc2 - Itga3"
"Lamc2","Itga6","Lamc2 - Itga6"
"Lamc2","Itgb1","Lamc2 - Itgb1"
"Lamc2","Itgb4","Lamc2 - Itgb4"
"Lamc3","Itga2","Lamc3 - Itga2"
"Lamc3","Itga3","Lamc3 - Itga3"
"Lamc3","Itga6","Lamc3 - Itga6"
"Lamc3","Itgb1","Lamc3 - Itgb1"
"Lamc3","Itgb4","Lamc3 - Itgb4"
"Lcn2","Lrp2","Lcn2 - Lrp2"
"Lefty2","Acvr2b","Lefty2 - Acvr2b"
"Lep","Lepr","Lep - Lepr"
"Lep","Lrp2","Lep - Lrp2"
"Lgals3bp","Itgb1","Lgals3bp - Itgb1"
"Lgals3bp","Vangl1","Lgals3bp - Vangl1"
"Lhb","Lhcgr","Lhb - Lhcgr"
"Lif","Il6st","Lif - Il6st"
"Lif","Lifr","Lif - Lifr"
"Lin7c","Abca1","Lin7c - Abca1"
"Lin7c","Htr2c","Lin7c - Htr2c"
"Lin7c","Kcnj4","Lin7c - Kcnj4"
"Lipc","Lrp1","Lipc - Lrp1"
"Liph","Lpar1","Liph - Lpar1"
"Liph","Lpar2","Liph - Lpar2"
"Liph","Lpar4","Liph - Lpar4"
"Lpl","Cd44","Lpl - Cd44"
"Lpl","Gpihbp1","Lpl - Gpihbp1"
"Lpl","Lrp1","Lpl - Lrp1"
"Lpl","Lrp2","Lpl - Lrp2"
"Lpl","Sdc1","Lpl - Sdc1"
"Lpl","Vldlr","Lpl - Vldlr"
"Lrp1b","Plaur","Lrp1b - Plaur"
"Lrpap1","Ldlr","Lrpap1 - Ldlr"
"Lrpap1","Lrp1","Lrpap1 - Lrp1"
"Lrpap1","Lrp2","Lrpap1 - Lrp2"
"Lrpap1","Lrp8","Lrpap1 - Lrp8"
"Lrpap1","Sorl1","Lrpap1 - Sorl1"
"Lrpap1","Sort1","Lrpap1 - Sort1"
"Lrpap1","Vldlr","Lrpap1 - Vldlr"
"Lta","Cachd1","Lta - Cachd1"
"Lta","Ednra","Lta - Ednra"
"Lta","Ltbr","Lta - Ltbr"
"Lta","Tnfrsf14","Lta - Tnfrsf14"
"Lta","Tnfrsf1a","Lta - Tnfrsf1a"
"Lta","Tnfrsf1b","Lta - Tnfrsf1b"
"Ltb","Cd40","Ltb - Cd40"
"Ltb","Ltbr","Ltb - Ltbr"
"Ltb","Tnfrsf1a","Ltb - Tnfrsf1a"
"Ltbp1","Itgb5","Ltbp1 - Itgb5"
"Ltbp3","Itgb5","Ltbp3 - Itgb5"
"Ltf","Gp9","Ltf - Gp9"
"Ltf","Gpr162","Ltf - Gpr162"
"Ltf","Lrp1","Ltf - Lrp1"
"Ltf","Lrp11","Ltf - Lrp11"
"Ltf","Tfrc","Ltf - Tfrc"
"Ly86","Cd180","Ly86 - Cd180"
"Lypd3","Agr2","Lypd3 - Agr2"
"Lyz1","Itgal","Lyz1 - Itgal"
"Madcam1","Cd44","Madcam1 - Cd44"
"Madcam1","Itga4","Madcam1 - Itga4"
"Madcam1","Itgb7","Madcam1 - Itgb7"
"Matn1","Itga1","Matn1 - Itga1"
"Matn1","Itgb1","Matn1 - Itgb1"
"Matn1","Ptprd","Matn1 - Ptprd"
"Mbl2","Calcr","Mbl2 - Calcr"
"Mbl2","Cd93","Mbl2 - Cd93"
"Mdk","Alk","Mdk - Alk"
"Mdk","Gpc2","Mdk - Gpc2"
"Mdk","Itga4","Mdk - Itga4"
"Mdk","Itga6","Mdk - Itga6"
"Mdk","Itgb1","Mdk - Itgb1"
"Mdk","Lrp1","Mdk - Lrp1"
"Mdk","Lrp2","Mdk - Lrp2"
"Mdk","Ptprb","Mdk - Ptprb"
"Mdk","Ptprz1","Mdk - Ptprz1"
"Mdk","Sdc1","Mdk - Sdc1"
"Mdk","Sdc3","Mdk - Sdc3"
"Mdk","Sdc4","Mdk - Sdc4"
"Mdk","Tspan1","Mdk - Tspan1"
"Mepe","Phex","Mepe - Phex"
"Mfap2","Notch1","Mfap2 - Notch1"
"Mfap5","Notch1","Mfap5 - Notch1"
"Mfge8","Itgav","Mfge8 - Itgav"
"Mfge8","Itgb3","Mfge8 - Itgb3"
"Mfge8","Pdgfrb","Mfge8 - Pdgfrb"
"Mfng","Notch1","Mfng - Notch1"
"Mfng","Notch2","Mfng - Notch2"
"Mia","Cdh19","Mia - Cdh19"
"Mia","Cdh7","Mia - Cdh7"
"Mmp12","Plaur","Mmp12 - Plaur"
"Mmp13","Lrp1","Mmp13 - Lrp1"
"Mmp2","Sdc2","Mmp2 - Sdc2"
"Mmp7","Cd151","Mmp7 - Cd151"
"Mmp7","Cd44","Mmp7 - Cd44"
"Mmp7","Cdh6","Mmp7 - Cdh6"
"Mmp7","Erbb4","Mmp7 - Erbb4"
"Mmp9","Cd44","Mmp9 - Cd44"
"Mmp9","Ephb2","Mmp9 - Ephb2"
"Mmp9","Itgam","Mmp9 - Itgam"
"Mmp9","Itgb2","Mmp9 - Itgb2"
"Mmp9","Lrp1","Mmp9 - Lrp1"
"Mst1","Mst1r","Mst1 - Mst1r"
"Mstn","Acvr2b","Mstn - Acvr2b"
"Muc2","Agr2","Muc2 - Agr2"
"Mug2","Sctr","Mug2 - Sctr"
"Myoc","Fzd1","Myoc - Fzd1"
"Myoc","Fzd10","Myoc - Fzd10"
"Myoc","Fzd3","Myoc - Fzd3"
"Myoc","Fzd4","Myoc - Fzd4"
"Myoc","Fzd7","Myoc - Fzd7"
"Nampt","Insr","Nampt - Insr"
"Ncam1","Cacna1c","Ncam1 - Cacna1c"
"Ncam1","Fgfr1","Ncam1 - Fgfr1"
"Ncam1","Fgfr2","Ncam1 - Fgfr2"
"Ncam1","Gfra1","Ncam1 - Gfra1"
"Ncam1","Ptpra","Ncam1 - Ptpra"
"Ncam1","Robo1","Ncam1 - Robo1"
"Ncam1","Robo3","Ncam1 - Robo3"
"Ncan","Cdh2","Ncan - Cdh2"
"Ncan","Sdc3","Ncan - Sdc3"
"Ndp","Fzd4","Ndp - Fzd4"
"Ndp","Lgr4","Ndp - Lgr4"
"Ngf","Kidins220","Ngf - Kidins220"
"Ngf","Maged1","Ngf - Maged1"
"Ngf","Ngfr","Ngf - Ngfr"
"Ngf","Ntrk1","Ngf - Ntrk1"
"Ngf","Sorcs3","Ngf - Sorcs3"
"Ngf","Sort1","Ngf - Sort1"
"Nid1","Col13a1","Nid1 - Col13a1"
"Nid1","Itga3","Nid1 - Itga3"
"Nid1","Itgav","Nid1 - Itgav"
"Nid1","Itgb1","Nid1 - Itgb1"
"Nid1","Itgb3","Nid1 - Itgb3"
"Nid1","Ptprf","Nid1 - Ptprf"
"Nid2","Col13a1","Nid2 - Col13a1"
"Nlgn1","Nrxn1","Nlgn1 - Nrxn1"
"Nlgn1","Nrxn2","Nlgn1 - Nrxn2"
"Nlgn1","Nrxn3","Nlgn1 - Nrxn3"
"Nlgn2","Nrxn1","Nlgn2 - Nrxn1"
"Nlgn2","Nrxn2","Nlgn2 - Nrxn2"
"Nlgn2","Nrxn3","Nlgn2 - Nrxn3"
"Nlgn3","Nrxn1","Nlgn3 - Nrxn1"
"Nlgn3","Nrxn2","Nlgn3 - Nrxn2"
"Nlgn3","Nrxn3","Nlgn3 - Nrxn3"
"Nmb","Brs3","Nmb - Brs3"
"Nmb","Grpr","Nmb - Grpr"
"Nmb","Nmbr","Nmb - Nmbr"
"Nms","Nmur1","Nms - Nmur1"
"Nms","Nmur2","Nms - Nmur2"
"Nmu","Nmur1","Nmu - Nmur1"
"Nmu","Nmur2","Nmu - Nmur2"
"Nodal","Acvr1b","Nodal - Acvr1b"
"Nodal","Acvr1c","Nodal - Acvr1c"
"Nodal","Acvr2a","Nodal - Acvr2a"
"Nodal","Acvr2b","Nodal - Acvr2b"
"Nov","Notch1","Nov - Notch1"
"Nov","Plxna1","Nov - Plxna1"
"Npb","Npbwr1","Npb - Npbwr1"
"Npff","Npffr1","Npff - Npffr1"
"Npff","Npffr2","Npff - Npffr2"
"Npnt","Itga8","Npnt - Itga8"
"Npnt","Itgb1","Npnt - Itgb1"
"Nppa","Npr1","Nppa - Npr1"
"Nppa","Npr3","Nppa - Npr3"
"Nppb","Npr1","Nppb - Npr1"
"Nppb","Npr2","Nppb - Npr2"
"Nppb","Npr3","Nppb - Npr3"
"Nppc","Npr2","Nppc - Npr2"
"Nppc","Npr3","Nppc - Npr3"
"Nps","Npsr1","Nps - Npsr1"
"Npvf","Npffr1","Npvf - Npffr1"
"Npvf","Npffr2","Npvf - Npffr2"
"Npw","Npbwr1","Npw - Npbwr1"
"Npy","Fap","Npy - Fap"
"Npy","Mc4r","Npy - Mc4r"
"Npy","Npffr2","Npy - Npffr2"
"Npy","Npy1r","Npy - Npy1r"
"Npy","Npy2r","Npy - Npy2r"
"Npy","Npy4r","Npy - Npy4r"
"Npy","Npy5r","Npy - Npy5r"
"Npy","Prlhr","Npy - Prlhr"
"Nrg1","Erbb2","Nrg1 - Erbb2"
"Nrg1","Erbb3","Nrg1 - Erbb3"
"Nrg1","Erbb4","Nrg1 - Erbb4"
"Nrg1","Gpc1","Nrg1 - Gpc1"
"Nrg2","Erbb2","Nrg2 - Erbb2"
"Nrg2","Erbb3","Nrg2 - Erbb3"
"Nrg2","Erbb4","Nrg2 - Erbb4"
"Nrg3","Erbb4","Nrg3 - Erbb4"
"Nrg4","Egfr","Nrg4 - Egfr"
"Nrg4","Erbb2","Nrg4 - Erbb2"
"Nrg4","Erbb4","Nrg4 - Erbb4"
"Nrtn","Gfra1","Nrtn - Gfra1"
"Nrtn","Gfra2","Nrtn - Gfra2"
"Nrtn","Ret","Nrtn - Ret"
"Ntf3","Ngfr","Ntf3 - Ngfr"
"Ntf3","Ntrk1","Ntf3 - Ntrk1"
"Ntf3","Ntrk2","Ntf3 - Ntrk2"
"Ntf3","Ntrk3","Ntf3 - Ntrk3"
"Ntf5","Ngfr","Ntf5 - Ngfr"
"Ntf5","Ntrk1","Ntf5 - Ntrk1"
"Ntf5","Ntrk2","Ntf5 - Ntrk2"
"Ntf5","Ntrk3","Ntf5 - Ntrk3"
"Ntn1","Adora2b","Ntn1 - Adora2b"
"Ntn1","Dcc","Ntn1 - Dcc"
"Ntn1","Neo1","Ntn1 - Neo1"
"Ntn1","Unc5a","Ntn1 - Unc5a"
"Ntn1","Unc5b","Ntn1 - Unc5b"
"Ntn1","Unc5c","Ntn1 - Unc5c"
"Ntn1","Unc5d","Ntn1 - Unc5d"
"Ntn4","Dcc","Ntn4 - Dcc"
"Ntn4","Unc5a","Ntn4 - Unc5a"
"Ntng1","Lrrc4c","Ntng1 - Lrrc4c"
"Ntng2","Lrrc4","Ntng2 - Lrrc4"
"Ntng2","Lrrc4c","Ntng2 - Lrrc4c"
"Nts","Ngfr","Nts - Ngfr"
"Nts","Ntsr1","Nts - Ntsr1"
"Nts","Ntsr2","Nts - Ntsr2"
"Nts","Sort1","Nts - Sort1"
"Nucb2","Erap1","Nucb2 - Erap1"
"Nxph1","Nrxn1","Nxph1 - Nrxn1"
"Nxph1","Nrxn2","Nxph1 - Nrxn2"
"Nxph1","Nrxn3","Nxph1 - Nrxn3"
"Nxph2","Nrxn1","Nxph2 - Nrxn1"
"Nxph3","Nrxn1","Nxph3 - Nrxn1"
"Nxph3","Nrxn2","Nxph3 - Nrxn2"
"Nxph3","Nrxn3","Nxph3 - Nrxn3"
"Olah","Mog","Olah - Mog"
"Olfm2","Robo2","Olfm2 - Robo2"
"Omg","Lingo1","Omg - Lingo1"
"Omg","Ngfr","Omg - Ngfr"
"Omg","Rtn4r","Omg - Rtn4r"
"Omg","Rtn4rl1","Omg - Rtn4rl1"
"Omg","Tnfrsf1b","Omg - Tnfrsf1b"
"Orm1","Ccr5","Orm1 - Ccr5"
"Osm","Il6st","Osm - Il6st"
"Osm","Lifr","Osm - Lifr"
"Osm","Osmr","Osm - Osmr"
"Ostn","Npr3","Ostn - Npr3"
"Oxt","Avpr1a","Oxt - Avpr1a"
"Oxt","Avpr1b","Oxt - Avpr1b"
"Oxt","Avpr2","Oxt - Avpr2"
"Oxt","Oxtr","Oxt - Oxtr"
"P4hb","Gpr162","P4hb - Gpr162"
"Papln","Sirpa","Papln - Sirpa"
"Pard3","Atrn","Pard3 - Atrn"
"Pard3","F11r","Pard3 - F11r"
"Pard3","Mc1r","Pard3 - Mc1r"
"Pard3","Mc2r","Pard3 - Mc2r"
"Pard3","Mc3r","Pard3 - Mc3r"
"Pard3","Mc4r","Pard3 - Mc4r"
"Pard3","Mc5r","Pard3 - Mc5r"
"Pard3","Mgrn1","Pard3 - Mgrn1"
"Pcsk9","Vldlr","Pcsk9 - Vldlr"
"Pdap1","Pdgfrb","Pdap1 - Pdgfrb"
"Pdgfa","Pdgfra","Pdgfa - Pdgfra"
"Pdgfa","Pdgfrb","Pdgfa - Pdgfrb"
"Pdgfb","Art1","Pdgfb - Art1"
"Pdgfb","Itgav","Pdgfb - Itgav"
"Pdgfb","Lrp1","Pdgfb - Lrp1"
"Pdgfb","Pdgfra","Pdgfb - Pdgfra"
"Pdgfb","Pdgfrb","Pdgfb - Pdgfrb"
"Pdgfb","S1pr1","Pdgfb - S1pr1"
"Pdgfc","Flt1","Pdgfc - Flt1"
"Pdgfc","Flt4","Pdgfc - Flt4"
"Pdgfc","Kdr","Pdgfc - Kdr"
"Pdgfc","Pdgfra","Pdgfc - Pdgfra"
"Pdgfc","Pdgfrb","Pdgfc - Pdgfrb"
"Pdgfd","Pdgfra","Pdgfd - Pdgfra"
"Pdgfd","Pdgfrb","Pdgfd - Pdgfrb"
"Pdx1","Slc2a2","Pdx1 - Slc2a2"
"Pdyn","Oprd1","Pdyn - Oprd1"
"Pdyn","Oprk1","Pdyn - Oprk1"
"Pdyn","Oprm1","Pdyn - Oprm1"
"Penk","Mrgprx1","Penk - Mrgprx1"
"Penk","Ogfr","Penk - Ogfr"
"Penk","Oprd1","Penk - Oprd1"
"Penk","Oprk1","Penk - Oprk1"
"Penk","Oprm1","Penk - Oprm1"
"Pf4","Cxcr3","Pf4 - Cxcr3"
"Pf4","Fgfr2","Pf4 - Fgfr2"
"Pf4","Ldlr","Pf4 - Ldlr"
"Pf4","Procr","Pf4 - Procr"
"Pf4","Sdc2","Pf4 - Sdc2"
"Pf4","Thbd","Pf4 - Thbd"
"Pgf","Flt1","Pgf - Flt1"
"Pgf","Nrp1","Pgf - Nrp1"
"Pgf","Nrp2","Pgf - Nrp2"
"Pigf","Flt1","Pigf - Flt1"
"Pip","Cd4","Pip - Cd4"
"Pip","Nptn","Pip - Nptn"
"Pkm","Cd44","Pkm - Cd44"
"Pla2g10","Pla2r1","Pla2g10 - Pla2r1"
"Plat","Itgam","Plat - Itgam"
"Plat","Itgb2","Plat - Itgb2"
"Plat","Lrp1","Plat - Lrp1"
"Plau","Igf2r","Plau - Igf2r"
"Plau","Itga3","Plau - Itga3"
"Plau","Itga5","Plau - Itga5"
"Plau","Itgam","Plau - Itgam"
"Plau","Itgav","Plau - Itgav"
"Plau","Itgb1","Plau - Itgb1"
"Plau","Itgb2","Plau - Itgb2"
"Plau","Itgb5","Plau - Itgb5"
"Plau","Lrp1","Plau - Lrp1"
"Plau","Lrp2","Plau - Lrp2"
"Plau","Mrc2","Plau - Mrc2"
"Plau","Plaur","Plau - Plaur"
"Plau","St14","Plau - St14"
"Plau","Vldlr","Plau - Vldlr"
"Plg","F2r","Plg - F2r"
"Plg","F2rl1","Plg - F2rl1"
"Plg","F3","Plg - F3"
"Plg","Flt1","Plg - Flt1"
"Plg","Itga9","Plg - Itga9"
"Plg","Itgam","Plg - Itgam"
"Plg","Itgb1","Plg - Itgb1"
"Plg","Itgb2","Plg - Itgb2"
"Plg","Plaur","Plg - Plaur"
"Plg","Plgrkt","Plg - Plgrkt"
"Pltp","Abca1","Pltp - Abca1"
"Pmch","Mchr1","Pmch - Mchr1"
"Pnoc","Oprl1","Pnoc - Oprl1"
"Podxl","Sell","Podxl - Sell"
"Podxl2","Sell","Podxl2 - Sell"
"Pomc","Mc1r","Pomc - Mc1r"
"Pomc","Mc2r","Pomc - Mc2r"
"Pomc","Mc3r","Pomc - Mc3r"
"Pomc","Mc4r","Pomc - Mc4r"
"Pomc","Mc5r","Pomc - Mc5r"
"Pomc","Oprd1","Pomc - Oprd1"
"Pomc","Oprk1","Pomc - Oprk1"
"Pomc","Oprm1","Pomc - Oprm1"
"Pon2","Htr2a","Pon2 - Htr2a"
"Ppbp","Ackr1","Ppbp - Ackr1"
"Ppbp","Cxcr1","Ppbp - Cxcr1"
"Ppbp","Cxcr2","Ppbp - Cxcr2"
"Ppy","Npy1r","Ppy - Npy1r"
"Ppy","Npy2r","Ppy - Npy2r"
"Ppy","Npy4r","Ppy - Npy4r"
"Ppy","Npy5r","Ppy - Npy5r"
"Prl","Prlr","Prl - Prlr"
"Prl3b1","Prlr","Prl3b1 - Prlr"
"Prl3d1","Prlr","Prl3d1 - Prlr"
"Prlh","Prlhr","Prlh - Prlhr"
"Prnd","Rpsa","Prnd - Rpsa"
"Proc","Itgam","Proc - Itgam"
"Proc","Itgb2","Proc - Itgb2"
"Proc","Procr","Proc - Procr"
"Proc","Thbd","Proc - Thbd"
"Prok1","Prokr1","Prok1 - Prokr1"
"Prok1","Prokr2","Prok1 - Prokr2"
"Prok2","Prokr1","Prok2 - Prokr1"
"Prok2","Prokr2","Prok2 - Prokr2"
"Pros1","Axl","Pros1 - Axl"
"Pros1","Tyro3","Pros1 - Tyro3"
"Prss23","Tmem222","Prss23 - Tmem222"
"Psap","Celsr1","Psap - Celsr1"
"Psap","Gpr37","Psap - Gpr37"
"Psap","Gpr37l1","Psap - Gpr37l1"
"Psap","Lrp1","Psap - Lrp1"
"Psap","Sort1","Psap - Sort1"
"Psen1","Cd44","Psen1 - Cd44"
"Psen1","Ncstn","Psen1 - Ncstn"
"Psen1","Notch1","Psen1 - Notch1"
"Psen1","Notch2","Psen1 - Notch2"
"Psen1","Notch3","Psen1 - Notch3"
"Psen1","Notch4","Psen1 - Notch4"
"Pspn","Gfra1","Pspn - Gfra1"
"Pspn","Gfra4","Pspn - Gfra4"
"Pspn","Ret","Pspn - Ret"
"Pspn","Sdc3","Pspn - Sdc3"
"Ptdss1","Jmjd6","Ptdss1 - Jmjd6"
"Ptdss1","Scarb1","Ptdss1 - Scarb1"
"Ptgs2","Alox5","Ptgs2 - Alox5"
"Ptgs2","Cav1","Ptgs2 - Cav1"
"Ptgs2","Ptgdr2","Ptgs2 - Ptgdr2"
"Pth","Pth1r","Pth - Pth1r"
"Pth","Pth2r","Pth - Pth2r"
"Pth2","Pth1r","Pth2 - Pth1r"
"Pth2","Pth2r","Pth2 - Pth2r"
"Pthlh","Prlhr","Pthlh - Prlhr"
"Pthlh","Pth1r","Pthlh - Pth1r"
"Pthlh","Pth2r","Pthlh - Pth2r"
"Ptma","Vipr1","Ptma - Vipr1"
"Ptn","Alk","Ptn - Alk"
"Ptn","Cdh10","Ptn - Cdh10"
"Ptn","Plxnb2","Ptn - Plxnb2"
"Ptn","Ptprb","Ptn - Ptprb"
"Ptn","Ptprs","Ptn - Ptprs"
"Ptn","Ptprz1","Ptn - Ptprz1"
"Ptn","Sdc1","Ptn - Sdc1"
"Ptn","Sdc3","Ptn - Sdc3"
"Pyy","Fap","Pyy - Fap"
"Pyy","Npy1r","Pyy - Npy1r"
"Pyy","Npy2r","Pyy - Npy2r"
"Pyy","Npy4r","Pyy - Npy4r"
"Pyy","Npy5r","Pyy - Npy5r"
"Qdpr","Dysf","Qdpr - Dysf"
"Qrfp","P2ry14","Qrfp - P2ry14"
"Qrfp","Qrfpr","Qrfp - Qrfpr"
"Raet1e","Klrk1","Raet1e - Klrk1"
"Rarres2","Ccrl2","Rarres2 - Ccrl2"
"Rarres2","Cmklr1","Rarres2 - Cmklr1"
"Rarres2","Gpr1","Rarres2 - Gpr1"
"Rbp3","Notch1","Rbp3 - Notch1"
"Rbp4","Stra6","Rbp4 - Stra6"
"Reln","Itga3","Reln - Itga3"
"Reln","Itgb1","Reln - Itgb1"
"Reln","Lrp8","Reln - Lrp8"
"Reln","Vldlr","Reln - Vldlr"
"Ren1","Asic3","Ren1 - Asic3"
"Ren1","Atp6ap2","Ren1 - Atp6ap2"
"Rgma","Bmpr1b","Rgma - Bmpr1b"
"Rgma","Bmpr2","Rgma - Bmpr2"
"Rgma","Hfe2","Rgma - Hfe2"
"Rgma","Neo1","Rgma - Neo1"
"Rgmb","Bmpr1b","Rgmb - Bmpr1b"
"Rgmb","Bmpr2","Rgmb - Bmpr2"
"Rgmb","Hfe2","Rgmb - Hfe2"
"Rgmb","Neo1","Rgmb - Neo1"
"Rims1","Cacna1c","Rims1 - Cacna1c"
"Rims1","Slc17a7","Rims1 - Slc17a7"
"Rims1","Slc18a2","Rims1 - Slc18a2"
"Rims1","Slc18a3","Rims1 - Slc18a3"
"Rims2","Abca1","Rims2 - Abca1"
"Rln1","Rxfp1","Rln1 - Rxfp1"
"Rln1","Rxfp2","Rln1 - Rxfp2"
"Rln3","Rxfp1","Rln3 - Rxfp1"
"Rln3","Rxfp2","Rln3 - Rxfp2"
"Rln3","Rxfp3","Rln3 - Rxfp3"
"Rln3","Rxfp4","Rln3 - Rxfp4"
"Rph3a","Nrxn1","Rph3a - Nrxn1"
"Rps19","C5ar1","Rps19 - C5ar1"
"Rspo1","Fzd8","Rspo1 - Fzd8"
"Rspo1","Lgr4","Rspo1 - Lgr4"
"Rspo1","Lgr5","Rspo1 - Lgr5"
"Rspo1","Lgr6","Rspo1 - Lgr6"
"Rspo1","Lrp6","Rspo1 - Lrp6"
"Rspo1","Znrf3","Rspo1 - Znrf3"
"Rspo2","Lgr4","Rspo2 - Lgr4"
"Rspo2","Lgr5","Rspo2 - Lgr5"
"Rspo2","Lgr6","Rspo2 - Lgr6"
"Rspo3","Fzd8","Rspo3 - Fzd8"
"Rspo3","Lgr4","Rspo3 - Lgr4"
"Rspo3","Lgr5","Rspo3 - Lgr5"
"Rspo3","Lgr6","Rspo3 - Lgr6"
"Rspo3","Lrp6","Rspo3 - Lrp6"
"Rspo3","Sdc4","Rspo3 - Sdc4"
"Rspo4","Lgr4","Rspo4 - Lgr4"
"Rspo4","Lgr5","Rspo4 - Lgr5"
"Rspo4","Lgr6","Rspo4 - Lgr6"
"Rtn4","Cntnap1","Rtn4 - Cntnap1"
"Rtn4","Gjb2","Rtn4 - Gjb2"
"Rtn4","Lingo1","Rtn4 - Lingo1"
"Rtn4","Ngfr","Rtn4 - Ngfr"
"Rtn4","Rtn4r","Rtn4 - Rtn4r"
"Rtn4","Rtn4rl1","Rtn4 - Rtn4rl1"
"Rtn4","Tnfrsf19","Rtn4 - Tnfrsf19"
"S100a8","Tlr4","S100a8 - Tlr4"
"S100a9","Tlr4","S100a9 - Tlr4"
"Saa1","Fpr1","Saa1 - Fpr1"
"Saa1","Fpr2","Saa1 - Fpr2"
"Saa1","Scarb1","Saa1 - Scarb1"
"Scgb1a1","Lmbr1l","Scgb1a1 - Lmbr1l"
"Scgb1a1","Lrp2","Scgb1a1 - Lrp2"
"Scgb3a1","Marco","Scgb3a1 - Marco"
"Scgb3a2","Marco","Scgb3a2 - Marco"
"Sct","Sctr","Sct - Sctr"
"Sct","Vipr1","Sct - Vipr1"
"Sct","Vipr2","Sct - Vipr2"
"Selplg","Esam","Selplg - Esam"
"Selplg","Itgam","Selplg - Itgam"
"Selplg","Itgb2","Selplg - Itgb2"
"Selplg","Sele","Selplg - Sele"
"Selplg","Sell","Selplg - Sell"
"Selplg","Selp","Selplg - Selp"
"Sema3a","Nrp1","Sema3a - Nrp1"
"Sema3a","Nrp2","Sema3a - Nrp2"
"Sema3a","Plxna1","Sema3a - Plxna1"
"Sema3a","Plxna2","Sema3a - Plxna2"
"Sema3a","Plxna3","Sema3a - Plxna3"
"Sema3a","Plxna4","Sema3a - Plxna4"
"Sema3b","Nrp1","Sema3b - Nrp1"
"Sema3b","Nrp2","Sema3b - Nrp2"
"Sema3c","Nrp1","Sema3c - Nrp1"
"Sema3c","Nrp2","Sema3c - Nrp2"
"Sema3c","Plxnd1","Sema3c - Plxnd1"
"Sema3d","Nrp1","Sema3d - Nrp1"
"Sema3e","Nrp1","Sema3e - Nrp1"
"Sema3e","Plxnd1","Sema3e - Plxnd1"
"Sema3f","Nrp1","Sema3f - Nrp1"
"Sema3f","Nrp2","Sema3f - Nrp2"
"Sema3f","Plxna1","Sema3f - Plxna1"
"Sema3f","Plxna3","Sema3f - Plxna3"
"Sema3g","Nrp2","Sema3g - Nrp2"
"Sema4a","Plxnd1","Sema4a - Plxnd1"
"Sema4b","Dcbld2","Sema4b - Dcbld2"
"Sema4c","Plxnb2","Sema4c - Plxnb2"
"Sema4d","Cd72","Sema4d - Cd72"
"Sema4d","Erbb2","Sema4d - Erbb2"
"Sema4d","Met","Sema4d - Met"
"Sema4d","Plxnb1","Sema4d - Plxnb1"
"Sema4d","Plxnb2","Sema4d - Plxnb2"
"Sema4f","Nrp2","Sema4f - Nrp2"
"Sema4g","Plxnb2","Sema4g - Plxnb2"
"Sema5a","Met","Sema5a - Met"
"Sema5a","Plxnb3","Sema5a - Plxnb3"
"Sema6a","Plxna2","Sema6a - Plxna2"
"Sema6a","Plxna4","Sema6a - Plxna4"
"Sema6d","Kdr","Sema6d - Kdr"
"Sema6d","Plxna1","Sema6d - Plxna1"
"Sema6d","Trem2","Sema6d - Trem2"
"Sema6d","Tyrobp","Sema6d - Tyrobp"
"Sema7a","Itga1","Sema7a - Itga1"
"Sema7a","Itgb1","Sema7a - Itgb1"
"Sema7a","Plxnc1","Sema7a - Plxnc1"
"Serpina1a","Lrp1","Serpina1a - Lrp1"
"Serpina1c","Pld2","Serpina1c - Pld2"
"Serpina7","Slc16a2","Serpina7 - Slc16a2"
"Serpinc1","Gpc1","Serpinc1 - Gpc1"
"Serpinc1","Lrp1","Serpinc1 - Lrp1"
"Serpinc1","Sdc2","Serpinc1 - Sdc2"
"Serpine1","Itgav","Serpine1 - Itgav"
"Serpine1","Itgb5","Serpine1 - Itgb5"
"Serpine1","Lrp1","Serpine1 - Lrp1"
"Serpine1","Lrp2","Serpine1 - Lrp2"
"Serpine1","Plaur","Serpine1 - Plaur"
"Serpine2","Lrp1","Serpine2 - Lrp1"
"Serping1","Lrp1","Serping1 - Lrp1"
"Serping1","Sele","Serping1 - Sele"
"Serping1","Selp","Serping1 - Selp"
"Sfrp1","Fzd2","Sfrp1 - Fzd2"
"Sfrp1","Fzd6","Sfrp1 - Fzd6"
"Sftpa1","Tlr2","Sftpa1 - Tlr2"
"Sftpd","Ly96","Sftpd - Ly96"
"Sftpd","Tlr4","Sftpd - Tlr4"
"Shank1","Abca1","Shank1 - Abca1"
"Shank1","Adgrb2","Shank1 - Adgrb2"
"Shank1","Adgrl1","Shank1 - Adgrl1"
"Shank1","Adgrl2","Shank1 - Adgrl2"
"Shank1","Sstr2","Shank1 - Sstr2"
"Shbg","Cd177","Shbg - Cd177"
"Shbg","Cldn4","Shbg - Cldn4"
"Shbg","Slc37a1","Shbg - Slc37a1"
"Shh","Boc","Shh - Boc"
"Shh","Cdon","Shh - Cdon"
"Shh","Gpc5","Shh - Gpc5"
"Shh","Hhip","Shh - Hhip"
"Shh","Lrp2","Shh - Lrp2"
"Shh","Ptch1","Shh - Ptch1"
"Shh","Ptch2","Shh - Ptch2"
"Shh","Smo","Shh - Smo"
"Slit1","Gpc1","Slit1 - Gpc1"
"Slit1","Robo1","Slit1 - Robo1"
"Slit1","Sdc1","Slit1 - Sdc1"
"Slit2","Dcc","Slit2 - Dcc"
"Slit2","Gpc1","Slit2 - Gpc1"
"Slit2","Robo1","Slit2 - Robo1"
"Slit2","Robo2","Slit2 - Robo2"
"Slit2","Robo4","Slit2 - Robo4"
"Slit2","Sdc1","Slit2 - Sdc1"
"Slit3","Robo2","Slit3 - Robo2"
"Slpi","Cd4","Slpi - Cd4"
"Sorbs1","Insr","Sorbs1 - Insr"
"Sorbs1","Itga1","Sorbs1 - Itga1"
"Sorbs1","Itgb5","Sorbs1 - Itgb5"
"Sost","Lrp5","Sost - Lrp5"
"Sost","Lrp6","Sost - Lrp6"
"Spink1","Egfr","Spink1 - Egfr"
"Spink1","Nrsn1","Spink1 - Nrsn1"
"Spint1","St14","Spint1 - St14"
"Spon2","Itgam","Spon2 - Itgam"
"Spon2","Itgb2","Spon2 - Itgb2"
"Spp1","Cd44","Spp1 - Cd44"
"Spp1","Itga4","Spp1 - Itga4"
"Spp1","Itga5","Spp1 - Itga5"
"Spp1","Itga9","Spp1 - Itga9"
"Spp1","Itgav","Spp1 - Itgav"
"Spp1","Itgb1","Spp1 - Itgb1"
"Spp1","S1pr1","Spp1 - S1pr1"
"Sst","Sstr1","Sst - Sstr1"
"Sst","Sstr2","Sst - Sstr2"
"Sst","Sstr3","Sst - Sstr3"
"Sst","Sstr4","Sst - Sstr4"
"Sst","Sstr5","Sst - Sstr5"
"Sytl3","Nrxn1","Sytl3 - Nrxn1"
"Tac1","Tacr1","Tac1 - Tacr1"
"Tac1","Tacr2","Tac1 - Tacr2"
"Tac1","Tacr3","Tac1 - Tacr3"
"Tac2","Tacr1","Tac2 - Tacr1"
"Tac2","Tacr2","Tac2 - Tacr2"
"Tac2","Tacr3","Tac2 - Tacr3"
"Tac4","Tacr1","Tac4 - Tacr1"
"Tac4","Tacr2","Tac4 - Tacr2"
"Tac4","Tacr3","Tac4 - Tacr3"
"Tcn2","Cnr1","Tcn2 - Cnr1"
"Tcn2","Lrp2","Tcn2 - Lrp2"
"Tctn1","Tmem67","Tctn1 - Tmem67"
"Tdgf1","Acvr1b","Tdgf1 - Acvr1b"
"Tdgf1","Acvr1c","Tdgf1 - Acvr1c"
"Tdgf1","Acvr2a","Tdgf1 - Acvr2a"
"Tdgf1","Acvr2b","Tdgf1 - Acvr2b"
"Tdgf1","Gpc1","Tdgf1 - Gpc1"
"Tfpi","F3","Tfpi - F3"
"Tfpi","Lrp1","Tfpi - Lrp1"
"Tfpi","Sdc4","Tfpi - Sdc4"
"Tfpi","Vldlr","Tfpi - Vldlr"
"Tg","Asgr1","Tg - Asgr1"
"Tg","Lrp2","Tg - Lrp2"
"Tgfa","Egfr","Tgfa - Egfr"
"Tgfa","Erbb2","Tgfa - Erbb2"
"Tgfa","Erbb3","Tgfa - Erbb3"
"Tgfa","Erbb4","Tgfa - Erbb4"
"Tgfb1","Acvrl1","Tgfb1 - Acvrl1"
"Tgfb1","Cav1","Tgfb1 - Cav1"
"Tgfb1","Cd109","Tgfb1 - Cd109"
"Tgfb1","Cxcr4","Tgfb1 - Cxcr4"
"Tgfb1","Eng","Tgfb1 - Eng"
"Tgfb1","Itgav","Tgfb1 - Itgav"
"Tgfb1","Itgb6","Tgfb1 - Itgb6"
"Tgfb1","Itgb8","Tgfb1 - Itgb8"
"Tgfb1","Sdc2","Tgfb1 - Sdc2"
"Tgfb1","Tgfbr1","Tgfb1 - Tgfbr1"
"Tgfb1","Tgfbr2","Tgfb1 - Tgfbr2"
"Tgfb1","Tgfbr3","Tgfb1 - Tgfbr3"
"Tgfb2","Acvr1","Tgfb2 - Acvr1"
"Tgfb2","Eng","Tgfb2 - Eng"
"Tgfb2","Tgfbr1","Tgfb2 - Tgfbr1"
"Tgfb2","Tgfbr2","Tgfb2 - Tgfbr2"
"Tgfb2","Tgfbr3","Tgfb2 - Tgfbr3"
"Tgfb3","Acvrl1","Tgfb3 - Acvrl1"
"Tgfb3","Eng","Tgfb3 - Eng"
"Tgfb3","Tgfbr1","Tgfb3 - Tgfbr1"
"Tgfb3","Tgfbr2","Tgfb3 - Tgfbr2"
"Tgfb3","Tgfbr3","Tgfb3 - Tgfbr3"
"Tgm2","Adgrg1","Tgm2 - Adgrg1"
"Tgm2","Itga4","Tgm2 - Itga4"
"Tgm2","Itga9","Tgm2 - Itga9"
"Tgm2","Itgb1","Tgm2 - Itgb1"
"Tgm2","Itgb3","Tgm2 - Itgb3"
"Tgm2","Sdc4","Tgm2 - Sdc4"
"Tgm2","Tbxa2r","Tgm2 - Tbxa2r"
"Thbs1","Cd36","Thbs1 - Cd36"
"Thbs1","Cd47","Thbs1 - Cd47"
"Thbs1","Itga2b","Thbs1 - Itga2b"
"Thbs1","Itga3","Thbs1 - Itga3"
"Thbs1","Itga4","Thbs1 - Itga4"
"Thbs1","Itga6","Thbs1 - Itga6"
"Thbs1","Itgb1","Thbs1 - Itgb1"
"Thbs1","Itgb3","Thbs1 - Itgb3"
"Thbs1","Lrp1","Thbs1 - Lrp1"
"Thbs1","Lrp5","Thbs1 - Lrp5"
"Thbs1","Scarb1","Thbs1 - Scarb1"
"Thbs1","Sdc1","Thbs1 - Sdc1"
"Thbs1","Sdc4","Thbs1 - Sdc4"
"Thbs1","Tnfrsf11b","Thbs1 - Tnfrsf11b"
"Thbs2","Cd47","Thbs2 - Cd47"
"Thbs2","Itga4","Thbs2 - Itga4"
"Thbs2","Itga6","Thbs2 - Itga6"
"Thbs2","Itgb1","Thbs2 - Itgb1"
"Thbs2","Notch3","Thbs2 - Notch3"
"Thbs2","Notch4","Thbs2 - Notch4"
"Thpo","Mpl","Thpo - Mpl"
"Thpo","Sirpb1a","Thpo - Sirpb1a"
"Timp1","Cd63","Timp1 - Cd63"
"Timp2","Itga3","Timp2 - Itga3"
"Timp2","Itgb1","Timp2 - Itgb1"
"Timp3","Agtr2","Timp3 - Agtr2"
"Timp3","Kdr","Timp3 - Kdr"
"Tnc","Cntn1","Tnc - Cntn1"
"Tnc","Egfr","Tnc - Egfr"
"Tnc","Itga2","Tnc - Itga2"
"Tnc","Itga5","Tnc - Itga5"
"Tnc","Itga7","Tnc - Itga7"
"Tnc","Itga8","Tnc - Itga8"
"Tnc","Itga9","Tnc - Itga9"
"Tnc","Itgav","Tnc - Itgav"
"Tnc","Itgb1","Tnc - Itgb1"
"Tnc","Nt5e","Tnc - Nt5e"
"Tnc","Ptprb","Tnc - Ptprb"
"Tnc","Ptprz1","Tnc - Ptprz1"
"Tnc","Sdc1","Tnc - Sdc1"
"Tnc","Sdc4","Tnc - Sdc4"
"Tnf","Ltbr","Tnf - Ltbr"
"Tnf","Slc5a11","Tnf - Slc5a11"
"Tnf","Tnfrsf1a","Tnf - Tnfrsf1a"
"Tnf","Tnfrsf1b","Tnf - Tnfrsf1b"
"Tnf","Tnfrsf21","Tnf - Tnfrsf21"
"Tnf","Traf2","Tnf - Traf2"
"Tnfsf10","Tnfrsf10b","Tnfsf10 - Tnfrsf10b"
"Tnfsf10","Tnfrsf11b","Tnfsf10 - Tnfrsf11b"
"Tnfsf11","Tnfrsf11a","Tnfsf11 - Tnfrsf11a"
"Tnfsf11","Tnfrsf11b","Tnfsf11 - Tnfrsf11b"
"Tnfsf12","Tnfrsf12a","Tnfsf12 - Tnfrsf12a"
"Tnfsf12","Tnfrsf25","Tnfsf12 - Tnfrsf25"
"Tnfsf13","Fas","Tnfsf13 - Fas"
"Tnfsf13","Sdc2","Tnfsf13 - Sdc2"
"Tnfsf13","Tnfrsf11b","Tnfsf13 - Tnfrsf11b"
"Tnfsf13","Tnfrsf13b","Tnfsf13 - Tnfrsf13b"
"Tnfsf13","Tnfrsf14","Tnfsf13 - Tnfrsf14"
"Tnfsf13","Tnfrsf17","Tnfsf13 - Tnfrsf17"
"Tnfsf13","Tnfrsf1a","Tnfsf13 - Tnfrsf1a"
"Tnfsf13b","Tnfrsf13b","Tnfsf13b - Tnfrsf13b"
"Tnfsf13b","Tnfrsf13c","Tnfsf13b - Tnfrsf13c"
"Tnfsf13b","Tnfrsf17","Tnfsf13b - Tnfrsf17"
"Tnfsf14","Ltbr","Tnfsf14 - Ltbr"
"Tnfsf14","Tnfrsf14","Tnfsf14 - Tnfrsf14"
"Tnfsf15","Tnfrsf25","Tnfsf15 - Tnfrsf25"
"Tnfsf18","Tnfrsf18","Tnfsf18 - Tnfrsf18"
"Tnfsf4","Tnfrsf4","Tnfsf4 - Tnfrsf4"
"Tnfsf4","Traf2","Tnfsf4 - Traf2"
"Tnfsf8","Tnfrsf8","Tnfsf8 - Tnfrsf8"
"Tnfsf9","Tnfrsf9","Tnfsf9 - Tnfrsf9"
"Tnfsf9","Traf2","Tnfsf9 - Traf2"
"Tph1","Htr1a","Tph1 - Htr1a"
"Tph1","Htr1b","Tph1 - Htr1b"
"Tph1","Htr1d","Tph1 - Htr1d"
"Tph1","Htr1f","Tph1 - Htr1f"
"Tph1","Htr2a","Tph1 - Htr2a"
"Tph1","Htr2b","Tph1 - Htr2b"
"Tph1","Htr2c","Tph1 - Htr2c"
"Tph1","Htr4","Tph1 - Htr4"
"Tph1","Htr5a","Tph1 - Htr5a"
"Tph1","Htr6","Tph1 - Htr6"
"Tph1","Htr7","Tph1 - Htr7"
"Trh","Trhr","Trh - Trhr"
"Tshb","Tshr","Tshb - Tshr"
"Tslp","Il7r","Tslp - Il7r"
"Uba52","Acvr1","Uba52 - Acvr1"
"Uba52","Agtr1a","Uba52 - Agtr1a"
"Uba52","Bmpr1b","Uba52 - Bmpr1b"
"Uba52","Egfr","Uba52 - Egfr"
"Uba52","Erbb2","Uba52 - Erbb2"
"Uba52","Fshr","Uba52 - Fshr"
"Uba52","Notch1","Uba52 - Notch1"
"Uba52","Tgfbr1","Uba52 - Tgfbr1"
"Uba52","Tgfbr2","Uba52 - Tgfbr2"
"Ucn","Crhr1","Ucn - Crhr1"
"Ucn","Crhr2","Ucn - Crhr2"
"Ucn2","Crhr1","Ucn2 - Crhr1"
"Ucn2","Crhr2","Ucn2 - Crhr2"
"Ucn2","Il10rb","Ucn2 - Il10rb"
"Ucn3","Crhr1","Ucn3 - Crhr1"
"Ucn3","Crhr2","Ucn3 - Crhr2"
"Ucn3","Il10rb","Ucn3 - Il10rb"
"Uts2","Uts2r","Uts2 - Uts2r"
"Uts2b","Uts2r","Uts2b - Uts2r"
"Vasp","Cxcr2","Vasp - Cxcr2"
"Vcam1","Itga4","Vcam1 - Itga4"
"Vcam1","Itga9","Vcam1 - Itga9"
"Vcam1","Itgad","Vcam1 - Itgad"
"Vcam1","Itgb1","Vcam1 - Itgb1"
"Vcam1","Itgb2","Vcam1 - Itgb2"
"Vcam1","Itgb7","Vcam1 - Itgb7"
"Vcan","Cd44","Vcan - Cd44"
"Vcan","Egfr","Vcan - Egfr"
"Vcan","Itga4","Vcan - Itga4"
"Vcan","Itgb1","Vcan - Itgb1"
"Vcan","Sell","Vcan - Sell"
"Vcan","Selp","Vcan - Selp"
"Vcan","Tlr1","Vcan - Tlr1"
"Vcan","Tlr2","Vcan - Tlr2"
"Vegfa","Egfr","Vegfa - Egfr"
"Vegfa","Ephb2","Vegfa - Ephb2"
"Vegfa","Flt1","Vegfa - Flt1"
"Vegfa","Gpc1","Vegfa - Gpc1"
"Vegfa","Itga9","Vegfa - Itga9"
"Vegfa","Itgav","Vegfa - Itgav"
"Vegfa","Itgb1","Vegfa - Itgb1"
"Vegfa","Kdr","Vegfa - Kdr"
"Vegfa","Nrp1","Vegfa - Nrp1"
"Vegfa","Nrp2","Vegfa - Nrp2"
"Vegfa","Ret","Vegfa - Ret"
"Vegfa","Sirpa","Vegfa - Sirpa"
"Vegfa","Tyro3","Vegfa - Tyro3"
"Vegfb","Flt1","Vegfb - Flt1"
"Vegfb","Nrp1","Vegfb - Nrp1"
"Vegfb","Ret","Vegfb - Ret"
"Vegfb","Tyro3","Vegfb - Tyro3"
"Vegfc","Flt1","Vegfc - Flt1"
"Vegfc","Flt4","Vegfc - Flt4"
"Vegfc","Itga9","Vegfc - Itga9"
"Vegfc","Itgb1","Vegfc - Itgb1"
"Vegfc","Kdr","Vegfc - Kdr"
"Vegfc","Lyve1","Vegfc - Lyve1"
"Vegfc","Nrp2","Vegfc - Nrp2"
"Vegfc","Vipr2","Vegfc - Vipr2"
"Vim","Cd44","Vim - Cd44"
"Vip","Adcyap1r1","Vip - Adcyap1r1"
"Vip","Npr3","Vip - Npr3"
"Vip","Sctr","Vip - Sctr"
"Vip","Vipr1","Vip - Vipr1"
"Vip","Vipr2","Vip - Vipr2"
"Vtn","Cd47","Vtn - Cd47"
"Vtn","Itga2b","Vtn - Itga2b"
"Vtn","Itga3","Vtn - Itga3"
"Vtn","Itga5","Vtn - Itga5"
"Vtn","Itga8","Vtn - Itga8"
"Vtn","Itgav","Vtn - Itgav"
"Vtn","Itgb1","Vtn - Itgb1"
"Vtn","Itgb3","Vtn - Itgb3"
"Vtn","Itgb5","Vtn - Itgb5"
"Vtn","Itgb6","Vtn - Itgb6"
"Vtn","Itgb8","Vtn - Itgb8"
"Vtn","Kdr","Vtn - Kdr"
"Vtn","Plaur","Vtn - Plaur"
"Vtn","Pvr","Vtn - Pvr"
"Vtn","Tnfrsf11b","Vtn - Tnfrsf11b"
"Vwf","Gp1ba","Vwf - Gp1ba"
"Vwf","Itga2b","Vwf - Itga2b"
"Vwf","Selp","Vwf - Selp"
"Vwf","Sirpa","Vwf - Sirpa"
"Vwf","Tnfrsf11b","Vwf - Tnfrsf11b"
"Wfdc18","Fgfr1","Wfdc18 - Fgfr1"
"Wnt1","Fzd1","Wnt1 - Fzd1"
"Wnt1","Fzd3","Wnt1 - Fzd3"
"Wnt1","Fzd5","Wnt1 - Fzd5"
"Wnt1","Fzd7","Wnt1 - Fzd7"
"Wnt1","Fzd8","Wnt1 - Fzd8"
"Wnt1","Fzd9","Wnt1 - Fzd9"
"Wnt1","Lrp5","Wnt1 - Lrp5"
"Wnt1","Lrp6","Wnt1 - Lrp6"
"Wnt1","Ryk","Wnt1 - Ryk"
"Wnt11","Fzd7","Wnt11 - Fzd7"
"Wnt16","Fzd6","Wnt16 - Fzd6"
"Wnt2","Fzd1","Wnt2 - Fzd1"
"Wnt2","Fzd5","Wnt2 - Fzd5"
"Wnt2","Fzd7","Wnt2 - Fzd7"
"Wnt2","Fzd8","Wnt2 - Fzd8"
"Wnt2","Fzd9","Wnt2 - Fzd9"
"Wnt2","Lrp6","Wnt2 - Lrp6"
"Wnt3","Fzd1","Wnt3 - Fzd1"
"Wnt3","Fzd5","Wnt3 - Fzd5"
"Wnt3","Fzd7","Wnt3 - Fzd7"
"Wnt3","Fzd8","Wnt3 - Fzd8"
"Wnt3","Lrp6","Wnt3 - Lrp6"
"Wnt3","Ryk","Wnt3 - Ryk"
"Wnt3a","Apcdd1","Wnt3a - Apcdd1"
"Wnt3a","Atp6ap2","Wnt3a - Atp6ap2"
"Wnt3a","Fzd1","Wnt3a - Fzd1"
"Wnt3a","Fzd2","Wnt3a - Fzd2"
"Wnt3a","Fzd5","Wnt3a - Fzd5"
"Wnt3a","Fzd6","Wnt3a - Fzd6"
"Wnt3a","Fzd7","Wnt3a - Fzd7"
"Wnt3a","Fzd8","Wnt3a - Fzd8"
"Wnt3a","Lrp1","Wnt3a - Lrp1"
"Wnt3a","Lrp6","Wnt3a - Lrp6"
"Wnt3a","Ryk","Wnt3a - Ryk"
"Wnt4","Fzd2","Wnt4 - Fzd2"
"Wnt4","Fzd6","Wnt4 - Fzd6"
"Wnt5a","Fzd1","Wnt5a - Fzd1"
"Wnt5a","Fzd2","Wnt5a - Fzd2"
"Wnt5a","Fzd4","Wnt5a - Fzd4"
"Wnt5a","Fzd5","Wnt5a - Fzd5"
"Wnt5a","Fzd6","Wnt5a - Fzd6"
"Wnt5a","Fzd7","Wnt5a - Fzd7"
"Wnt5a","Fzd8","Wnt5a - Fzd8"
"Wnt5a","Lrp5","Wnt5a - Lrp5"
"Wnt5a","Mcam","Wnt5a - Mcam"
"Wnt5a","Ror1","Wnt5a - Ror1"
"Wnt5a","Ror2","Wnt5a - Ror2"
"Wnt5a","Ryk","Wnt5a - Ryk"
"Wnt7a","Fzd10","Wnt7a - Fzd10"
"Wnt7a","Fzd5","Wnt7a - Fzd5"
"Wnt7a","Fzd9","Wnt7a - Fzd9"
"Wnt7a","Lrp6","Wnt7a - Lrp6"
"Wnt7b","Fzd1","Wnt7b - Fzd1"
"Wnt7b","Fzd10","Wnt7b - Fzd10"
"Wnt7b","Lrp5","Wnt7b - Lrp5"
"Xcl1","Xcr1","Xcl1 - Xcr1"
"Yars","Cxcr1","Yars - Cxcr1"
"Zg16","Cxcr4","Zg16 - Cxcr4"
"Zg16","Tlr2","Zg16 - Tlr2"
"Zg16","Tlr4","Zg16 - Tlr4"
"Zg16","Tlr5","Zg16 - Tlr5"
"Zg16","Tlr6","Zg16 - Tlr6"
"Zp3","Egfr","Zp3 - Egfr"
"Zp3","Mertk","Zp3 - Mertk"
"Adm","Crcp","Adm - Crcp"
"Adm","Ramp1","Adm - Ramp1"
"Adm2","Crcp","Adm2 - Crcp"
"Adm2","Ramp2","Adm2 - Ramp2"
"Agt","Prcp","Agt - Prcp"
"App","Ache","App - Ache"
"App","Adam17","App - Adam17"
"App","Ctsd","App - Ctsd"
"App","Klk6","App - Klk6"
"Arhgdib","Casp3","Arhgdib - Casp3"
"Arhgdib","Casp7","Arhgdib - Casp7"
"Bid","Casp2","Bid - Casp2"
"Bid","Casp3","Bid - Casp3"
"Bid","Casp8","Bid - Casp8"
"Bmp8a","Bmpr2","Bmp8a - Bmpr2"
"Bmp8b","Abl1","Bmp8b - Abl1"
"Bmp8b","Fyn","Bmp8b - Fyn"
"C3","Cfb","C3 - Cfb"
"C3","Cpn1","C3 - Cpn1"
"C5","C5ar1","C5 - C5ar1"
"Calca","Crcp","Calca - Crcp"
"Ccl11","Dpp4","Ccl11 - Dpp4"
"Ccl12","Ccr5","Ccl12 - Ccr5"
"Ccl22","Dpp4","Ccl22 - Dpp4"
"Ccl23","Ccr1","Ccl23 - Ccr1"
"Cd36","Hsp90b1","Cd36 - Hsp90b1"
"Cd55","Cd97","Cd55 - Cd97"
"Cflar","Casp10","Cflar - Casp10"
"Cflar","Casp3","Cflar - Casp3"
"Cflar","Casp8","Cflar - Casp8"
"Chga","Plg","Chga - Plg"
"Cntn1","Ptprb","Cntn1 - Ptprb"
"Col1a1","Mmp2","Col1a1 - Mmp2"
"Col4a1","Klk6","Col4a1 - Klk6"
"Copa","Ntsr2","Copa - Ntsr2"
"Copa","Slc25a11","Copa - Slc25a11"
"Crlf1","Cntfr","Crlf1 - Cntfr"
"Ctf1","Ep300","Ctf1 - Ep300"
"Ctnnb1","Abl1","Ctnnb1 - Abl1"
"Ctnnb1","Ar","Ctnnb1 - Ar"
"Ctnnb1","Carm1","Ctnnb1 - Carm1"
"Ctnnb1","Chuk","Ctnnb1 - Chuk"
"Ctnnb1","Egfr","Ctnnb1 - Egfr"
"Ctnnb1","Erbb2","Ctnnb1 - Erbb2"
"Ctnnb1","Fer","Ctnnb1 - Fer"
"Ctnnb1","Fyn","Ctnnb1 - Fyn"
"Ctnnb1","Gsk3b","Ctnnb1 - Gsk3b"
"Ctnnb1","Hdac6","Ctnnb1 - Hdac6"
"Ctnnb1","Hnf4a","Ctnnb1 - Hnf4a"
"Ctnnb1","Ikbkb","Ctnnb1 - Ikbkb"
"Ctnnb1","Kat2a","Ctnnb1 - Kat2a"
"Ctnnb1","Kat2b","Ctnnb1 - Kat2b"
"Ctnnb1","Kmt2a","Ctnnb1 - Kmt2a"
"Ctnnb1","Kmt2d","Ctnnb1 - Kmt2d"
"Ctnnb1","Notch1","Ctnnb1 - Notch1"
"Ctnnb1","Nr5a1","Ctnnb1 - Nr5a1"
"Ctnnb1","Pik3r1","Ctnnb1 - Pik3r1"
"Ctnnb1","Psen1","Ctnnb1 - Psen1"
"Ctnnb1","Ptprb","Ctnnb1 - Ptprb"
"Ctnnb1","Ptprc","Ctnnb1 - Ptprc"
"Ctnnb1","Ptprf","Ctnnb1 - Ptprf"
"Ctnnb1","Ptprg","Ctnnb1 - Ptprg"
"Ctnnb1","Ptprj","Ctnnb1 - Ptprj"
"Ctnnb1","Ptprk","Ctnnb1 - Ptprk"
"Ctnnb1","Ptpro","Ctnnb1 - Ptpro"
"Ctnnb1","Smarca4","Ctnnb1 - Smarca4"
"Cxcl10","Dpp4","Cxcl10 - Dpp4"
"Cxcl10","Dpp8","Cxcl10 - Dpp8"
"Cxcl11","Dpp4","Cxcl11 - Dpp4"
"Cxcl11","Dpp8","Cxcl11 - Dpp8"
"Cxcl12","Dpp4","Cxcl12 - Dpp4"
"Cxcl12","Dpp8","Cxcl12 - Dpp8"
"Cxcl2","Dpp4","Cxcl2 - Dpp4"
"Cxcl5","Mmp9","Cxcl5 - Mmp9"
"Cxcl6","Mmp9","Cxcl6 - Mmp9"
"Cxcl8","Csnk2a1","Cxcl8 - Csnk2a1"
"Cxcl9","Dpp4","Cxcl9 - Dpp4"
"Efna1","Kat5","Efna1 - Kat5"
"Efna5","Abl1","Efna5 - Abl1"
"Efna5","Src","Efna5 - Src"
"Efnb1","Epha3","Efnb1 - Epha3"
"Efnb1","Src","Efnb1 - Src"
"Egf","Pik3r2","Egf - Pik3r2"
"F2","Cpb2","F2 - Cpb2"
"F2","F5","F2 - F5"
"F2","F8","F2 - F8"
"Faslg","Btk","Faslg - Btk"
"Faslg","Fas","Faslg - Fas"
"Faslg","Fgr","Faslg - Fgr"
"Faslg","Fyn","Faslg - Fyn"
"Faslg","Itk","Faslg - Itk"
"Faslg","Kalrn","Faslg - Kalrn"
"Faslg","Lck","Faslg - Lck"
"Faslg","Lyn","Faslg - Lyn"
"Faslg","Pik3r1","Faslg - Pik3r1"
"Fga","Klk6","Fga - Klk6"
"Fga","Plat","Fga - Plat"
"Fgb","Klk6","Fgb - Klk6"
"Fgf1","Csnk2a1","Fgf1 - Csnk2a1"
"Fgf1","Csnk2a2","Fgf1 - Csnk2a2"
"Fgf1","Csnk2b","Fgf1 - Csnk2b"
"Fgf2","Csnk2a1","Fgf2 - Csnk2a1"
"Fgf2","Csnk2a2","Fgf2 - Csnk2a2"
"Fgf2","Csnk2b","Fgf2 - Csnk2b"
"Figf","Flt4","Figf - Flt4"
"Figf","Kdr","Figf - Kdr"
"Gdf2","Bmpr1b","Gdf2 - Bmpr1b"
"Gdf9","Kdm1a","Gdf9 - Kdm1a"
"Gh1","Ghr","Gh1 - Ghr"
"Hc","C5ar1","Hc - C5ar1"
"Hc","C5ar2","Hc - C5ar2"
"Hebp1","Fpr2","Hebp1 - Fpr2"
"Hsp90ab1","Mapk6","Hsp90ab1 - Mapk6"
"Hsp90ab1","Mknk1","Hsp90ab1 - Mknk1"
"Hspd1","Aldh2","Hspd1 - Aldh2"
"Hspd1","Dhfr","Hspd1 - Dhfr"
"Hspd1","Mapk6","Hspd1 - Mapk6"
"Hspd1","Nr3c1","Hspd1 - Nr3c1"
"Htt","Crebbp","Htt - Crebbp"
"Htt","Setd2","Htt - Setd2"
"Igf1","Ide","Igf1 - Ide"
"Igf2","Ide","Igf2 - Ide"
"Il13","Il4ra","Il13 - Il4ra"
"Il18","Casp1","Il18 - Casp1"
"Il18","Casp4","Il18 - Casp4"
"Il37","Casp1","Il37 - Casp1"
"Il37","Casp4","Il37 - Casp4"
"Il4","Il4ra","Il4 - Il4ra"
"Ins","Kmt2a","Ins - Kmt2a"
"Ins2","Insr","Ins2 - Insr"
"Kitlg","Kit","Kitlg - Kit"
"Kng1","Elane","Kng1 - Elane"
"Kng1","F11","Kng1 - F11"
"Kng1","Klkb1","Kng1 - Klkb1"
"Kng1","Plg","Kng1 - Plg"
"Nppb","Hdac4","Nppb - Hdac4"
"Npvf","Abl1","Npvf - Abl1"
"Npvf","Fyn","Npvf - Fyn"
"Pf4","Proc","Pf4 - Proc"
"Ppbp","Csnk2a1","Ppbp - Csnk2a1"
"Pros1","F5","Pros1 - F5"
"Pros1","F8","Pros1 - F8"
"Psap","Ghr","Psap - Ghr"
"Ptn","Atp5c1","Ptn - Atp5c1"
"Ptn","Slc25a36","Ptn - Slc25a36"
"Rac1","Bcr","Rac1 - Bcr"
"Rac1","Cdc42bpg","Rac1 - Cdc42bpg"
"Rac1","Cit","Rac1 - Cit"
"Rac1","Dmpk","Rac1 - Dmpk"
"Rac1","Lats1","Rac1 - Lats1"
"Rac1","Map3k10","Rac1 - Map3k10"
"Rac1","Nos2","Rac1 - Nos2"
"Rac1","Pak1","Rac1 - Pak1"
"Rac1","Pak2","Rac1 - Pak2"
"Rac1","Pak3","Rac1 - Pak3"
"Rac1","Plcb2","Rac1 - Plcb2"
"Rac1","Ptk2","Rac1 - Ptk2"
"Rac1","Synj2","Rac1 - Synj2"
"Rac1","Trio","Rac1 - Trio"
"Rac2","Nos2","Rac2 - Nos2"
"Rac2","Pak2","Rac2 - Pak2"
"Rac3","Esr1","Rac3 - Esr1"
"Rac3","Rara","Rac3 - Rara"
"Rac3","Rxra","Rac3 - Rxra"
"Rb1","Abl1","Rb1 - Abl1"
"Rb1","Ar","Rb1 - Ar"
"Rb1","Aurkb","Rb1 - Aurkb"
"Rb1","Cdk2","Rb1 - Cdk2"
"Rb1","Cdk4","Rb1 - Cdk4"
"Rb1","Cdk9","Rb1 - Cdk9"
"Rb1","Chek1","Rb1 - Chek1"
"Rb1","Chek2","Rb1 - Chek2"
"Rb1","Dnmt1","Rb1 - Dnmt1"
"Rb1","Dnmt3a","Rb1 - Dnmt3a"
"Rb1","Frk","Rb1 - Frk"
"Rb1","Hdac1","Rb1 - Hdac1"
"Rb1","Hdac2","Rb1 - Hdac2"
"Rb1","Kat2b","Rb1 - Kat2b"
"Rb1","Kdm4a","Rb1 - Kdm4a"
"Rb1","Kdm5a","Rb1 - Kdm5a"
"Rb1","Mapk14","Rb1 - Mapk14"
"Rb1","Pik3r3","Rb1 - Pik3r3"
"Rb1","Pparg","Rb1 - Pparg"
"Rb1","Prdm2","Rb1 - Prdm2"
"Rb1","Prmt2","Rb1 - Prmt2"
"Rb1","Raf1","Rb1 - Raf1"
"Rb1","Smyd2","Rb1 - Smyd2"
"Rb1","Suv39h1","Rb1 - Suv39h1"
"Rb1","Taf1","Rb1 - Taf1"
"Rgs2","Adcy5","Rgs2 - Adcy5"
"Rgs2","Ddr1","Rgs2 - Ddr1"
"Rgs2","Hspa8","Rgs2 - Hspa8"
"Rgs2","Prkca","Rgs2 - Prkca"
"Rgs2","Prkcb","Rgs2 - Prkcb"
"Rgs2","Prkcg","Rgs2 - Prkcg"
"Spp1","Casp3","Spp1 - Casp3"
"Spp1","Casp8","Spp1 - Casp8"
"Tgfb1","Mmp2","Tgfb1 - Mmp2"
"Timp2","Mmp14","Timp2 - Mmp14"
"Timp2","Mmp2","Timp2 - Mmp2"
"Timp3","Adam17","Timp3 - Adam17"
"Timp3","Mmp2","Timp3 - Mmp2"
"Tlr2","Hsp90b1","Tlr2 - Hsp90b1"
"Tlr2","Hspa4","Tlr2 - Hspa4"
"Tlr2","Hspd1","Tlr2 - Hspd1"
"Tlr4","Fn1","Tlr4 - Fn1"
"Tlr4","Hsp90b1","Tlr4 - Hsp90b1"
"Tlr4","Hspa4","Tlr4 - Hspa4"
"Tlr4","Hspb8","Tlr4 - Hspb8"
"Tlr4","Hspd1","Tlr4 - Hspd1"
"Tnfsf10","Tnfrsf10d","Tnfsf10 - Tnfrsf10d"
"Vtn","Vegfa","Vtn - Vegfa"
"Vwf","Adamts13","Vwf - Adamts13"
"Vwf","F8","Vwf - F8"
"Vwf","Map3k3","Vwf - Map3k3"
"Adm","Mrgprb1","Adm - Mrgprb1"
"Agt","Agtr1b","Agt - Agtr1b"
"B2m","Gm11127","B2m - Gm11127"
"B2m","Gm7030","B2m - Gm7030"
"C4a","C3ar1","C4a - C3ar1"
"C4a","C5ar2","C4a - C5ar2"
"C4a","Cd46","C4a - Cd46"
"C4b","C3ar1","C4b - C3ar1"
"C4b","C5ar2","C4b - C5ar2"
"Cadm1","Crtam","Cadm1 - Crtam"
"Ccl17","Ccr4","Ccl17 - Ccr4"
"Ccl17","Ccr8","Ccl17 - Ccr8"
"Ccl21b","Ackr2","Ccl21b - Ackr2"
"Ccl21b","Ackr4","Ccl21b - Ackr4"
"Ccl21b","Ccr7","Ccl21b - Ccr7"
"Ccl21b","Cxcr3","Ccl21b - Cxcr3"
"Ccl27a","Ackr2","Ccl27a - Ackr2"
"Ccl27a","Ccr10","Ccl27a - Ccr10"
"Ccl27b","Ackr2","Ccl27b - Ackr2"
"Ccl27b","Ccr10","Ccl27b - Ccr10"
"Cd274","Cd80","Cd274 - Cd80"
"Cd274","Pdcd1","Cd274 - Pdcd1"
"Cd48","Cd2","Cd48 - Cd2"
"Cd48","Cd244a","Cd48 - Cd244a"
"Cd80","Cd28","Cd80 - Cd28"
"Cd80","Ctla4","Cd80 - Ctla4"
"Cd84","Cd84","Cd84 - Cd84"
"Cd86","Cd28","Cd86 - Cd28"
"Cd86","Ctla4","Cd86 - Ctla4"
"Ceacam1","Havcr2","Ceacam1 - Havcr2"
"Ceacam2","Havcr2","Ceacam2 - Havcr2"
"Clec4g","Lag3","Clec4g - Lag3"
"Col2a1","Tnfrsf10b","Col2a1 - Tnfrsf10b"
"Cort","Mrgprb1","Cort - Mrgprb1"
"Csf2","Csf2rb2","Csf2 - Csf2rb2"
"Cxcl1","Xcr1","Cxcl1 - Xcr1"
"Cxcl11","Ackr3","Cxcl11 - Ackr3"
"Cxcl11","Ccr3","Cxcl11 - Ccr3"
"Cxcl11","Cxcr3","Cxcl11 - Cxcr3"
"Defb14","Ccr2","Defb14 - Ccr2"
"Defb14","Ccr6","Defb14 - Ccr6"
"Fgl1","Lag3","Fgl1 - Lag3"
"Gal","Galr3","Gal - Galr3"
"Galp","Galr3","Galp - Galr3"
"Gm10499","Aplp2","Gm10499 - Aplp2"
"Gm10499","Erbb2","Gm10499 - Erbb2"
"Gm10499","Kir3dl1","Gm10499 - Kir3dl1"
"Gm10499","Kir3dl2","Gm10499 - Kir3dl2"
"Gm10591","Ackr2","Gm10591 - Ackr2"
"Gm10591","Ackr4","Gm10591 - Ackr4"
"Gm10591","Ccr7","Gm10591 - Ccr7"
"Gm10591","Cxcr3","Gm10591 - Cxcr3"
"Gm13304","Ackr2","Gm13304 - Ackr2"
"Gm13304","Ackr4","Gm13304 - Ackr4"
"Gm13304","Ccr7","Gm13304 - Ccr7"
"Gm13304","Cxcr3","Gm13304 - Cxcr3"
"Gm13306","Ackr2","Gm13306 - Ackr2"
"Gm13306","Ccr10","Gm13306 - Ccr10"
"Gm21541","Ackr2","Gm21541 - Ackr2"
"Gm21541","Ackr4","Gm21541 - Ackr4"
"Gm21541","Ccr7","Gm21541 - Ccr7"
"Gm21541","Cxcr3","Gm21541 - Cxcr3"
"Gm8909","Aplp2","Gm8909 - Aplp2"
"Gm8909","Erbb2","Gm8909 - Erbb2"
"Gm8909","Kir3dl1","Gm8909 - Kir3dl1"
"Gm8909","Kir3dl2","Gm8909 - Kir3dl2"
"Gstp2","Traf2","Gstp2 - Traf2"
"Gstp3","Traf2","Gstp3 - Traf2"
"Guca2b","Gucy2e","Guca2b - Gucy2e"
"Gzme","Chrm3","Gzme - Chrm3"
"Gzme","Igf2r","Gzme - Igf2r"
"H2-Aa","Lag3","H2-Aa - Lag3"
"H2-Ab1","Lag3","H2-Ab1 - Lag3"
"H2-Bl","Aplp2","H2-Bl - Aplp2"
"H2-Bl","Erbb2","H2-Bl - Erbb2"
"H2-Bl","Kir3dl1","H2-Bl - Kir3dl1"
"H2-Bl","Kir3dl2","H2-Bl - Kir3dl2"
"H2-D1","Aplp2","H2-D1 - Aplp2"
"H2-D1","Erbb2","H2-D1 - Erbb2"
"H2-D1","Kir3dl1","H2-D1 - Kir3dl1"
"H2-D1","Kir3dl2","H2-D1 - Kir3dl2"
"H2-Ea-ps","Lag3","H2-Ea-ps - Lag3"
"H2-Eb1","Lag3","H2-Eb1 - Lag3"
"H2-K1","Aplp2","H2-K1 - Aplp2"
"H2-K1","Erbb2","H2-K1 - Erbb2"
"H2-K1","Kir3dl1","H2-K1 - Kir3dl1"
"H2-K1","Kir3dl2","H2-K1 - Kir3dl2"
"H2-M3","Klrc1","H2-M3 - Klrc1"
"H2-M3","Klrd1","H2-M3 - Klrd1"
"H2-Q1","Aplp2","H2-Q1 - Aplp2"
"H2-Q1","Erbb2","H2-Q1 - Erbb2"
"H2-Q1","Kir3dl1","H2-Q1 - Kir3dl1"
"H2-Q1","Kir3dl2","H2-Q1 - Kir3dl2"
"H2-Q10","Aplp2","H2-Q10 - Aplp2"
"H2-Q10","Erbb2","H2-Q10 - Erbb2"
"H2-Q10","Kir3dl1","H2-Q10 - Kir3dl1"
"H2-Q10","Kir3dl2","H2-Q10 - Kir3dl2"
"H2-Q2","Aplp2","H2-Q2 - Aplp2"
"H2-Q2","Erbb2","H2-Q2 - Erbb2"
"H2-Q2","Kir3dl1","H2-Q2 - Kir3dl1"
"H2-Q2","Kir3dl2","H2-Q2 - Kir3dl2"
"H2-Q4","Aplp2","H2-Q4 - Aplp2"
"H2-Q4","Erbb2","H2-Q4 - Erbb2"
"H2-Q4","Kir3dl1","H2-Q4 - Kir3dl1"
"H2-Q4","Kir3dl2","H2-Q4 - Kir3dl2"
"H2-Q6","Aplp2","H2-Q6 - Aplp2"
"H2-Q6","Erbb2","H2-Q6 - Erbb2"
"H2-Q6","Kir3dl1","H2-Q6 - Kir3dl1"
"H2-Q6","Kir3dl2","H2-Q6 - Kir3dl2"
"H2-Q7","Aplp2","H2-Q7 - Aplp2"
"H2-Q7","Erbb2","H2-Q7 - Erbb2"
"H2-Q7","Kir3dl1","H2-Q7 - Kir3dl1"
"H2-Q7","Kir3dl2","H2-Q7 - Kir3dl2"
"H2-T-ps","Klrc1","H2-T-ps - Klrc1"
"H2-T-ps","Klrc2","H2-T-ps - Klrc2"
"H2-T-ps","Klrd1","H2-T-ps - Klrd1"
"H2-T23","Klrc1","H2-T23 - Klrc1"
"H2-T23","Klrc2","H2-T23 - Klrc2"
"H2-T23","Klrd1","H2-T23 - Klrd1"
"Havcr1","Havcr1","Havcr1 - Havcr1"
"Hmgb1","Havcr2","Hmgb1 - Havcr2"
"Hras","Agtr1b","Hras - Agtr1b"
"Hrg","Fcgr1","Hrg - Fcgr1"
"Icosl","Cd28","Icosl - Cd28"
"Icosl","Ctla4","Icosl - Ctla4"
"Icosl","Icos","Icosl - Icos"
"Ifna11","Ifnar1","Ifna11 - Ifnar1"
"Ifna11","Ifnar2","Ifna11 - Ifnar2"
"Ifna12","Ifnar1","Ifna12 - Ifnar1"
"Ifna12","Ifnar2","Ifna12 - Ifnar2"
"Ifna15","Ifnar1","Ifna15 - Ifnar1"
"Ifna15","Ifnar2","Ifna15 - Ifnar2"
"Ifna9","Ifnar1","Ifna9 - Ifnar1"
"Ifna9","Ifnar2","Ifna9 - Ifnar2"
"Ifnab","Ifnar1","Ifnab - Ifnar1"
"Ifnab","Ifnar2","Ifnab - Ifnar2"
"Il11","Gm13305","Il11 - Gm13305"
"Il11","Il11ra2","Il11 - Il11ra2"
"Il3","Csf2rb2","Il3 - Csf2rb2"
"Il33","Il1rl1","Il33 - Il1rl1"
"Il5","Csf2rb2","Il5 - Csf2rb2"
"Iltifb","Il10ra","Iltifb - Il10ra"
"Iltifb","Il10rb","Iltifb - Il10rb"
"Iltifb","Il22ra1","Iltifb - Il22ra1"
"Iltifb","Il22ra2","Iltifb - Il22ra2"
"Ins2","Igf1r","Ins2 - Igf1r"
"Ins2","Lrp2","Ins2 - Lrp2"
"Kng2","Bdkrb1","Kng2 - Bdkrb1"
"Kng2","Bdkrb2","Kng2 - Bdkrb2"
"Kng2","Cd93","Kng2 - Cd93"
"Kng2","Gp1ba","Kng2 - Gp1ba"
"Kng2","Gpr135","Kng2 - Gpr135"
"Kng2","Itgb2","Kng2 - Itgb2"
"Kng2","Plaur","Kng2 - Plaur"
"Kng2","Rxfp4","Kng2 - Rxfp4"
"Lgals9","Havcr2","Lgals9 - Havcr2"
"Ly9","Ly9","Ly9 - Ly9"
"Mmp1a","Cd44","Mmp1a - Cd44"
"Mmp1a","Itga2","Mmp1a - Itga2"
"Mmp1b","Cd44","Mmp1b - Cd44"
"Mmp1b","Itga2","Mmp1b - Itga2"
"Nectin1","Cd96","Nectin1 - Cd96"
"Nectin2","Cd226","Nectin2 - Cd226"
"Nectin2","Tigit","Nectin2 - Tigit"
"Nectin3","Tigit","Nectin3 - Tigit"
"Ntn3","Cdon","Ntn3 - Cdon"
"Ntn3","Neo1","Ntn3 - Neo1"
"Pdcd1lg2","Pdcd1","Pdcd1lg2 - Pdcd1"
"Pdcd1lg2","Rgmb","Pdcd1lg2 - Rgmb"
"Penk","Mrgprb2","Penk - Mrgprb2"
"Rnase2a","Tlr2","Rnase2a - Tlr2"
"Rnase2b","Tlr2","Rnase2b - Tlr2"
"Saa2","Fpr1","Saa2 - Fpr1"
"Saa2","Fpr2","Saa2 - Fpr2"
"Serpina1b","Lrp1","Serpina1b - Lrp1"
"Serpina1c","Lrp1","Serpina1c - Lrp1"
"Serpina1d","Lrp1","Serpina1d - Lrp1"
"Serpina1e","Lrp1","Serpina1e - Lrp1"
"Sftpa1","Cd93","Sftpa1 - Cd93"
"Slamf1","Slamf1","Slamf1 - Slamf1"
"Slamf6","Slamf6","Slamf6 - Slamf6"
"Slamf7","Slamf7","Slamf7 - Slamf7"
"Timd4","Havcr1","Timd4 - Havcr1"
"Tnfrsf14","Btla","Tnfrsf14 - Btla"
"Tnfrsf14","Cd160","Tnfrsf14 - Cd160"
"Trf","Tfr2","Trf - Tfr2"
"Trf","Tfrc","Trf - Tfrc"
"Ulbp1","Klrk1","Ulbp1 - Klrk1"
"a","Atrn","a - Atrn"
"a","F11r","a - F11r"
"a","Mc1r","a - Mc1r"
"a","Mc2r","a - Mc2r"
"a","Mc3r","a - Mc3r"
"a","Mc4r","a - Mc4r"
"a","Mc5r","a - Mc5r"
"Tgfb1","Tgfbr1,Tgfbr2","Tgfb1 - Tgfbr1,Tgfbr2"
"Tgfb2","Tgfbr1,Tgfbr2","Tgfb2 - Tgfbr1,Tgfbr2"
"Tgfb3","Tgfbr1,Tgfbr2","Tgfb3 - Tgfbr1,Tgfbr2"
"Tgfb1","Acvr1b,Tgfbr2","Tgfb1 - Acvr1b,Tgfbr2"
"Tgfb1","Acvr1c,Tgfbr2","Tgfb1 - Acvr1c,Tgfbr2"
"Tgfb2","Acvr1b,Tgfbr2","Tgfb2 - Acvr1b,Tgfbr2"
"Tgfb2","Acvr1c,Tgfbr2","Tgfb2 - Acvr1c,Tgfbr2"
"Tgfb3","Acvr1b,Tgfbr2","Tgfb3 - Acvr1b,Tgfbr2"
"Tgfb3","Acvr1c,Tgfbr2","Tgfb3 - Acvr1c,Tgfbr2"
"Tgfb1","Acvr1,Tgfbr1,Tgfbr2","Tgfb1 - Acvr1,Tgfbr1,Tgfbr2"
"Tgfb2","Acvr1,Tgfbr1,Tgfbr2","Tgfb2 - Acvr1,Tgfbr1,Tgfbr2"
"Tgfb3","Acvr1,Tgfbr1,Tgfbr2","Tgfb3 - Acvr1,Tgfbr1,Tgfbr2"
"Bmp2","Bmpr1a,Acvr2a","Bmp2 - Bmpr1a,Acvr2a"
"Bmp2","Bmpr1a,Acvr2b","Bmp2 - Bmpr1a,Acvr2b"
"Bmp2","Bmpr1a,Bmpr2","Bmp2 - Bmpr1a,Bmpr2"
"Bmp2","Bmpr1b,Acvr2a","Bmp2 - Bmpr1b,Acvr2a"
"Bmp2","Bmpr1b,Acvr2b","Bmp2 - Bmpr1b,Acvr2b"
"Bmp2","Bmpr1b,Bmpr2","Bmp2 - Bmpr1b,Bmpr2"
"Bmp4","Bmpr1a,Acvr2a","Bmp4 - Bmpr1a,Acvr2a"
"Bmp4","Bmpr1a,Acvr2b","Bmp4 - Bmpr1a,Acvr2b"
"Bmp4","Bmpr1a,Bmpr2","Bmp4 - Bmpr1a,Bmpr2"
"Bmp4","Bmpr1b,Acvr2a","Bmp4 - Bmpr1b,Acvr2a"
"Bmp4","Bmpr1b,Acvr2b","Bmp4 - Bmpr1b,Acvr2b"
"Bmp4","Bmpr1b,Bmpr2","Bmp4 - Bmpr1b,Bmpr2"
"Gdf5","Bmpr1a,Acvr2a","Gdf5 - Bmpr1a,Acvr2a"
"Gdf5","Bmpr1a,Acvr2b","Gdf5 - Bmpr1a,Acvr2b"
"Gdf5","Bmpr1a,Bmpr2","Gdf5 - Bmpr1a,Bmpr2"
"Gdf5","Bmpr1b,Acvr2a","Gdf5 - Bmpr1b,Acvr2a"
"Gdf5","Bmpr1b,Acvr2b","Gdf5 - Bmpr1b,Acvr2b"
"Gdf5","Bmpr1b,Bmpr2","Gdf5 - Bmpr1b,Bmpr2"
"Gdf6","Bmpr1a,Acvr2a","Gdf6 - Bmpr1a,Acvr2a"
"Gdf6","Bmpr1a,Acvr2b","Gdf6 - Bmpr1a,Acvr2b"
"Gdf6","Bmpr1a,Bmpr2","Gdf6 - Bmpr1a,Bmpr2"
"Gdf6","Bmpr1b,Acvr2a","Gdf6 - Bmpr1b,Acvr2a"
"Gdf6","Bmpr1b,Acvr2b","Gdf6 - Bmpr1b,Acvr2b"
"Gdf6","Bmpr1b,Bmpr2","Gdf6 - Bmpr1b,Bmpr2"
"Gdf7","Bmpr1a,Acvr2a","Gdf7 - Bmpr1a,Acvr2a"
"Gdf7","Bmpr1a,Acvr2b","Gdf7 - Bmpr1a,Acvr2b"
"Gdf7","Bmpr1a,Bmpr2","Gdf7 - Bmpr1a,Bmpr2"
"Gdf7","Bmpr1b,Acvr2a","Gdf7 - Bmpr1b,Acvr2a"
"Gdf7","Bmpr1b,Acvr2b","Gdf7 - Bmpr1b,Acvr2b"
"Gdf7","Bmpr1b,Bmpr2","Gdf7 - Bmpr1b,Bmpr2"
"Bmp15","Bmpr1b,Bmpr2","Bmp15 - Bmpr1b,Bmpr2"
"Bmp5","Acvr1,Acvr2a","Bmp5 - Acvr1,Acvr2a"
"Bmp5","Acvr1,Acvr2b","Bmp5 - Acvr1,Acvr2b"
"Bmp5","Acvr1,Bmpr2","Bmp5 - Acvr1,Bmpr2"
"Bmp5","Bmpr1a,Acvr2a","Bmp5 - Bmpr1a,Acvr2a"
"Bmp5","Bmpr1a,Acvr2b","Bmp5 - Bmpr1a,Acvr2b"
"Bmp5","Bmpr1a,Bmpr2","Bmp5 - Bmpr1a,Bmpr2"
"Bmp5","Bmpr1b,Acvr2a","Bmp5 - Bmpr1b,Acvr2a"
"Bmp5","Bmpr1b,Acvr2b","Bmp5 - Bmpr1b,Acvr2b"
"Bmp5","Bmpr1b,Bmpr2","Bmp5 - Bmpr1b,Bmpr2"
"Bmp6","Acvr1,Acvr2a","Bmp6 - Acvr1,Acvr2a"
"Bmp6","Acvr1,Acvr2b","Bmp6 - Acvr1,Acvr2b"
"Bmp6","Acvr1,Bmpr2","Bmp6 - Acvr1,Bmpr2"
"Bmp6","Bmpr1a,Acvr2a","Bmp6 - Bmpr1a,Acvr2a"
"Bmp6","Bmpr1a,Acvr2b","Bmp6 - Bmpr1a,Acvr2b"
"Bmp6","Bmpr1a,Bmpr2","Bmp6 - Bmpr1a,Bmpr2"
"Bmp6","Bmpr1b,Acvr2a","Bmp6 - Bmpr1b,Acvr2a"
"Bmp6","Bmpr1b,Acvr2b","Bmp6 - Bmpr1b,Acvr2b"
"Bmp6","Bmpr1b,Bmpr2","Bmp6 - Bmpr1b,Bmpr2"
"Bmp7","Acvr1,Acvr2a","Bmp7 - Acvr1,Acvr2a"
"Bmp7","Acvr1,Acvr2b","Bmp7 - Acvr1,Acvr2b"
"Bmp7","Acvr1,Bmpr2","Bmp7 - Acvr1,Bmpr2"
"Bmp7","Bmpr1a,Acvr2a","Bmp7 - Bmpr1a,Acvr2a"
"Bmp7","Bmpr1a,Acvr2b","Bmp7 - Bmpr1a,Acvr2b"
"Bmp7","Bmpr1a,Bmpr2","Bmp7 - Bmpr1a,Bmpr2"
"Bmp7","Bmpr1b,Acvr2a","Bmp7 - Bmpr1b,Acvr2a"
"Bmp7","Bmpr1b,Acvr2b","Bmp7 - Bmpr1b,Acvr2b"
"Bmp7","Bmpr1b,Bmpr2","Bmp7 - Bmpr1b,Bmpr2"
"Bmp8a","Acvr1,Acvr2a","Bmp8a - Acvr1,Acvr2a"
"Bmp8a","Acvr1,Acvr2b","Bmp8a - Acvr1,Acvr2b"
"Bmp8a","Acvr1,Bmpr2","Bmp8a - Acvr1,Bmpr2"
"Bmp8a","Bmpr1a,Acvr2a","Bmp8a - Bmpr1a,Acvr2a"
"Bmp8a","Bmpr1a,Acvr2b","Bmp8a - Bmpr1a,Acvr2b"
"Bmp8a","Bmpr1a,Bmpr2","Bmp8a - Bmpr1a,Bmpr2"
"Bmp8a","Bmpr1b,Acvr2a","Bmp8a - Bmpr1b,Acvr2a"
"Bmp8a","Bmpr1b,Acvr2b","Bmp8a - Bmpr1b,Acvr2b"
"Bmp8a","Bmpr1b,Bmpr2","Bmp8a - Bmpr1b,Bmpr2"
"Bmp8b","Acvr1,Acvr2a","Bmp8b - Acvr1,Acvr2a"
"Bmp8b","Acvr1,Acvr2b","Bmp8b - Acvr1,Acvr2b"
"Bmp8b","Acvr1,Bmpr2","Bmp8b - Acvr1,Bmpr2"
"Bmp8b","Bmpr1a,Acvr2a","Bmp8b - Bmpr1a,Acvr2a"
"Bmp8b","Bmpr1a,Acvr2b","Bmp8b - Bmpr1a,Acvr2b"
"Bmp8b","Bmpr1a,Bmpr2","Bmp8b - Bmpr1a,Bmpr2"
"Bmp8b","Bmpr1b,Acvr2a","Bmp8b - Bmpr1b,Acvr2a"
"Bmp8b","Bmpr1b,Acvr2b","Bmp8b - Bmpr1b,Acvr2b"
"Bmp8b","Bmpr1b,Bmpr2","Bmp8b - Bmpr1b,Bmpr2"
"Bmp10","Acvrl1,Bmpr2","Bmp10 - Acvrl1,Bmpr2"
"Bmp10","Acvrl1,Acvr2a","Bmp10 - Acvrl1,Acvr2a"
"Gdf2","Acvrl1,Bmpr2","Gdf2 - Acvrl1,Bmpr2"
"Gdf2","Acvrl1,Acvr2a","Gdf2 - Acvrl1,Acvr2a"
"Gdf9","Acvr1b,Bmpr2","Gdf9 - Acvr1b,Bmpr2"
"Gdf10","Acvr1b,Acvr2a","Gdf10 - Acvr1b,Acvr2a"
"Gdf11","Tgfbr1,Acvr2a","Gdf11 - Tgfbr1,Acvr2a"
"Gdf11","Tgfbr1,Acvr2b","Gdf11 - Tgfbr1,Acvr2b"
"Gdf11","Acvr1b,Acvr2b","Gdf11 - Acvr1b,Acvr2b"
"Gdf15","Tgfbr2","Gdf15 - Tgfbr2"
"Mstn","Tgfbr1,Acvr2b","Mstn - Tgfbr1,Acvr2b"
"Mstn","Acvr1b,Acvr2b","Mstn - Acvr1b,Acvr2b"
"Mstn","Acvr1b,Acvr2a","Mstn - Acvr1b,Acvr2a"
"Mstn","Tgfbr1,Acvr2a","Mstn - Tgfbr1,Acvr2a"
"Amh","Amhr2,Acvr1","Amh - Amhr2,Acvr1"
"Amh","Amhr2,Bmpr1a","Amh - Amhr2,Bmpr1a"
"Gdnf","Gfra1,Ret","Gdnf - Gfra1,Ret"
"Nrtn","Gfra2,Ret","Nrtn - Gfra2,Ret"
"Artn","Gfra3,Ret","Artn - Gfra3,Ret"
"Pspn","Gfra4,Ret","Pspn - Gfra4,Ret"
"Artn","Gfra1,Ret","Artn - Gfra1,Ret"
"Nodal","Acvr1b,Acvr2a,Cfc1","Nodal - Acvr1b,Acvr2a,Cfc1"
"Nodal","Acvr1c,Acvr2a,Cfc1","Nodal - Acvr1c,Acvr2a,Cfc1"
"Nodal","Acvr1b,Acvr2b,Cfc1","Nodal - Acvr1b,Acvr2b,Cfc1"
"Nodal","Acvr1c,Acvr2b,Cfc1","Nodal - Acvr1c,Acvr2b,Cfc1"
"Gdf1","Acvr1b,Acvr2a,Cfc1","Gdf1 - Acvr1b,Acvr2a,Cfc1"
"Gdf1","Acvr1b,Acvr2b,Cfc1","Gdf1 - Acvr1b,Acvr2b,Cfc1"
"Gdf1","Acvr1c,Acvr2a,Cfc1","Gdf1 - Acvr1c,Acvr2a,Cfc1"
"Gdf1","Acvr1c,Acvr2b,Cfc1","Gdf1 - Acvr1c,Acvr2b,Cfc1"
"Gdf3","Acvr1b,Acvr2a,Cfc1","Gdf3 - Acvr1b,Acvr2a,Cfc1"
"Gdf3","Acvr1b,Acvr2b,Cfc1","Gdf3 - Acvr1b,Acvr2b,Cfc1"
"Gdf3","Acvr1c,Acvr2a,Cfc1","Gdf3 - Acvr1c,Acvr2a,Cfc1"
"Gdf3","Acvr1c,Acvr2b,Cfc1","Gdf3 - Acvr1c,Acvr2b,Cfc1"
"Inhba","Acvr1b,Acvr2a","Inhba - Acvr1b,Acvr2a"
"Inhba","Acvr1b,Acvr2b","Inhba - Acvr1b,Acvr2b"
"Inhbb","Acvr1b,Acvr2a","Inhbb - Acvr1b,Acvr2a"
"Inhbb","Acvr1b,Acvr2b","Inhbb - Acvr1b,Acvr2b"
"Inhbb","Acvr1c,Acvr2a","Inhbb - Acvr1c,Acvr2a"
"Inhbb","Acvr1c,Acvr2b","Inhbb - Acvr1c,Acvr2b"
"Inhbc","Acvr1b,Acvr2a","Inhbc - Acvr1b,Acvr2a"
"Inhbc","Acvr1b,Acvr2b","Inhbc - Acvr1b,Acvr2b"
"Inhbc","Acvr1c,Acvr2a","Inhbc - Acvr1c,Acvr2a"
"Inhbc","Acvr1c,Acvr2b","Inhbc - Acvr1c,Acvr2b"
"Inhbe","Acvr1b,Acvr2a","Inhbe - Acvr1b,Acvr2a"
"Inhbe","Acvr1b,Acvr2b","Inhbe - Acvr1b,Acvr2b"
"Inhbe","Acvr1c,Acvr2a","Inhbe - Acvr1c,Acvr2a"
"Inhbe","Acvr1c,Acvr2b","Inhbe - Acvr1c,Acvr2b"
"Inhba,Inhbb","Acvr1b,Acvr2a","Inhba,Inhbb - Acvr1b,Acvr2a"
"Inhba,Inhbb","Acvr1b,Acvr2b","Inhba,Inhbb - Acvr1b,Acvr2b"
"Inhba,Inhbb","Acvr1c,Acvr2a","Inhba,Inhbb - Acvr1c,Acvr2a"
"Inhba,Inhbb","Acvr1c,Acvr2b","Inhba,Inhbb - Acvr1c,Acvr2b"
"Inha,Inhba","Acvr2a","Inha,Inhba - Acvr2a"
"Inha,Inhbb","Acvr2b","Inha,Inhbb - Acvr2b"
"Wnt1","Fzd1,Lrp5","Wnt1 - Fzd1,Lrp5"
"Wnt1","Fzd10,Lrp5","Wnt1 - Fzd10,Lrp5"
"Wnt1","Fzd2,Lrp5","Wnt1 - Fzd2,Lrp5"
"Wnt1","Fzd3,Lrp5","Wnt1 - Fzd3,Lrp5"
"Wnt1","Fzd4,Lrp5","Wnt1 - Fzd4,Lrp5"
"Wnt1","Fzd5,Lrp5","Wnt1 - Fzd5,Lrp5"
"Wnt1","Fzd6,Lrp5","Wnt1 - Fzd6,Lrp5"
"Wnt1","Fzd7,Lrp5","Wnt1 - Fzd7,Lrp5"
"Wnt1","Fzd8,Lrp5","Wnt1 - Fzd8,Lrp5"
"Wnt1","Fzd9,Lrp5","Wnt1 - Fzd9,Lrp5"
"Wnt10a","Fzd1,Lrp5","Wnt10a - Fzd1,Lrp5"
"Wnt10a","Fzd10,Lrp5","Wnt10a - Fzd10,Lrp5"
"Wnt10a","Fzd2,Lrp5","Wnt10a - Fzd2,Lrp5"
"Wnt10a","Fzd3,Lrp5","Wnt10a - Fzd3,Lrp5"
"Wnt10a","Fzd4,Lrp5","Wnt10a - Fzd4,Lrp5"
"Wnt10a","Fzd5,Lrp5","Wnt10a - Fzd5,Lrp5"
"Wnt10a","Fzd6,Lrp5","Wnt10a - Fzd6,Lrp5"
"Wnt10a","Fzd7,Lrp5","Wnt10a - Fzd7,Lrp5"
"Wnt10a","Fzd8,Lrp5","Wnt10a - Fzd8,Lrp5"
"Wnt10a","Fzd9,Lrp5","Wnt10a - Fzd9,Lrp5"
"Wnt10b","Fzd1,Lrp5","Wnt10b - Fzd1,Lrp5"
"Wnt10b","Fzd10,Lrp5","Wnt10b - Fzd10,Lrp5"
"Wnt10b","Fzd2,Lrp5","Wnt10b - Fzd2,Lrp5"
"Wnt10b","Fzd3,Lrp5","Wnt10b - Fzd3,Lrp5"
"Wnt10b","Fzd4,Lrp5","Wnt10b - Fzd4,Lrp5"
"Wnt10b","Fzd5,Lrp5","Wnt10b - Fzd5,Lrp5"
"Wnt10b","Fzd6,Lrp5","Wnt10b - Fzd6,Lrp5"
"Wnt10b","Fzd7,Lrp5","Wnt10b - Fzd7,Lrp5"
"Wnt10b","Fzd8,Lrp5","Wnt10b - Fzd8,Lrp5"
"Wnt10b","Fzd9,Lrp5","Wnt10b - Fzd9,Lrp5"
"Wnt16","Fzd1,Lrp5","Wnt16 - Fzd1,Lrp5"
"Wnt16","Fzd10,Lrp5","Wnt16 - Fzd10,Lrp5"
"Wnt16","Fzd2,Lrp5","Wnt16 - Fzd2,Lrp5"
"Wnt16","Fzd3,Lrp5","Wnt16 - Fzd3,Lrp5"
"Wnt16","Fzd4,Lrp5","Wnt16 - Fzd4,Lrp5"
"Wnt16","Fzd5,Lrp5","Wnt16 - Fzd5,Lrp5"
"Wnt16","Fzd6,Lrp5","Wnt16 - Fzd6,Lrp5"
"Wnt16","Fzd7,Lrp5","Wnt16 - Fzd7,Lrp5"
"Wnt16","Fzd8,Lrp5","Wnt16 - Fzd8,Lrp5"
"Wnt16","Fzd9,Lrp5","Wnt16 - Fzd9,Lrp5"
"Wnt2","Fzd1,Lrp5","Wnt2 - Fzd1,Lrp5"
"Wnt2","Fzd10,Lrp5","Wnt2 - Fzd10,Lrp5"
"Wnt2","Fzd2,Lrp5","Wnt2 - Fzd2,Lrp5"
"Wnt2","Fzd3,Lrp5","Wnt2 - Fzd3,Lrp5"
"Wnt2","Fzd4,Lrp5","Wnt2 - Fzd4,Lrp5"
"Wnt2","Fzd5,Lrp5","Wnt2 - Fzd5,Lrp5"
"Wnt2","Fzd6,Lrp5","Wnt2 - Fzd6,Lrp5"
"Wnt2","Fzd7,Lrp5","Wnt2 - Fzd7,Lrp5"
"Wnt2","Fzd8,Lrp5","Wnt2 - Fzd8,Lrp5"
"Wnt2","Fzd9,Lrp5","Wnt2 - Fzd9,Lrp5"
"Wnt2b","Fzd1,Lrp5","Wnt2b - Fzd1,Lrp5"
"Wnt2b","Fzd10,Lrp5","Wnt2b - Fzd10,Lrp5"
"Wnt2b","Fzd2,Lrp5","Wnt2b - Fzd2,Lrp5"
"Wnt2b","Fzd3,Lrp5","Wnt2b - Fzd3,Lrp5"
"Wnt2b","Fzd4,Lrp5","Wnt2b - Fzd4,Lrp5"
"Wnt2b","Fzd5,Lrp5","Wnt2b - Fzd5,Lrp5"
"Wnt2b","Fzd6,Lrp5","Wnt2b - Fzd6,Lrp5"
"Wnt2b","Fzd7,Lrp5","Wnt2b - Fzd7,Lrp5"
"Wnt2b","Fzd8,Lrp5","Wnt2b - Fzd8,Lrp5"
"Wnt2b","Fzd9,Lrp5","Wnt2b - Fzd9,Lrp5"
"Wnt3","Fzd1,Lrp5","Wnt3 - Fzd1,Lrp5"
"Wnt3","Fzd10,Lrp5","Wnt3 - Fzd10,Lrp5"
"Wnt3","Fzd2,Lrp5","Wnt3 - Fzd2,Lrp5"
"Wnt3","Fzd3,Lrp5","Wnt3 - Fzd3,Lrp5"
"Wnt3","Fzd4,Lrp5","Wnt3 - Fzd4,Lrp5"
"Wnt3","Fzd5,Lrp5","Wnt3 - Fzd5,Lrp5"
"Wnt3","Fzd6,Lrp5","Wnt3 - Fzd6,Lrp5"
"Wnt3","Fzd7,Lrp5","Wnt3 - Fzd7,Lrp5"
"Wnt3","Fzd8,Lrp5","Wnt3 - Fzd8,Lrp5"
"Wnt3","Fzd9,Lrp5","Wnt3 - Fzd9,Lrp5"
"Wnt3a","Fzd1,Lrp5","Wnt3a - Fzd1,Lrp5"
"Wnt3a","Fzd10,Lrp5","Wnt3a - Fzd10,Lrp5"
"Wnt3a","Fzd2,Lrp5","Wnt3a - Fzd2,Lrp5"
"Wnt3a","Fzd3,Lrp5","Wnt3a - Fzd3,Lrp5"
"Wnt3a","Fzd4,Lrp5","Wnt3a - Fzd4,Lrp5"
"Wnt3a","Fzd5,Lrp5","Wnt3a - Fzd5,Lrp5"
"Wnt3a","Fzd6,Lrp5","Wnt3a - Fzd6,Lrp5"
"Wnt3a","Fzd7,Lrp5","Wnt3a - Fzd7,Lrp5"
"Wnt3a","Fzd8,Lrp5","Wnt3a - Fzd8,Lrp5"
"Wnt3a","Fzd9,Lrp5","Wnt3a - Fzd9,Lrp5"
"Wnt4","Fzd1,Lrp5","Wnt4 - Fzd1,Lrp5"
"Wnt4","Fzd10,Lrp5","Wnt4 - Fzd10,Lrp5"
"Wnt4","Fzd2,Lrp5","Wnt4 - Fzd2,Lrp5"
"Wnt4","Fzd3,Lrp5","Wnt4 - Fzd3,Lrp5"
"Wnt4","Fzd4,Lrp5","Wnt4 - Fzd4,Lrp5"
"Wnt4","Fzd5,Lrp5","Wnt4 - Fzd5,Lrp5"
"Wnt4","Fzd6,Lrp5","Wnt4 - Fzd6,Lrp5"
"Wnt4","Fzd7,Lrp5","Wnt4 - Fzd7,Lrp5"
"Wnt4","Fzd8,Lrp5","Wnt4 - Fzd8,Lrp5"
"Wnt4","Fzd9,Lrp5","Wnt4 - Fzd9,Lrp5"
"Wnt6","Fzd1,Lrp5","Wnt6 - Fzd1,Lrp5"
"Wnt6","Fzd10,Lrp5","Wnt6 - Fzd10,Lrp5"
"Wnt6","Fzd2,Lrp5","Wnt6 - Fzd2,Lrp5"
"Wnt6","Fzd3,Lrp5","Wnt6 - Fzd3,Lrp5"
"Wnt6","Fzd4,Lrp5","Wnt6 - Fzd4,Lrp5"
"Wnt6","Fzd5,Lrp5","Wnt6 - Fzd5,Lrp5"
"Wnt6","Fzd6,Lrp5","Wnt6 - Fzd6,Lrp5"
"Wnt6","Fzd7,Lrp5","Wnt6 - Fzd7,Lrp5"
"Wnt6","Fzd8,Lrp5","Wnt6 - Fzd8,Lrp5"
"Wnt6","Fzd9,Lrp5","Wnt6 - Fzd9,Lrp5"
"Wnt7a","Fzd1,Lrp5","Wnt7a - Fzd1,Lrp5"
"Wnt7a","Fzd10,Lrp5","Wnt7a - Fzd10,Lrp5"
"Wnt7a","Fzd2,Lrp5","Wnt7a - Fzd2,Lrp5"
"Wnt7a","Fzd3,Lrp5","Wnt7a - Fzd3,Lrp5"
"Wnt7a","Fzd4,Lrp5","Wnt7a - Fzd4,Lrp5"
"Wnt7a","Fzd5,Lrp5","Wnt7a - Fzd5,Lrp5"
"Wnt7a","Fzd6,Lrp5","Wnt7a - Fzd6,Lrp5"
"Wnt7a","Fzd7,Lrp5","Wnt7a - Fzd7,Lrp5"
"Wnt7a","Fzd8,Lrp5","Wnt7a - Fzd8,Lrp5"
"Wnt7a","Fzd9,Lrp5","Wnt7a - Fzd9,Lrp5"
"Wnt7b","Fzd1,Lrp5","Wnt7b - Fzd1,Lrp5"
"Wnt7b","Fzd10,Lrp5","Wnt7b - Fzd10,Lrp5"
"Wnt7b","Fzd2,Lrp5","Wnt7b - Fzd2,Lrp5"
"Wnt7b","Fzd3,Lrp5","Wnt7b - Fzd3,Lrp5"
"Wnt7b","Fzd4,Lrp5","Wnt7b - Fzd4,Lrp5"
"Wnt7b","Fzd5,Lrp5","Wnt7b - Fzd5,Lrp5"
"Wnt7b","Fzd6,Lrp5","Wnt7b - Fzd6,Lrp5"
"Wnt7b","Fzd7,Lrp5","Wnt7b - Fzd7,Lrp5"
"Wnt7b","Fzd8,Lrp5","Wnt7b - Fzd8,Lrp5"
"Wnt7b","Fzd9,Lrp5","Wnt7b - Fzd9,Lrp5"
"Wnt8a","Fzd1,Lrp5","Wnt8a - Fzd1,Lrp5"
"Wnt8a","Fzd10,Lrp5","Wnt8a - Fzd10,Lrp5"
"Wnt8a","Fzd2,Lrp5","Wnt8a - Fzd2,Lrp5"
"Wnt8a","Fzd3,Lrp5","Wnt8a - Fzd3,Lrp5"
"Wnt8a","Fzd4,Lrp5","Wnt8a - Fzd4,Lrp5"
"Wnt8a","Fzd5,Lrp5","Wnt8a - Fzd5,Lrp5"
"Wnt8a","Fzd6,Lrp5","Wnt8a - Fzd6,Lrp5"
"Wnt8a","Fzd7,Lrp5","Wnt8a - Fzd7,Lrp5"
"Wnt8a","Fzd8,Lrp5","Wnt8a - Fzd8,Lrp5"
"Wnt8a","Fzd9,Lrp5","Wnt8a - Fzd9,Lrp5"
"Wnt8b","Fzd1,Lrp5","Wnt8b - Fzd1,Lrp5"
"Wnt8b","Fzd10,Lrp5","Wnt8b - Fzd10,Lrp5"
"Wnt8b","Fzd2,Lrp5","Wnt8b - Fzd2,Lrp5"
"Wnt8b","Fzd3,Lrp5","Wnt8b - Fzd3,Lrp5"
"Wnt8b","Fzd4,Lrp5","Wnt8b - Fzd4,Lrp5"
"Wnt8b","Fzd5,Lrp5","Wnt8b - Fzd5,Lrp5"
"Wnt8b","Fzd6,Lrp5","Wnt8b - Fzd6,Lrp5"
"Wnt8b","Fzd7,Lrp5","Wnt8b - Fzd7,Lrp5"
"Wnt8b","Fzd8,Lrp5","Wnt8b - Fzd8,Lrp5"
"Wnt8b","Fzd9,Lrp5","Wnt8b - Fzd9,Lrp5"
"Wnt9a","Fzd1,Lrp5","Wnt9a - Fzd1,Lrp5"
"Wnt9a","Fzd10,Lrp5","Wnt9a - Fzd10,Lrp5"
"Wnt9a","Fzd2,Lrp5","Wnt9a - Fzd2,Lrp5"
"Wnt9a","Fzd3,Lrp5","Wnt9a - Fzd3,Lrp5"
"Wnt9a","Fzd4,Lrp5","Wnt9a - Fzd4,Lrp5"
"Wnt9a","Fzd5,Lrp5","Wnt9a - Fzd5,Lrp5"
"Wnt9a","Fzd6,Lrp5","Wnt9a - Fzd6,Lrp5"
"Wnt9a","Fzd7,Lrp5","Wnt9a - Fzd7,Lrp5"
"Wnt9a","Fzd8,Lrp5","Wnt9a - Fzd8,Lrp5"
"Wnt9a","Fzd9,Lrp5","Wnt9a - Fzd9,Lrp5"
"Wnt9b","Fzd1,Lrp5","Wnt9b - Fzd1,Lrp5"
"Wnt9b","Fzd10,Lrp5","Wnt9b - Fzd10,Lrp5"
"Wnt9b","Fzd2,Lrp5","Wnt9b - Fzd2,Lrp5"
"Wnt9b","Fzd3,Lrp5","Wnt9b - Fzd3,Lrp5"
"Wnt9b","Fzd4,Lrp5","Wnt9b - Fzd4,Lrp5"
"Wnt9b","Fzd5,Lrp5","Wnt9b - Fzd5,Lrp5"
"Wnt9b","Fzd6,Lrp5","Wnt9b - Fzd6,Lrp5"
"Wnt9b","Fzd7,Lrp5","Wnt9b - Fzd7,Lrp5"
"Wnt9b","Fzd8,Lrp5","Wnt9b - Fzd8,Lrp5"
"Wnt9b","Fzd9,Lrp5","Wnt9b - Fzd9,Lrp5"
"Wnt1","Fzd1,Lrp6","Wnt1 - Fzd1,Lrp6"
"Wnt1","Fzd10,Lrp6","Wnt1 - Fzd10,Lrp6"
"Wnt1","Fzd2,Lrp6","Wnt1 - Fzd2,Lrp6"
"Wnt1","Fzd3,Lrp6","Wnt1 - Fzd3,Lrp6"
"Wnt1","Fzd4,Lrp6","Wnt1 - Fzd4,Lrp6"
"Wnt1","Fzd5,Lrp6","Wnt1 - Fzd5,Lrp6"
"Wnt1","Fzd6,Lrp6","Wnt1 - Fzd6,Lrp6"
"Wnt1","Fzd7,Lrp6","Wnt1 - Fzd7,Lrp6"
"Wnt1","Fzd8,Lrp6","Wnt1 - Fzd8,Lrp6"
"Wnt1","Fzd9,Lrp6","Wnt1 - Fzd9,Lrp6"
"Wnt10a","Fzd1,Lrp6","Wnt10a - Fzd1,Lrp6"
"Wnt10a","Fzd10,Lrp6","Wnt10a - Fzd10,Lrp6"
"Wnt10a","Fzd2,Lrp6","Wnt10a - Fzd2,Lrp6"
"Wnt10a","Fzd3,Lrp6","Wnt10a - Fzd3,Lrp6"
"Wnt10a","Fzd4,Lrp6","Wnt10a - Fzd4,Lrp6"
"Wnt10a","Fzd5,Lrp6","Wnt10a - Fzd5,Lrp6"
"Wnt10a","Fzd6,Lrp6","Wnt10a - Fzd6,Lrp6"
"Wnt10a","Fzd7,Lrp6","Wnt10a - Fzd7,Lrp6"
"Wnt10a","Fzd8,Lrp6","Wnt10a - Fzd8,Lrp6"
"Wnt10a","Fzd9,Lrp6","Wnt10a - Fzd9,Lrp6"
"Wnt10b","Fzd1,Lrp6","Wnt10b - Fzd1,Lrp6"
"Wnt10b","Fzd10,Lrp6","Wnt10b - Fzd10,Lrp6"
"Wnt10b","Fzd2,Lrp6","Wnt10b - Fzd2,Lrp6"
"Wnt10b","Fzd3,Lrp6","Wnt10b - Fzd3,Lrp6"
"Wnt10b","Fzd4,Lrp6","Wnt10b - Fzd4,Lrp6"
"Wnt10b","Fzd5,Lrp6","Wnt10b - Fzd5,Lrp6"
"Wnt10b","Fzd6,Lrp6","Wnt10b - Fzd6,Lrp6"
"Wnt10b","Fzd7,Lrp6","Wnt10b - Fzd7,Lrp6"
"Wnt10b","Fzd8,Lrp6","Wnt10b - Fzd8,Lrp6"
"Wnt10b","Fzd9,Lrp6","Wnt10b - Fzd9,Lrp6"
"Wnt16","Fzd1,Lrp6","Wnt16 - Fzd1,Lrp6"
"Wnt16","Fzd10,Lrp6","Wnt16 - Fzd10,Lrp6"
"Wnt16","Fzd2,Lrp6","Wnt16 - Fzd2,Lrp6"
"Wnt16","Fzd3,Lrp6","Wnt16 - Fzd3,Lrp6"
"Wnt16","Fzd4,Lrp6","Wnt16 - Fzd4,Lrp6"
"Wnt16","Fzd5,Lrp6","Wnt16 - Fzd5,Lrp6"
"Wnt16","Fzd6,Lrp6","Wnt16 - Fzd6,Lrp6"
"Wnt16","Fzd7,Lrp6","Wnt16 - Fzd7,Lrp6"
"Wnt16","Fzd8,Lrp6","Wnt16 - Fzd8,Lrp6"
"Wnt16","Fzd9,Lrp6","Wnt16 - Fzd9,Lrp6"
"Wnt2","Fzd1,Lrp6","Wnt2 - Fzd1,Lrp6"
"Wnt2","Fzd10,Lrp6","Wnt2 - Fzd10,Lrp6"
"Wnt2","Fzd2,Lrp6","Wnt2 - Fzd2,Lrp6"
"Wnt2","Fzd3,Lrp6","Wnt2 - Fzd3,Lrp6"
"Wnt2","Fzd4,Lrp6","Wnt2 - Fzd4,Lrp6"
"Wnt2","Fzd5,Lrp6","Wnt2 - Fzd5,Lrp6"
"Wnt2","Fzd6,Lrp6","Wnt2 - Fzd6,Lrp6"
"Wnt2","Fzd7,Lrp6","Wnt2 - Fzd7,Lrp6"
"Wnt2","Fzd8,Lrp6","Wnt2 - Fzd8,Lrp6"
"Wnt2","Fzd9,Lrp6","Wnt2 - Fzd9,Lrp6"
"Wnt2b","Fzd1,Lrp6","Wnt2b - Fzd1,Lrp6"
"Wnt2b","Fzd10,Lrp6","Wnt2b - Fzd10,Lrp6"
"Wnt2b","Fzd2,Lrp6","Wnt2b - Fzd2,Lrp6"
"Wnt2b","Fzd3,Lrp6","Wnt2b - Fzd3,Lrp6"
"Wnt2b","Fzd4,Lrp6","Wnt2b - Fzd4,Lrp6"
"Wnt2b","Fzd5,Lrp6","Wnt2b - Fzd5,Lrp6"
"Wnt2b","Fzd6,Lrp6","Wnt2b - Fzd6,Lrp6"
"Wnt2b","Fzd7,Lrp6","Wnt2b - Fzd7,Lrp6"
"Wnt2b","Fzd8,Lrp6","Wnt2b - Fzd8,Lrp6"
"Wnt2b","Fzd9,Lrp6","Wnt2b - Fzd9,Lrp6"
"Wnt3","Fzd1,Lrp6","Wnt3 - Fzd1,Lrp6"
"Wnt3","Fzd10,Lrp6","Wnt3 - Fzd10,Lrp6"
"Wnt3","Fzd2,Lrp6","Wnt3 - Fzd2,Lrp6"
"Wnt3","Fzd3,Lrp6","Wnt3 - Fzd3,Lrp6"
"Wnt3","Fzd4,Lrp6","Wnt3 - Fzd4,Lrp6"
"Wnt3","Fzd5,Lrp6","Wnt3 - Fzd5,Lrp6"
"Wnt3","Fzd6,Lrp6","Wnt3 - Fzd6,Lrp6"
"Wnt3","Fzd7,Lrp6","Wnt3 - Fzd7,Lrp6"
"Wnt3","Fzd8,Lrp6","Wnt3 - Fzd8,Lrp6"
"Wnt3","Fzd9,Lrp6","Wnt3 - Fzd9,Lrp6"
"Wnt3a","Fzd1,Lrp6","Wnt3a - Fzd1,Lrp6"
"Wnt3a","Fzd10,Lrp6","Wnt3a - Fzd10,Lrp6"
"Wnt3a","Fzd2,Lrp6","Wnt3a - Fzd2,Lrp6"
"Wnt3a","Fzd3,Lrp6","Wnt3a - Fzd3,Lrp6"
"Wnt3a","Fzd4,Lrp6","Wnt3a - Fzd4,Lrp6"
"Wnt3a","Fzd5,Lrp6","Wnt3a - Fzd5,Lrp6"
"Wnt3a","Fzd6,Lrp6","Wnt3a - Fzd6,Lrp6"
"Wnt3a","Fzd7,Lrp6","Wnt3a - Fzd7,Lrp6"
"Wnt3a","Fzd8,Lrp6","Wnt3a - Fzd8,Lrp6"
"Wnt3a","Fzd9,Lrp6","Wnt3a - Fzd9,Lrp6"
"Wnt4","Fzd1,Lrp6","Wnt4 - Fzd1,Lrp6"
"Wnt4","Fzd10,Lrp6","Wnt4 - Fzd10,Lrp6"
"Wnt4","Fzd2,Lrp6","Wnt4 - Fzd2,Lrp6"
"Wnt4","Fzd3,Lrp6","Wnt4 - Fzd3,Lrp6"
"Wnt4","Fzd4,Lrp6","Wnt4 - Fzd4,Lrp6"
"Wnt4","Fzd5,Lrp6","Wnt4 - Fzd5,Lrp6"
"Wnt4","Fzd6,Lrp6","Wnt4 - Fzd6,Lrp6"
"Wnt4","Fzd7,Lrp6","Wnt4 - Fzd7,Lrp6"
"Wnt4","Fzd8,Lrp6","Wnt4 - Fzd8,Lrp6"
"Wnt4","Fzd9,Lrp6","Wnt4 - Fzd9,Lrp6"
"Wnt6","Fzd1,Lrp6","Wnt6 - Fzd1,Lrp6"
"Wnt6","Fzd10,Lrp6","Wnt6 - Fzd10,Lrp6"
"Wnt6","Fzd2,Lrp6","Wnt6 - Fzd2,Lrp6"
"Wnt6","Fzd3,Lrp6","Wnt6 - Fzd3,Lrp6"
"Wnt6","Fzd4,Lrp6","Wnt6 - Fzd4,Lrp6"
"Wnt6","Fzd5,Lrp6","Wnt6 - Fzd5,Lrp6"
"Wnt6","Fzd6,Lrp6","Wnt6 - Fzd6,Lrp6"
"Wnt6","Fzd7,Lrp6","Wnt6 - Fzd7,Lrp6"
"Wnt6","Fzd8,Lrp6","Wnt6 - Fzd8,Lrp6"
"Wnt6","Fzd9,Lrp6","Wnt6 - Fzd9,Lrp6"
"Wnt7a","Fzd1,Lrp6","Wnt7a - Fzd1,Lrp6"
"Wnt7a","Fzd10,Lrp6","Wnt7a - Fzd10,Lrp6"
"Wnt7a","Fzd2,Lrp6","Wnt7a - Fzd2,Lrp6"
"Wnt7a","Fzd3,Lrp6","Wnt7a - Fzd3,Lrp6"
"Wnt7a","Fzd4,Lrp6","Wnt7a - Fzd4,Lrp6"
"Wnt7a","Fzd5,Lrp6","Wnt7a - Fzd5,Lrp6"
"Wnt7a","Fzd6,Lrp6","Wnt7a - Fzd6,Lrp6"
"Wnt7a","Fzd7,Lrp6","Wnt7a - Fzd7,Lrp6"
"Wnt7a","Fzd8,Lrp6","Wnt7a - Fzd8,Lrp6"
"Wnt7a","Fzd9,Lrp6","Wnt7a - Fzd9,Lrp6"
"Wnt7b","Fzd1,Lrp6","Wnt7b - Fzd1,Lrp6"
"Wnt7b","Fzd10,Lrp6","Wnt7b - Fzd10,Lrp6"
"Wnt7b","Fzd2,Lrp6","Wnt7b - Fzd2,Lrp6"
"Wnt7b","Fzd3,Lrp6","Wnt7b - Fzd3,Lrp6"
"Wnt7b","Fzd4,Lrp6","Wnt7b - Fzd4,Lrp6"
"Wnt7b","Fzd5,Lrp6","Wnt7b - Fzd5,Lrp6"
"Wnt7b","Fzd6,Lrp6","Wnt7b - Fzd6,Lrp6"
"Wnt7b","Fzd7,Lrp6","Wnt7b - Fzd7,Lrp6"
"Wnt7b","Fzd8,Lrp6","Wnt7b - Fzd8,Lrp6"
"Wnt7b","Fzd9,Lrp6","Wnt7b - Fzd9,Lrp6"
"Wnt8a","Fzd1,Lrp6","Wnt8a - Fzd1,Lrp6"
"Wnt8a","Fzd10,Lrp6","Wnt8a - Fzd10,Lrp6"
"Wnt8a","Fzd2,Lrp6","Wnt8a - Fzd2,Lrp6"
"Wnt8a","Fzd3,Lrp6","Wnt8a - Fzd3,Lrp6"
"Wnt8a","Fzd4,Lrp6","Wnt8a - Fzd4,Lrp6"
"Wnt8a","Fzd5,Lrp6","Wnt8a - Fzd5,Lrp6"
"Wnt8a","Fzd6,Lrp6","Wnt8a - Fzd6,Lrp6"
"Wnt8a","Fzd7,Lrp6","Wnt8a - Fzd7,Lrp6"
"Wnt8a","Fzd8,Lrp6","Wnt8a - Fzd8,Lrp6"
"Wnt8a","Fzd9,Lrp6","Wnt8a - Fzd9,Lrp6"
"Wnt8b","Fzd1,Lrp6","Wnt8b - Fzd1,Lrp6"
"Wnt8b","Fzd10,Lrp6","Wnt8b - Fzd10,Lrp6"
"Wnt8b","Fzd2,Lrp6","Wnt8b - Fzd2,Lrp6"
"Wnt8b","Fzd3,Lrp6","Wnt8b - Fzd3,Lrp6"
"Wnt8b","Fzd4,Lrp6","Wnt8b - Fzd4,Lrp6"
"Wnt8b","Fzd5,Lrp6","Wnt8b - Fzd5,Lrp6"
"Wnt8b","Fzd6,Lrp6","Wnt8b - Fzd6,Lrp6"
"Wnt8b","Fzd7,Lrp6","Wnt8b - Fzd7,Lrp6"
"Wnt8b","Fzd8,Lrp6","Wnt8b - Fzd8,Lrp6"
"Wnt8b","Fzd9,Lrp6","Wnt8b - Fzd9,Lrp6"
"Wnt9a","Fzd1,Lrp6","Wnt9a - Fzd1,Lrp6"
"Wnt9a","Fzd10,Lrp6","Wnt9a - Fzd10,Lrp6"
"Wnt9a","Fzd2,Lrp6","Wnt9a - Fzd2,Lrp6"
"Wnt9a","Fzd3,Lrp6","Wnt9a - Fzd3,Lrp6"
"Wnt9a","Fzd4,Lrp6","Wnt9a - Fzd4,Lrp6"
"Wnt9a","Fzd5,Lrp6","Wnt9a - Fzd5,Lrp6"
"Wnt9a","Fzd6,Lrp6","Wnt9a - Fzd6,Lrp6"
"Wnt9a","Fzd7,Lrp6","Wnt9a - Fzd7,Lrp6"
"Wnt9a","Fzd8,Lrp6","Wnt9a - Fzd8,Lrp6"
"Wnt9a","Fzd9,Lrp6","Wnt9a - Fzd9,Lrp6"
"Wnt9b","Fzd1,Lrp6","Wnt9b - Fzd1,Lrp6"
"Wnt9b","Fzd10,Lrp6","Wnt9b - Fzd10,Lrp6"
"Wnt9b","Fzd2,Lrp6","Wnt9b - Fzd2,Lrp6"
"Wnt9b","Fzd3,Lrp6","Wnt9b - Fzd3,Lrp6"
"Wnt9b","Fzd4,Lrp6","Wnt9b - Fzd4,Lrp6"
"Wnt9b","Fzd5,Lrp6","Wnt9b - Fzd5,Lrp6"
"Wnt9b","Fzd6,Lrp6","Wnt9b - Fzd6,Lrp6"
"Wnt9b","Fzd7,Lrp6","Wnt9b - Fzd7,Lrp6"
"Wnt9b","Fzd8,Lrp6","Wnt9b - Fzd8,Lrp6"
"Wnt9b","Fzd9,Lrp6","Wnt9b - Fzd9,Lrp6"
"Wnt5a","Fzd10","Wnt5a - Fzd10"
"Wnt5a","Fzd3","Wnt5a - Fzd3"
"Wnt5a","Fzd9","Wnt5a - Fzd9"
"Wnt5b","Fzd1","Wnt5b - Fzd1"
"Wnt5b","Fzd10","Wnt5b - Fzd10"
"Wnt5b","Fzd2","Wnt5b - Fzd2"
"Wnt5b","Fzd3","Wnt5b - Fzd3"
"Wnt5b","Fzd4","Wnt5b - Fzd4"
"Wnt5b","Fzd5","Wnt5b - Fzd5"
"Wnt5b","Fzd6","Wnt5b - Fzd6"
"Wnt5b","Fzd7","Wnt5b - Fzd7"
"Wnt5b","Fzd8","Wnt5b - Fzd8"
"Wnt5b","Fzd9","Wnt5b - Fzd9"
"Wnt11","Fzd1","Wnt11 - Fzd1"
"Wnt11","Fzd10","Wnt11 - Fzd10"
"Wnt11","Fzd2","Wnt11 - Fzd2"
"Wnt11","Fzd3","Wnt11 - Fzd3"
"Wnt11","Fzd4","Wnt11 - Fzd4"
"Wnt11","Fzd5","Wnt11 - Fzd5"
"Wnt11","Fzd6","Wnt11 - Fzd6"
"Wnt11","Fzd8","Wnt11 - Fzd8"
"Wnt11","Fzd9","Wnt11 - Fzd9"
"Egf","Egfr,Erbb2","Egf - Egfr,Erbb2"
"Tgfa","Egfr,Erbb2","Tgfa - Egfr,Erbb2"
"Areg","Egfr,Erbb2","Areg - Egfr,Erbb2"
"Btc","Egfr,Erbb2","Btc - Egfr,Erbb2"
"Btc","Erbb2,Erbb4","Btc - Erbb2,Erbb4"
"Hbegf","Egfr,Erbb2","Hbegf - Egfr,Erbb2"
"Hbegf","Erbb2,Erbb4","Hbegf - Erbb2,Erbb4"
"Ereg","Egfr,Erbb2","Ereg - Egfr,Erbb2"
"Ereg","Erbb2,Erbb4","Ereg - Erbb2,Erbb4"
"Nrg1","Erbb2,Erbb3","Nrg1 - Erbb2,Erbb3"
"Nrg1","Erbb2,Erbb4","Nrg1 - Erbb2,Erbb4"
"Nrg2","Erbb2,Erbb3","Nrg2 - Erbb2,Erbb3"
"Nrg2","Erbb2,Erbb4","Nrg2 - Erbb2,Erbb4"
"Nrg3","Erbb2,Erbb4","Nrg3 - Erbb2,Erbb4"
"Nrg4","Erbb2,Erbb4","Nrg4 - Erbb2,Erbb4"
"Nrg1","Itgav,Itgb3","Nrg1 - Itgav,Itgb3"
"Fgf20","Fgfr1","Fgf20 - Fgfr1"
"Fgf20","Fgfr2","Fgf20 - Fgfr2"
"Fgf20","Fgfr3","Fgf20 - Fgfr3"
"Fgf21","Fgfr1","Fgf21 - Fgfr1"
"Fgf21","Fgfr3","Fgf21 - Fgfr3"
"Vegfd","Flt4","Vegfd - Flt4"
"Vegfd","Kdr","Vegfd - Kdr"
"Vegfa","Flt1,Kdr","Vegfa - Flt1,Kdr"
"Vegfc","Flt4,Kdr","Vegfc - Flt4,Kdr"
"Vegfd","Flt4,Kdr","Vegfd - Flt4,Kdr"
"Igf1","Itgav,Itgb3","Igf1 - Itgav,Itgb3"
"Igf1","Itga6,Itgb4","Igf1 - Itga6,Itgb4"
"Igf2","Itgav,Itgb3","Igf2 - Itgav,Itgb3"
"Igf2","Itga6,Itgb4","Igf2 - Itga6,Itgb4"
"Ins1","Insr","Ins1 - Insr"
"Dhh","Ptch1,Smo","Dhh - Ptch1,Smo"
"Ihh","Ptch1,Smo","Ihh - Ptch1,Smo"
"Shh","Ptch1,Smo","Shh - Ptch1,Smo"
"Dhh","Ptch2,Smo","Dhh - Ptch2,Smo"
"Ihh","Ptch2,Smo","Ihh - Ptch2,Smo"
"Shh","Ptch2,Smo","Shh - Ptch2,Smo"
"Ccl9","Ccr1","Ccl9 - Ccr1"
"Ccl6","Ccr1","Ccl6 - Ccr1"
"Ccl5","Ccr1l1","Ccl5 - Ccr1l1"
"Ccl3","Ccr1l1","Ccl3 - Ccr1l1"
"Ccl8","Ccr1l1","Ccl8 - Ccr1l1"
"Ccl9","Ccr1l1","Ccl9 - Ccr1l1"
"Ccl6","Ccr1l1","Ccl6 - Ccr1l1"
"Ccl7","Ccr1l1","Ccl7 - Ccr1l1"
"Ccl6","Ccr2","Ccl6 - Ccr2"
"Ccl12","Ccr2","Ccl12 - Ccr2"
"Ccl27a","Ccr2","Ccl27a - Ccr2"
"Ccl27b","Ccr2","Ccl27b - Ccr2"
"Ccl6","Ccr3","Ccl6 - Ccr3"
"Ccl27a","Ccr3","Ccl27a - Ccr3"
"Ccl27b","Ccr3","Ccl27b - Ccr3"
"Ccl21c","Ccr7","Ccl21c - Ccr7"
"Ccl21c","Ackr4","Ccl21c - Ackr4"
"Ccl1","Ackr4","Ccl1 - Ackr4"
"Ccl1","Ackr1","Ccl1 - Ackr1"
"Ccl11","Ackr1","Ccl11 - Ackr1"
"Ccl22","Ackr2","Ccl22 - Ackr2"
"Ccl24","Ackr2","Ccl24 - Ackr2"
"Ccl26","Ackr2","Ccl26 - Ackr2"
"Ccl17","Ackr1","Ccl17 - Ackr1"
"Ccl17","Ackr2","Ccl17 - Ackr2"
"Cxcl2","Ackr1","Cxcl2 - Ackr1"
"Cxcl3","Ackr1","Cxcl3 - Ackr1"
"Cxcl9","Ackr1","Cxcl9 - Ackr1"
"Cxcl10","Ackr1","Cxcl10 - Ackr1"
"Cxcl11","Ackr1","Cxcl11 - Ackr1"
"Cxcl13","Ackr1","Cxcl13 - Ackr1"
"Mif","Cd74,Cxcr4","Mif - Cd74,Cxcr4"
"Mif","Cd74,Cd44","Mif - Cd74,Cd44"
"Mif","Cd74,Cxcr2","Mif - Cd74,Cxcr2"
"Mif","Ackr3","Mif - Ackr3"
"Il2","Il2ra,Il2rb,Il2rg","Il2 - Il2ra,Il2rb,Il2rg"
"Il2","Il2rb,Il2rg","Il2 - Il2rb,Il2rg"
"Il4","Il4ra,Il2rg","Il4 - Il4ra,Il2rg"
"Il7","Il7r,Il2rg","Il7 - Il7r,Il2rg"
"Il9","Il9r,Il2rg","Il9 - Il9r,Il2rg"
"Il15","Il15ra,Il2rb,Il2rg","Il15 - Il15ra,Il2rb,Il2rg"
"Il21","Il21r,Il2rg","Il21 - Il21r,Il2rg"
"Tslp","Il7r,Crlf2","Tslp - Il7r,Crlf2"
"Il3","Il3ra,Csf2rb","Il3 - Il3ra,Csf2rb"
"Il5","Il5ra,Csf2rb","Il5 - Il5ra,Csf2rb"
"Csf2","Csf2ra,Csf2rb","Csf2 - Csf2ra,Csf2rb"
"Il4","Il4ra,Il13ra1","Il4 - Il4ra,Il13ra1"
"Il4","Il4ra,Il13ra2","Il4 - Il4ra,Il13ra2"
"Il13","Il4ra,Il13ra1","Il13 - Il4ra,Il13ra1"
"Il13","Il4ra,Il13ra2","Il13 - Il4ra,Il13ra2"
"Il6","Il6ra,Il6st","Il6 - Il6ra,Il6st"
"Il11","Il11ra1,Il6st","Il11 - Il11ra1,Il6st"
"Il11","Il11ra2,Il6st","Il11 - Il11ra2,Il6st"
"Il12a,Il12b","Il12rb1,Il12rb2","Il12a,Il12b - Il12rb1,Il12rb2"
"Il12b,Il23a","Il23r,Il12rb1","Il12b,Il23a - Il23r,Il12rb1"
"Il27,Ebi3","Il27ra,Il6st","Il27,Ebi3 - Il27ra,Il6st"
"Il31","Il31ra,Osmr","Il31 - Il31ra,Osmr"
"Cntf","Cntfr,Lifr,Il6st","Cntf - Cntfr,Lifr,Il6st"
"Clcf1","Cntfr,Lifr,Il6st","Clcf1 - Cntfr,Lifr,Il6st"
"Ctf1","Lifr,Il6st","Ctf1 - Lifr,Il6st"
"Lif","Lifr,Il6st","Lif - Lifr,Il6st"
"Osm","Lifr,Il6st","Osm - Lifr,Il6st"
"Osm","Osmr,Il6st","Osm - Osmr,Il6st"
"Il10","Il10ra,Il10rb","Il10 - Il10ra,Il10rb"
"Il19","Il20ra,Il20rb","Il19 - Il20ra,Il20rb"
"Il20","Il20ra,Il20rb","Il20 - Il20ra,Il20rb"
"Il24","Il20ra,Il20rb","Il24 - Il20ra,Il20rb"
"Il20","Il22ra1,Il20rb","Il20 - Il22ra1,Il20rb"
"Il24","Il22ra1,Il20rb","Il24 - Il22ra1,Il20rb"
"Il22","Il22ra1,Il10rb","Il22 - Il22ra1,Il10rb"
"Il1a","Il1r1,Il1rap","Il1a - Il1r1,Il1rap"
"Il1b","Il1r1,Il1rap","Il1b - Il1r1,Il1rap"
"Il1f5","Il1rl2,Il1rap","Il1f5 - Il1rl2,Il1rap"
"Il1f6","Il1rl2,Il1rap","Il1f6 - Il1rl2,Il1rap"
"Il1f8","Il1rl2,Il1rap","Il1f8 - Il1rl2,Il1rap"
"Il1f9","Il1rl2,Il1rap","Il1f9 - Il1rl2,Il1rap"
"Il1f10","Il1rl2,Il1rap","Il1f10 - Il1rl2,Il1rap"
"Il18","Il18r1,Il18rap","Il18 - Il18r1,Il18rap"
"Il33","Il1rl1,Il1rap","Il33 - Il1rl1,Il1rap"
"Il17a","Il17ra,Il17rc","Il17a - Il17ra,Il17rc"
"Il17f","Il17ra,Il17rc","Il17f - Il17ra,Il17rc"
"Il17a,Il17f","Il17ra,Il17rc","Il17a,Il17f - Il17ra,Il17rc"
"Il17c","Il17ra,Il17re","Il17c - Il17ra,Il17re"
"Il25","Il17ra,Il17rb","Il25 - Il17ra,Il17rb"
"Ifna","Ifnar1,Ifnar2","Ifna - Ifnar1,Ifnar2"
"Ifnb1","Ifnar1,Ifnar2","Ifnb1 - Ifnar1,Ifnar2"
"Ifnk","Ifnar1,Ifnar2","Ifnk - Ifnar1,Ifnar2"
"Ifne","Ifnar1,Ifnar2","Ifne - Ifnar1,Ifnar2"
"Ifna11","Ifnar1,Ifnar2","Ifna11 - Ifnar1,Ifnar2"
"Ifna1","Ifnar1,Ifnar2","Ifna1 - Ifnar1,Ifnar2"
"Ifna2","Ifnar1,Ifnar2","Ifna2 - Ifnar1,Ifnar2"
"Ifna4","Ifnar1,Ifnar2","Ifna4 - Ifnar1,Ifnar2"
"Ifna5","Ifnar1,Ifnar2","Ifna5 - Ifnar1,Ifnar2"
"Ifna6","Ifnar1,Ifnar2","Ifna6 - Ifnar1,Ifnar2"
"Ifna7","Ifnar1,Ifnar2","Ifna7 - Ifnar1,Ifnar2"
"Ifna9","Ifnar1,Ifnar2","Ifna9 - Ifnar1,Ifnar2"
"Ifnab","Ifnar1,Ifnar2","Ifnab - Ifnar1,Ifnar2"
"Ifna12","Ifnar1,Ifnar2","Ifna12 - Ifnar1,Ifnar2"
"Ifna13","Ifnar1,Ifnar2","Ifna13 - Ifnar1,Ifnar2"
"Ifna14","Ifnar1,Ifnar2","Ifna14 - Ifnar1,Ifnar2"
"Ifna15","Ifnar1,Ifnar2","Ifna15 - Ifnar1,Ifnar2"
"Ifng","Ifngr1,Ifngr2","Ifng - Ifngr1,Ifngr2"
"Ifnl2","Ifnlr1,Il10rb","Ifnl2 - Ifnlr1,Il10rb"
"Ifnl3","Ifnlr1,Il10rb","Ifnl3 - Ifnlr1,Il10rb"
"Lta,Ltb","Ltbr","Lta,Ltb - Ltbr"
"Klk1b4","Ngfr","Klk1b4 - Ngfr"
"Cd40lg","Itga2b,Itgb3","Cd40lg - Itga2b,Itgb3"
"Cd40lg","Itga5,Itgb1","Cd40lg - Itga5,Itgb1"
"Cd40lg","Itgam,Itgb2","Cd40lg - Itgam,Itgb2"
"Spp1","Itgav,Itgb3","Spp1 - Itgav,Itgb3"
"Spp1","Itgav,Itgb1","Spp1 - Itgav,Itgb1"
"Spp1","Itgav,Itgb5","Spp1 - Itgav,Itgb5"
"Spp1","Itgav,Itgb6","Spp1 - Itgav,Itgb6"
"Spp1","Itga4,Itgb1","Spp1 - Itga4,Itgb1"
"Spp1","Itga9,Itgb1","Spp1 - Itga9,Itgb1"
"Spp1","Itga8,Itgb1","Spp1 - Itga8,Itgb1"
"Spp1","Itga5,Itgb1","Spp1 - Itga5,Itgb1"
"Retn","Tlr4","Retn - Tlr4"
"Retn","Cap1","Retn - Cap1"
"Nampt","Itga5,Itgb1","Nampt - Itga5,Itgb1"
"Angptl1","Itga1,Itgb1","Angptl1 - Itga1,Itgb1"
"Angptl2","Itga5,Itgb1","Angptl2 - Itga5,Itgb1"
"Angptl2","Tlr4","Angptl2 - Tlr4"
"Angptl2","Pirb","Angptl2 - Pirb"
"Angptl1","Pirb","Angptl1 - Pirb"
"Angptl7","Pirb","Angptl7 - Pirb"
"Angptl4","Itga5,Itgb1","Angptl4 - Itga5,Itgb1"
"Angptl4","Itgav,Itgb3","Angptl4 - Itgav,Itgb3"
"Angptl4","Cdh5","Angptl4 - Cdh5"
"Angptl4","Cdh11","Angptl4 - Cdh11"
"Angptl4","Sdc1","Angptl4 - Sdc1"
"Angptl4","Sdc2","Angptl4 - Sdc2"
"Angptl4","Sdc3","Angptl4 - Sdc3"
"Angptl4","Sdc4","Angptl4 - Sdc4"
"Angptl3","Itgav,Itgb3","Angptl3 - Itgav,Itgb3"
"Angpt2","Itga5,Itgb1","Angpt2 - Itga5,Itgb1"
"Mdk","Sdc2","Mdk - Sdc2"
"Mdk","Itga4,Itgb1","Mdk - Itga4,Itgb1"
"Mdk","Itga6,Itgb1","Mdk - Itga6,Itgb1"
"Mdk","Ncl","Mdk - Ncl"
"Ptn","Sdc2","Ptn - Sdc2"
"Ptn","Sdc4","Ptn - Sdc4"
"Ptn","Itgav,Itgb3","Ptn - Itgav,Itgb3"
"Ptn","Ncl","Ptn - Ncl"
"Postn","Itgav,Itgb3","Postn - Itgav,Itgb3"
"Postn","Itgav,Itgb5","Postn - Itgav,Itgb5"
"C3","Itgam,Itgb2","C3 - Itgam,Itgb2"
"C3","Itgax,Itgb2","C3 - Itgax,Itgb2"
"Npy","Npy6r","Npy - Npy6r"
"Npy","Gpr83","Npy - Gpr83"
"Npy","Pgr15l","Npy - Pgr15l"
"Ppy","Npy6r","Ppy - Npy6r"
"Ppy","Gpr83","Ppy - Gpr83"
"Ppy","Pgr15l","Ppy - Pgr15l"
"Pyy","Npy6r","Pyy - Npy6r"
"Pyy","Gpr83","Pyy - Gpr83"
"Pyy","Pgr15l","Pyy - Pgr15l"
"Pdyn","Oprl1","Pdyn - Oprl1"
"Penk","Oprl1","Penk - Oprl1"
"Pomc","Oprl1","Pomc - Oprl1"
"Gm10334","F2r","Gm10334 - F2r"
"Try5","F2r","Try5 - F2r"
"Ctsg","F2r","Ctsg - F2r"
"Gzma","F2r","Gzma - F2r"
"Prss2","F2r","Prss2 - F2r"
"Try4","F2r","Try4 - F2r"
"Try10","F2r","Try10 - F2r"
"Gm10334","F2rl1","Gm10334 - F2rl1"
"Try5","F2rl1","Try5 - F2rl1"
"Ctsg","F2rl1","Ctsg - F2rl1"
"Gzma","F2rl1","Gzma - F2rl1"
"Prss2","F2rl1","Prss2 - F2rl1"
"Try4","F2rl1","Try4 - F2rl1"
"Try10","F2rl1","Try10 - F2rl1"
"Gm10334","F2rl2","Gm10334 - F2rl2"
"Try5","F2rl2","Try5 - F2rl2"
"Ctsg","F2rl2","Ctsg - F2rl2"
"Gzma","F2rl2","Gzma - F2rl2"
"Prss2","F2rl2","Prss2 - F2rl2"
"Try4","F2rl2","Try4 - F2rl2"
"Try10","F2rl2","Try10 - F2rl2"
"Gm10334","F2rl3","Gm10334 - F2rl3"
"Try5","F2rl3","Try5 - F2rl3"
"Ctsg","F2rl3","Ctsg - F2rl3"
"Gzma","F2rl3","Gzma - F2rl3"
"Plg","F2rl3","Plg - F2rl3"
"Prss2","F2rl3","Prss2 - F2rl3"
"Try4","F2rl3","Try4 - F2rl3"
"Try10","F2rl3","Try10 - F2rl3"
"Gm10334","Pard3","Gm10334 - Pard3"
"Try5","Pard3","Try5 - Pard3"
"Ctsg","Pard3","Ctsg - Pard3"
"F2","Pard3","F2 - Pard3"
"Gzma","Pard3","Gzma - Pard3"
"Plg","Pard3","Plg - Pard3"
"Prss2","Pard3","Prss2 - Pard3"
"Try4","Pard3","Try4 - Pard3"
"Try10","Pard3","Try10 - Pard3"
"Gcg","Gipr","Gcg - Gipr"
"Klk1b4","Ntrk1","Klk1b4 - Ntrk1"
"Sema3a","Nrp1,Plxna1","Sema3a - Nrp1,Plxna1"
"Sema3a","Nrp1,Plxna2","Sema3a - Nrp1,Plxna2"
"Sema3a","Nrp1,Plxna3","Sema3a - Nrp1,Plxna3"
"Sema3a","Nrp1,Plxna4","Sema3a - Nrp1,Plxna4"
"Sema3b","Nrp1,Plxna1","Sema3b - Nrp1,Plxna1"
"Sema3b","Nrp1,Plxna2","Sema3b - Nrp1,Plxna2"
"Sema3b","Nrp1,Plxna3","Sema3b - Nrp1,Plxna3"
"Sema3b","Nrp1,Plxna4","Sema3b - Nrp1,Plxna4"
"Sema3c","Nrp1,Plxna1","Sema3c - Nrp1,Plxna1"
"Sema3c","Nrp1,Plxna2","Sema3c - Nrp1,Plxna2"
"Sema3c","Nrp1,Plxna3","Sema3c - Nrp1,Plxna3"
"Sema3c","Nrp1,Plxna4","Sema3c - Nrp1,Plxna4"
"Sema3d","Nrp1,Plxna1","Sema3d - Nrp1,Plxna1"
"Sema3d","Nrp1,Plxna2","Sema3d - Nrp1,Plxna2"
"Sema3d","Nrp1,Plxna3","Sema3d - Nrp1,Plxna3"
"Sema3d","Nrp1,Plxna4","Sema3d - Nrp1,Plxna4"
"Sema3b","Nrp2,Plxna1","Sema3b - Nrp2,Plxna1"
"Sema3b","Nrp2,Plxna2","Sema3b - Nrp2,Plxna2"
"Sema3b","Nrp2,Plxna3","Sema3b - Nrp2,Plxna3"
"Sema3b","Nrp2,Plxna4","Sema3b - Nrp2,Plxna4"
"Sema3c","Nrp2,Plxna1","Sema3c - Nrp2,Plxna1"
"Sema3c","Nrp2,Plxna2","Sema3c - Nrp2,Plxna2"
"Sema3c","Nrp2,Plxna3","Sema3c - Nrp2,Plxna3"
"Sema3c","Nrp2,Plxna4","Sema3c - Nrp2,Plxna4"
"Sema3d","Nrp2,Plxna1","Sema3d - Nrp2,Plxna1"
"Sema3d","Nrp2,Plxna2","Sema3d - Nrp2,Plxna2"
"Sema3d","Nrp2,Plxna3","Sema3d - Nrp2,Plxna3"
"Sema3d","Nrp2,Plxna4","Sema3d - Nrp2,Plxna4"
"Sema3f","Nrp2,Plxna1","Sema3f - Nrp2,Plxna1"
"Sema3f","Nrp2,Plxna2","Sema3f - Nrp2,Plxna2"
"Sema3f","Nrp2,Plxna3","Sema3f - Nrp2,Plxna3"
"Sema3f","Nrp2,Plxna4","Sema3f - Nrp2,Plxna4"
"Sema3g","Nrp2,Plxna1","Sema3g - Nrp2,Plxna1"
"Sema3g","Nrp2,Plxna2","Sema3g - Nrp2,Plxna2"
"Sema3g","Nrp2,Plxna3","Sema3g - Nrp2,Plxna3"
"Sema3g","Nrp2,Plxna4","Sema3g - Nrp2,Plxna4"
"Sema3c","Nrp1,Nrp2,Plxnd1","Sema3c - Nrp1,Nrp2,Plxnd1"
"Apela","Aplnr","Apela - Aplnr"
"Enho","Gpr19","Enho - Gpr19"
"Ghrh","Vipr2","Ghrh - Vipr2"
"Ghrh","Ghsr","Ghrh - Ghsr"
"Grn","Sort1","Grn - Sort1"
"Iapp","Calcrl","Iapp - Calcrl"
"Insl3","Rxfp1","Insl3 - Rxfp1"
"Insl3","Rxfp4","Insl3 - Rxfp4"
"Insl3","Rxfp3","Insl3 - Rxfp3"
"Insl5","Rxfp2","Insl5 - Rxfp2"
"Insl5","Rxfp1","Insl5 - Rxfp1"
"Lgals9","Ptprc","Lgals9 - Ptprc"
"Lgals9","Ighm","Lgals9 - Ighm"
"Pmch","Mertk","Pmch - Mertk"
"Rln1","Rxfp3","Rln1 - Rxfp3"
"Rln1","Rxfp4","Rln1 - Rxfp4"
"Slurp1","Chrnb1","Slurp1 - Chrnb1"
"Slurp1","Chrnb2","Slurp1 - Chrnb2"
"Slurp1","Chrnb3","Slurp1 - Chrnb3"
"Slurp1","Chrnb4","Slurp1 - Chrnb4"
"Slurp1","Chrna1","Slurp1 - Chrna1"
"Slurp1","Chrna2","Slurp1 - Chrna2"
"Slurp1","Chrna3","Slurp1 - Chrna3"
"Slurp1","Chrna4","Slurp1 - Chrna4"
"Slurp1","Chrna5","Slurp1 - Chrna5"
"Slurp1","Chrna6","Slurp1 - Chrna6"
"Slurp1","Chrna9","Slurp1 - Chrna9"
"Slurp1","Chrna10","Slurp1 - Chrna10"
"Slurp1","Chrnd","Slurp1 - Chrnd"
"Slurp1","Chrne","Slurp1 - Chrne"
"Slurp1","Chrng","Slurp1 - Chrng"
"Slurp1","Chrna7","Slurp1 - Chrna7"
"Slurp2","Chrnb1","Slurp2 - Chrnb1"
"Slurp2","Chrnb2","Slurp2 - Chrnb2"
"Slurp2","Chrnb3","Slurp2 - Chrnb3"
"Slurp2","Chrnb4","Slurp2 - Chrnb4"
"Slurp2","Chrna1","Slurp2 - Chrna1"
"Slurp2","Chrna2","Slurp2 - Chrna2"
"Slurp2","Chrna3","Slurp2 - Chrna3"
"Slurp2","Chrna4","Slurp2 - Chrna4"
"Slurp2","Chrna5","Slurp2 - Chrna5"
"Slurp2","Chrna6","Slurp2 - Chrna6"
"Slurp2","Chrna7","Slurp2 - Chrna7"
"Slurp2","Chrna9","Slurp2 - Chrna9"
"Slurp2","Chrna10","Slurp2 - Chrna10"
"Slurp2","Chrnd","Slurp2 - Chrnd"
"Slurp2","Chrne","Slurp2 - Chrne"
"Slurp2","Chrng","Slurp2 - Chrng"
"Trh","Trhr2","Trh - Trhr2"
"Uts2b","Sstr5","Uts2b - Sstr5"
"Bag6","Ncr3-ps","Bag6 - Ncr3-ps"
"Lgals9","Cd44","Lgals9 - Cd44"
"Col1a1","Itga1,Itgb1","Col1a1 - Itga1,Itgb1"
"Col1a2","Itga1,Itgb1","Col1a2 - Itga1,Itgb1"
"Col2a1","Itga1,Itgb1","Col2a1 - Itga1,Itgb1"
"Col4a1","Itga1,Itgb1","Col4a1 - Itga1,Itgb1"
"Col4a2","Itga1,Itgb1","Col4a2 - Itga1,Itgb1"
"Col4a3","Itga1,Itgb1","Col4a3 - Itga1,Itgb1"
"Col4a4","Itga1,Itgb1","Col4a4 - Itga1,Itgb1"
"Col4a5","Itga1,Itgb1","Col4a5 - Itga1,Itgb1"
"Col4a6","Itga1,Itgb1","Col4a6 - Itga1,Itgb1"
"Col6a1","Itga1,Itgb1","Col6a1 - Itga1,Itgb1"
"Col6a2","Itga1,Itgb1","Col6a2 - Itga1,Itgb1"
"Col6a3","Itga1,Itgb1","Col6a3 - Itga1,Itgb1"
"Col6a4","Itga1,Itgb1","Col6a4 - Itga1,Itgb1"
"Col6a5","Itga1,Itgb1","Col6a5 - Itga1,Itgb1"
"Col6a6","Itga1,Itgb1","Col6a6 - Itga1,Itgb1"
"Col9a1","Itga1,Itgb1","Col9a1 - Itga1,Itgb1"
"Col9a2","Itga1,Itgb1","Col9a2 - Itga1,Itgb1"
"Col9a3","Itga1,Itgb1","Col9a3 - Itga1,Itgb1"
"Col1a1","Itga2,Itgb1","Col1a1 - Itga2,Itgb1"
"Col1a2","Itga2,Itgb1","Col1a2 - Itga2,Itgb1"
"Col2a1","Itga2,Itgb1","Col2a1 - Itga2,Itgb1"
"Col4a1","Itga2,Itgb1","Col4a1 - Itga2,Itgb1"
"Col4a2","Itga2,Itgb1","Col4a2 - Itga2,Itgb1"
"Col4a3","Itga2,Itgb1","Col4a3 - Itga2,Itgb1"
"Col4a4","Itga2,Itgb1","Col4a4 - Itga2,Itgb1"
"Col4a5","Itga2,Itgb1","Col4a5 - Itga2,Itgb1"
"Col4a6","Itga2,Itgb1","Col4a6 - Itga2,Itgb1"
"Col6a1","Itga2,Itgb1","Col6a1 - Itga2,Itgb1"
"Col6a2","Itga2,Itgb1","Col6a2 - Itga2,Itgb1"
"Col6a3","Itga2,Itgb1","Col6a3 - Itga2,Itgb1"
"Col6a4","Itga2,Itgb1","Col6a4 - Itga2,Itgb1"
"Col6a5","Itga2,Itgb1","Col6a5 - Itga2,Itgb1"
"Col6a6","Itga2,Itgb1","Col6a6 - Itga2,Itgb1"
"Col9a1","Itga2,Itgb1","Col9a1 - Itga2,Itgb1"
"Col9a2","Itga2,Itgb1","Col9a2 - Itga2,Itgb1"
"Col9a3","Itga2,Itgb1","Col9a3 - Itga2,Itgb1"
"Fn1","Itga3,Itgb1","Fn1 - Itga3,Itgb1"
"Fn1","Itga4,Itgb1","Fn1 - Itga4,Itgb1"
"Fn1","Itga5,Itgb1","Fn1 - Itga5,Itgb1"
"Fn1","Itga8,Itgb1","Fn1 - Itga8,Itgb1"
"Lama1","Itga1,Itgb1","Lama1 - Itga1,Itgb1"
"Lama2","Itga1,Itgb1","Lama2 - Itga1,Itgb1"
"Lama3","Itga1,Itgb1","Lama3 - Itga1,Itgb1"
"Lama4","Itga1,Itgb1","Lama4 - Itga1,Itgb1"
"Lama5","Itga1,Itgb1","Lama5 - Itga1,Itgb1"
"Lamb1","Itga1,Itgb1","Lamb1 - Itga1,Itgb1"
"Lamb2","Itga1,Itgb1","Lamb2 - Itga1,Itgb1"
"Lamb3","Itga1,Itgb1","Lamb3 - Itga1,Itgb1"
"Lamc1","Itga1,Itgb1","Lamc1 - Itga1,Itgb1"
"Lamc2","Itga1,Itgb1","Lamc2 - Itga1,Itgb1"
"Lamc3","Itga1,Itgb1","Lamc3 - Itga1,Itgb1"
"Lama1","Itga2,Itgb1","Lama1 - Itga2,Itgb1"
"Lama2","Itga2,Itgb1","Lama2 - Itga2,Itgb1"
"Lama3","Itga2,Itgb1","Lama3 - Itga2,Itgb1"
"Lama4","Itga2,Itgb1","Lama4 - Itga2,Itgb1"
"Lama5","Itga2,Itgb1","Lama5 - Itga2,Itgb1"
"Lamb1","Itga2,Itgb1","Lamb1 - Itga2,Itgb1"
"Lamb2","Itga2,Itgb1","Lamb2 - Itga2,Itgb1"
"Lamb3","Itga2,Itgb1","Lamb3 - Itga2,Itgb1"
"Lamc1","Itga2,Itgb1","Lamc1 - Itga2,Itgb1"
"Lamc2","Itga2,Itgb1","Lamc2 - Itga2,Itgb1"
"Lamc3","Itga2,Itgb1","Lamc3 - Itga2,Itgb1"
"Chad","Itga2,Itgb1","Chad - Itga2,Itgb1"
"Lama1","Itga3,Itgb1","Lama1 - Itga3,Itgb1"
"Lama2","Itga3,Itgb1","Lama2 - Itga3,Itgb1"
"Lama3","Itga3,Itgb1","Lama3 - Itga3,Itgb1"
"Lama4","Itga3,Itgb1","Lama4 - Itga3,Itgb1"
"Lama5","Itga3,Itgb1","Lama5 - Itga3,Itgb1"
"Lamb1","Itga3,Itgb1","Lamb1 - Itga3,Itgb1"
"Lamb2","Itga3,Itgb1","Lamb2 - Itga3,Itgb1"
"Lamb3","Itga3,Itgb1","Lamb3 - Itga3,Itgb1"
"Lamc1","Itga3,Itgb1","Lamc1 - Itga3,Itgb1"
"Lamc2","Itga3,Itgb1","Lamc2 - Itga3,Itgb1"
"Lamc3","Itga3,Itgb1","Lamc3 - Itga3,Itgb1"
"Reln","Itga3,Itgb1","Reln - Itga3,Itgb1"
"Thbs1","Itga3,Itgb1","Thbs1 - Itga3,Itgb1"
"Thbs2","Itga3,Itgb1","Thbs2 - Itga3,Itgb1"
"Thbs3","Itga3,Itgb1","Thbs3 - Itga3,Itgb1"
"Thbs4","Itga3,Itgb1","Thbs4 - Itga3,Itgb1"
"Comp","Itga3,Itgb1","Comp - Itga3,Itgb1"
"Col1a1","Itga3,Itgb1","Col1a1 - Itga3,Itgb1"
"Col1a2","Itga3,Itgb1","Col1a2 - Itga3,Itgb1"
"Col2a1","Itga3,Itgb1","Col2a1 - Itga3,Itgb1"
"Col4a1","Itga3,Itgb1","Col4a1 - Itga3,Itgb1"
"Col4a2","Itga3,Itgb1","Col4a2 - Itga3,Itgb1"
"Col4a3","Itga3,Itgb1","Col4a3 - Itga3,Itgb1"
"Col4a4","Itga3,Itgb1","Col4a4 - Itga3,Itgb1"
"Col4a5","Itga3,Itgb1","Col4a5 - Itga3,Itgb1"
"Col4a6","Itga3,Itgb1","Col4a6 - Itga3,Itgb1"
"Col6a1","Itga3,Itgb1","Col6a1 - Itga3,Itgb1"
"Col6a2","Itga3,Itgb1","Col6a2 - Itga3,Itgb1"
"Col6a3","Itga3,Itgb1","Col6a3 - Itga3,Itgb1"
"Col6a4","Itga3,Itgb1","Col6a4 - Itga3,Itgb1"
"Col6a5","Itga3,Itgb1","Col6a5 - Itga3,Itgb1"
"Col6a6","Itga3,Itgb1","Col6a6 - Itga3,Itgb1"
"Col9a1","Itga3,Itgb1","Col9a1 - Itga3,Itgb1"
"Col9a2","Itga3,Itgb1","Col9a2 - Itga3,Itgb1"
"Col9a3","Itga3,Itgb1","Col9a3 - Itga3,Itgb1"
"Lama1","Itga6,Itgb1","Lama1 - Itga6,Itgb1"
"Lama2","Itga6,Itgb1","Lama2 - Itga6,Itgb1"
"Lama3","Itga6,Itgb1","Lama3 - Itga6,Itgb1"
"Lama4","Itga6,Itgb1","Lama4 - Itga6,Itgb1"
"Lama5","Itga6,Itgb1","Lama5 - Itga6,Itgb1"
"Lamb1","Itga6,Itgb1","Lamb1 - Itga6,Itgb1"
"Lamb2","Itga6,Itgb1","Lamb2 - Itga6,Itgb1"
"Lamb3","Itga6,Itgb1","Lamb3 - Itga6,Itgb1"
"Lamc1","Itga6,Itgb1","Lamc1 - Itga6,Itgb1"
"Lamc2","Itga6,Itgb1","Lamc2 - Itga6,Itgb1"
"Lamc3","Itga6,Itgb1","Lamc3 - Itga6,Itgb1"
"Lama1","Itga7,Itgb1","Lama1 - Itga7,Itgb1"
"Lama2","Itga7,Itgb1","Lama2 - Itga7,Itgb1"
"Lama3","Itga7,Itgb1","Lama3 - Itga7,Itgb1"
"Lama4","Itga7,Itgb1","Lama4 - Itga7,Itgb1"
"Lama5","Itga7,Itgb1","Lama5 - Itga7,Itgb1"
"Lamb1","Itga7,Itgb1","Lamb1 - Itga7,Itgb1"
"Lamb2","Itga7,Itgb1","Lamb2 - Itga7,Itgb1"
"Lamb3","Itga7,Itgb1","Lamb3 - Itga7,Itgb1"
"Lamc1","Itga7,Itgb1","Lamc1 - Itga7,Itgb1"
"Lamc2","Itga7,Itgb1","Lamc2 - Itga7,Itgb1"
"Lamc3","Itga7,Itgb1","Lamc3 - Itga7,Itgb1"
"Vtn","Itga8,Itgb1","Vtn - Itga8,Itgb1"
"Tnc","Itga8,Itgb1","Tnc - Itga8,Itgb1"
"Tnr","Itga8,Itgb1","Tnr - Itga8,Itgb1"
"Tnn","Itga8,Itgb1","Tnn - Itga8,Itgb1"
"Tnxb","Itga8,Itgb1","Tnxb - Itga8,Itgb1"
"Npnt,Fras1,Frem1","Itga8,Itgb1","Npnt,Fras1,Frem1 - Itga8,Itgb1"
"Npnt,Fras1,Frem2","Itga8,Itgb1","Npnt,Fras1,Frem2 - Itga8,Itgb1"
"Tnc","Itga9,Itgb1","Tnc - Itga9,Itgb1"
"Tnr","Itga9,Itgb1","Tnr - Itga9,Itgb1"
"Tnn","Itga9,Itgb1","Tnn - Itga9,Itgb1"
"Tnxb","Itga9,Itgb1","Tnxb - Itga9,Itgb1"
"Col1a1","Itga9,Itgb1","Col1a1 - Itga9,Itgb1"
"Col1a2","Itga9,Itgb1","Col1a2 - Itga9,Itgb1"
"Col2a1","Itga9,Itgb1","Col2a1 - Itga9,Itgb1"
"Col4a1","Itga9,Itgb1","Col4a1 - Itga9,Itgb1"
"Col4a2","Itga9,Itgb1","Col4a2 - Itga9,Itgb1"
"Col4a3","Itga9,Itgb1","Col4a3 - Itga9,Itgb1"
"Col4a4","Itga9,Itgb1","Col4a4 - Itga9,Itgb1"
"Col4a5","Itga9,Itgb1","Col4a5 - Itga9,Itgb1"
"Col4a6","Itga9,Itgb1","Col4a6 - Itga9,Itgb1"
"Col6a1","Itga9,Itgb1","Col6a1 - Itga9,Itgb1"
"Col6a2","Itga9,Itgb1","Col6a2 - Itga9,Itgb1"
"Col6a3","Itga9,Itgb1","Col6a3 - Itga9,Itgb1"
"Col6a4","Itga9,Itgb1","Col6a4 - Itga9,Itgb1"
"Col6a5","Itga9,Itgb1","Col6a5 - Itga9,Itgb1"
"Col6a6","Itga9,Itgb1","Col6a6 - Itga9,Itgb1"
"Col9a1","Itga9,Itgb1","Col9a1 - Itga9,Itgb1"
"Col9a2","Itga9,Itgb1","Col9a2 - Itga9,Itgb1"
"Col9a3","Itga9,Itgb1","Col9a3 - Itga9,Itgb1"
"Lama1","Itga9,Itgb1","Lama1 - Itga9,Itgb1"
"Lama2","Itga9,Itgb1","Lama2 - Itga9,Itgb1"
"Lama3","Itga9,Itgb1","Lama3 - Itga9,Itgb1"
"Lama4","Itga9,Itgb1","Lama4 - Itga9,Itgb1"
"Lama5","Itga9,Itgb1","Lama5 - Itga9,Itgb1"
"Lamb1","Itga9,Itgb1","Lamb1 - Itga9,Itgb1"
"Lamb2","Itga9,Itgb1","Lamb2 - Itga9,Itgb1"
"Lamb3","Itga9,Itgb1","Lamb3 - Itga9,Itgb1"
"Lamc1","Itga9,Itgb1","Lamc1 - Itga9,Itgb1"
"Lamc2","Itga9,Itgb1","Lamc2 - Itga9,Itgb1"
"Lamc3","Itga9,Itgb1","Lamc3 - Itga9,Itgb1"
"Col1a1","Itga10,Itgb1","Col1a1 - Itga10,Itgb1"
"Col1a2","Itga10,Itgb1","Col1a2 - Itga10,Itgb1"
"Col2a1","Itga10,Itgb1","Col2a1 - Itga10,Itgb1"
"Col4a1","Itga10,Itgb1","Col4a1 - Itga10,Itgb1"
"Col4a2","Itga10,Itgb1","Col4a2 - Itga10,Itgb1"
"Col4a3","Itga10,Itgb1","Col4a3 - Itga10,Itgb1"
"Col4a4","Itga10,Itgb1","Col4a4 - Itga10,Itgb1"
"Col4a5","Itga10,Itgb1","Col4a5 - Itga10,Itgb1"
"Col4a6","Itga10,Itgb1","Col4a6 - Itga10,Itgb1"
"Col6a1","Itga10,Itgb1","Col6a1 - Itga10,Itgb1"
"Col6a2","Itga10,Itgb1","Col6a2 - Itga10,Itgb1"
"Col6a3","Itga10,Itgb1","Col6a3 - Itga10,Itgb1"
"Col6a4","Itga10,Itgb1","Col6a4 - Itga10,Itgb1"
"Col6a5","Itga10,Itgb1","Col6a5 - Itga10,Itgb1"
"Col6a6","Itga10,Itgb1","Col6a6 - Itga10,Itgb1"
"Col9a1","Itga10,Itgb1","Col9a1 - Itga10,Itgb1"
"Col9a2","Itga10,Itgb1","Col9a2 - Itga10,Itgb1"
"Col9a3","Itga10,Itgb1","Col9a3 - Itga10,Itgb1"
"Col1a1","Itga11,Itgb1","Col1a1 - Itga11,Itgb1"
"Col1a2","Itga11,Itgb1","Col1a2 - Itga11,Itgb1"
"Col2a1","Itga11,Itgb1","Col2a1 - Itga11,Itgb1"
"Col4a1","Itga11,Itgb1","Col4a1 - Itga11,Itgb1"
"Col4a2","Itga11,Itgb1","Col4a2 - Itga11,Itgb1"
"Col4a3","Itga11,Itgb1","Col4a3 - Itga11,Itgb1"
"Col4a4","Itga11,Itgb1","Col4a4 - Itga11,Itgb1"
"Col4a5","Itga11,Itgb1","Col4a5 - Itga11,Itgb1"
"Col4a6","Itga11,Itgb1","Col4a6 - Itga11,Itgb1"
"Col6a1","Itga11,Itgb1","Col6a1 - Itga11,Itgb1"
"Col6a2","Itga11,Itgb1","Col6a2 - Itga11,Itgb1"
"Col6a3","Itga11,Itgb1","Col6a3 - Itga11,Itgb1"
"Col6a4","Itga11,Itgb1","Col6a4 - Itga11,Itgb1"
"Col6a5","Itga11,Itgb1","Col6a5 - Itga11,Itgb1"
"Col6a6","Itga11,Itgb1","Col6a6 - Itga11,Itgb1"
"Col9a1","Itga11,Itgb1","Col9a1 - Itga11,Itgb1"
"Col9a2","Itga11,Itgb1","Col9a2 - Itga11,Itgb1"
"Col9a3","Itga11,Itgb1","Col9a3 - Itga11,Itgb1"
"Fn1","Itgav,Itgb1","Fn1 - Itgav,Itgb1"
"Vtn","Itgav,Itgb1","Vtn - Itgav,Itgb1"
"Dspp","Itgav,Itgb1","Dspp - Itgav,Itgb1"
"Fn1","Itga4,Itgb7","Fn1 - Itga4,Itgb7"
"Fn1","Itgav,Itgb3","Fn1 - Itgav,Itgb3"
"Vtn","Itgav,Itgb3","Vtn - Itgav,Itgb3"
"Vwf","Itgav,Itgb3","Vwf - Itgav,Itgb3"
"Tnc","Itgav,Itgb3","Tnc - Itgav,Itgb3"
"Tnr","Itgav,Itgb3","Tnr - Itgav,Itgb3"
"Tnn","Itgav,Itgb3","Tnn - Itgav,Itgb3"
"Tnxb","Itgav,Itgb3","Tnxb - Itgav,Itgb3"
"Ibsp","Itgav,Itgb3","Ibsp - Itgav,Itgb3"
"Thbs1","Itgav,Itgb3","Thbs1 - Itgav,Itgb3"
"Thbs2","Itgav,Itgb3","Thbs2 - Itgav,Itgb3"
"Thbs3","Itgav,Itgb3","Thbs3 - Itgav,Itgb3"
"Thbs4","Itgav,Itgb3","Thbs4 - Itgav,Itgb3"
"Comp","Itgav,Itgb3","Comp - Itgav,Itgb3"
"Dmp1","Itgav,Itgb3","Dmp1 - Itgav,Itgb3"
"Fn1","Itga2b,Itgb3","Fn1 - Itga2b,Itgb3"
"Vtn","Itga2b,Itgb3","Vtn - Itga2b,Itgb3"
"Vwf","Itga2b,Itgb3","Vwf - Itga2b,Itgb3"
"Tnc","Itga2b,Itgb3","Tnc - Itga2b,Itgb3"
"Tnr","Itga2b,Itgb3","Tnr - Itga2b,Itgb3"
"Tnn","Itga2b,Itgb3","Tnn - Itga2b,Itgb3"
"Tnxb","Itga2b,Itgb3","Tnxb - Itga2b,Itgb3"
"Vtn","Itgav,Itgb5","Vtn - Itgav,Itgb5"
"Ibsp","Itgav,Itgb5","Ibsp - Itgav,Itgb5"
"Tnc","Itgav,Itgb6","Tnc - Itgav,Itgb6"
"Tnr","Itgav,Itgb6","Tnr - Itgav,Itgb6"
"Tnn","Itgav,Itgb6","Tnn - Itgav,Itgb6"
"Tnxb","Itgav,Itgb6","Tnxb - Itgav,Itgb6"
"Fn1","Itgav,Itgb6","Fn1 - Itgav,Itgb6"
"Dspp","Itgav,Itgb6","Dspp - Itgav,Itgb6"
"Vtn","Itgav,Itgb8","Vtn - Itgav,Itgb8"
"Fn1","Itgav,Itgb8","Fn1 - Itgav,Itgb8"
"Lama1","Itgav,Itgb8","Lama1 - Itgav,Itgb8"
"Lama2","Itgav,Itgb8","Lama2 - Itgav,Itgb8"
"Lama3","Itgav,Itgb8","Lama3 - Itgav,Itgb8"
"Lama4","Itgav,Itgb8","Lama4 - Itgav,Itgb8"
"Lama5","Itgav,Itgb8","Lama5 - Itgav,Itgb8"
"Lamb1","Itgav,Itgb8","Lamb1 - Itgav,Itgb8"
"Lamb2","Itgav,Itgb8","Lamb2 - Itgav,Itgb8"
"Lamb3","Itgav,Itgb8","Lamb3 - Itgav,Itgb8"
"Lamc1","Itgav,Itgb8","Lamc1 - Itgav,Itgb8"
"Lamc2","Itgav,Itgb8","Lamc2 - Itgav,Itgb8"
"Lamc3","Itgav,Itgb8","Lamc3 - Itgav,Itgb8"
"Col1a1","Itgav,Itgb8","Col1a1 - Itgav,Itgb8"
"Col1a2","Itgav,Itgb8","Col1a2 - Itgav,Itgb8"
"Col2a1","Itgav,Itgb8","Col2a1 - Itgav,Itgb8"
"Col4a1","Itgav,Itgb8","Col4a1 - Itgav,Itgb8"
"Col4a2","Itgav,Itgb8","Col4a2 - Itgav,Itgb8"
"Col4a3","Itgav,Itgb8","Col4a3 - Itgav,Itgb8"
"Col4a4","Itgav,Itgb8","Col4a4 - Itgav,Itgb8"
"Col4a5","Itgav,Itgb8","Col4a5 - Itgav,Itgb8"
"Col4a6","Itgav,Itgb8","Col4a6 - Itgav,Itgb8"
"Col6a1","Itgav,Itgb8","Col6a1 - Itgav,Itgb8"
"Col6a2","Itgav,Itgb8","Col6a2 - Itgav,Itgb8"
"Col6a3","Itgav,Itgb8","Col6a3 - Itgav,Itgb8"
"Col6a4","Itgav,Itgb8","Col6a4 - Itgav,Itgb8"
"Col6a5","Itgav,Itgb8","Col6a5 - Itgav,Itgb8"
"Col6a6","Itgav,Itgb8","Col6a6 - Itgav,Itgb8"
"Col9a1","Itgav,Itgb8","Col9a1 - Itgav,Itgb8"
"Col9a2","Itgav,Itgb8","Col9a2 - Itgav,Itgb8"
"Col9a3","Itgav,Itgb8","Col9a3 - Itgav,Itgb8"
"Lama1","Itga6,Itgb4","Lama1 - Itga6,Itgb4"
"Lama2","Itga6,Itgb4","Lama2 - Itga6,Itgb4"
"Lama3","Itga6,Itgb4","Lama3 - Itga6,Itgb4"
"Lama4","Itga6,Itgb4","Lama4 - Itga6,Itgb4"
"Lama5","Itga6,Itgb4","Lama5 - Itga6,Itgb4"
"Lamb1","Itga6,Itgb4","Lamb1 - Itga6,Itgb4"
"Lamb2","Itga6,Itgb4","Lamb2 - Itga6,Itgb4"
"Lamb3","Itga6,Itgb4","Lamb3 - Itga6,Itgb4"
"Lamc1","Itga6,Itgb4","Lamc1 - Itga6,Itgb4"
"Lamc2","Itga6,Itgb4","Lamc2 - Itga6,Itgb4"
"Lamc3","Itga6,Itgb4","Lamc3 - Itga6,Itgb4"
"Col2a1","Cd44","Col2a1 - Cd44"
"Col4a1","Cd44","Col4a1 - Cd44"
"Col4a2","Cd44","Col4a2 - Cd44"
"Col4a3","Cd44","Col4a3 - Cd44"
"Col4a4","Cd44","Col4a4 - Cd44"
"Col4a5","Cd44","Col4a5 - Cd44"
"Col4a6","Cd44","Col4a6 - Cd44"
"Col6a1","Cd44","Col6a1 - Cd44"
"Col6a2","Cd44","Col6a2 - Cd44"
"Col6a3","Cd44","Col6a3 - Cd44"
"Col6a4","Cd44","Col6a4 - Cd44"
"Col6a5","Cd44","Col6a5 - Cd44"
"Col6a6","Cd44","Col6a6 - Cd44"
"Col9a1","Cd44","Col9a1 - Cd44"
"Col9a2","Cd44","Col9a2 - Cd44"
"Col9a3","Cd44","Col9a3 - Cd44"
"Lama1","Cd44","Lama1 - Cd44"
"Lama2","Cd44","Lama2 - Cd44"
"Lama3","Cd44","Lama3 - Cd44"
"Lama4","Cd44","Lama4 - Cd44"
"Lama5","Cd44","Lama5 - Cd44"
"Lamb1","Cd44","Lamb1 - Cd44"
"Lamb2","Cd44","Lamb2 - Cd44"
"Lamb3","Cd44","Lamb3 - Cd44"
"Lamc1","Cd44","Lamc1 - Cd44"
"Lamc2","Cd44","Lamc2 - Cd44"
"Lamc3","Cd44","Lamc3 - Cd44"
"Col1a1","Sdc1","Col1a1 - Sdc1"
"Col1a2","Sdc1","Col1a2 - Sdc1"
"Col2a1","Sdc1","Col2a1 - Sdc1"
"Col4a1","Sdc1","Col4a1 - Sdc1"
"Col4a2","Sdc1","Col4a2 - Sdc1"
"Col4a3","Sdc1","Col4a3 - Sdc1"
"Col4a4","Sdc1","Col4a4 - Sdc1"
"Col4a5","Sdc1","Col4a5 - Sdc1"
"Col4a6","Sdc1","Col4a6 - Sdc1"
"Col6a1","Sdc1","Col6a1 - Sdc1"
"Col6a2","Sdc1","Col6a2 - Sdc1"
"Col6a3","Sdc1","Col6a3 - Sdc1"
"Col6a4","Sdc1","Col6a4 - Sdc1"
"Col6a5","Sdc1","Col6a5 - Sdc1"
"Col6a6","Sdc1","Col6a6 - Sdc1"
"Col9a1","Sdc1","Col9a1 - Sdc1"
"Col9a2","Sdc1","Col9a2 - Sdc1"
"Col9a3","Sdc1","Col9a3 - Sdc1"
"Fn1","Sdc1","Fn1 - Sdc1"
"Tnr","Sdc1","Tnr - Sdc1"
"Tnn","Sdc1","Tnn - Sdc1"
"Tnxb","Sdc1","Tnxb - Sdc1"
"Thbs2","Sdc1","Thbs2 - Sdc1"
"Thbs3","Sdc1","Thbs3 - Sdc1"
"Thbs4","Sdc1","Thbs4 - Sdc1"
"Comp","Sdc1","Comp - Sdc1"
"Col1a1","Sdc4","Col1a1 - Sdc4"
"Col1a2","Sdc4","Col1a2 - Sdc4"
"Col2a1","Sdc4","Col2a1 - Sdc4"
"Col4a1","Sdc4","Col4a1 - Sdc4"
"Col4a2","Sdc4","Col4a2 - Sdc4"
"Col4a3","Sdc4","Col4a3 - Sdc4"
"Col4a4","Sdc4","Col4a4 - Sdc4"
"Col4a5","Sdc4","Col4a5 - Sdc4"
"Col4a6","Sdc4","Col4a6 - Sdc4"
"Col6a1","Sdc4","Col6a1 - Sdc4"
"Col6a2","Sdc4","Col6a2 - Sdc4"
"Col6a3","Sdc4","Col6a3 - Sdc4"
"Col6a4","Sdc4","Col6a4 - Sdc4"
"Col6a5","Sdc4","Col6a5 - Sdc4"
"Col6a6","Sdc4","Col6a6 - Sdc4"
"Col9a1","Sdc4","Col9a1 - Sdc4"
"Col9a2","Sdc4","Col9a2 - Sdc4"
"Col9a3","Sdc4","Col9a3 - Sdc4"
"Fn1","Sdc4","Fn1 - Sdc4"
"Tnr","Sdc4","Tnr - Sdc4"
"Tnn","Sdc4","Tnn - Sdc4"
"Tnxb","Sdc4","Tnxb - Sdc4"
"Thbs2","Sdc4","Thbs2 - Sdc4"
"Thbs3","Sdc4","Thbs3 - Sdc4"
"Thbs4","Sdc4","Thbs4 - Sdc4"
"Comp","Sdc4","Comp - Sdc4"
"Lama1","Sv2a","Lama1 - Sv2a"
"Lama2","Sv2a","Lama2 - Sv2a"
"Lama3","Sv2a","Lama3 - Sv2a"
"Lama4","Sv2a","Lama4 - Sv2a"
"Lama5","Sv2a","Lama5 - Sv2a"
"Lamb1","Sv2a","Lamb1 - Sv2a"
"Lamb2","Sv2a","Lamb2 - Sv2a"
"Lamb3","Sv2a","Lamb3 - Sv2a"
"Lamc1","Sv2a","Lamc1 - Sv2a"
"Lamc2","Sv2a","Lamc2 - Sv2a"
"Lamc3","Sv2a","Lamc3 - Sv2a"
"Lama1","Sv2b","Lama1 - Sv2b"
"Lama2","Sv2b","Lama2 - Sv2b"
"Lama3","Sv2b","Lama3 - Sv2b"
"Lama4","Sv2b","Lama4 - Sv2b"
"Lama5","Sv2b","Lama5 - Sv2b"
"Lamb1","Sv2b","Lamb1 - Sv2b"
"Lamb2","Sv2b","Lamb2 - Sv2b"
"Lamb3","Sv2b","Lamb3 - Sv2b"
"Lamc1","Sv2b","Lamc1 - Sv2b"
"Lamc2","Sv2b","Lamc2 - Sv2b"
"Lamc3","Sv2b","Lamc3 - Sv2b"
"Lama1","Sv2c","Lama1 - Sv2c"
"Lama2","Sv2c","Lama2 - Sv2c"
"Lama3","Sv2c","Lama3 - Sv2c"
"Lama4","Sv2c","Lama4 - Sv2c"
"Lama5","Sv2c","Lama5 - Sv2c"
"Lamb1","Sv2c","Lamb1 - Sv2c"
"Lamb2","Sv2c","Lamb2 - Sv2c"
"Lamb3","Sv2c","Lamb3 - Sv2c"
"Lamc1","Sv2c","Lamc1 - Sv2c"
"Lamc2","Sv2c","Lamc2 - Sv2c"
"Lamc3","Sv2c","Lamc3 - Sv2c"
"Thbs2","Cd36","Thbs2 - Cd36"
"Thbs3","Cd36","Thbs3 - Cd36"
"Thbs4","Cd36","Thbs4 - Cd36"
"Comp","Cd36","Comp - Cd36"
"Vwf","Gp1ba,Gp1bb,Gp5,Gp9","Vwf - Gp1ba,Gp1bb,Gp5,Gp9"
"Col1a1","Gp6","Col1a1 - Gp6"
"Col1a2","Gp6","Col1a2 - Gp6"
"Col2a1","Gp6","Col2a1 - Gp6"
"Col4a1","Gp6","Col4a1 - Gp6"
"Col4a2","Gp6","Col4a2 - Gp6"
"Col4a3","Gp6","Col4a3 - Gp6"
"Col4a4","Gp6","Col4a4 - Gp6"
"Col4a5","Gp6","Col4a5 - Gp6"
"Col4a6","Gp6","Col4a6 - Gp6"
"Col6a1","Gp6","Col6a1 - Gp6"
"Col6a2","Gp6","Col6a2 - Gp6"
"Col6a3","Gp6","Col6a3 - Gp6"
"Col6a4","Gp6","Col6a4 - Gp6"
"Col6a5","Gp6","Col6a5 - Gp6"
"Col6a6","Gp6","Col6a6 - Gp6"
"Col9a1","Gp6","Col9a1 - Gp6"
"Col9a2","Gp6","Col9a2 - Gp6"
"Col9a3","Gp6","Col9a3 - Gp6"
"Thbs3","Cd47","Thbs3 - Cd47"
"Thbs4","Cd47","Thbs4 - Cd47"
"Comp","Cd47","Comp - Cd47"
"Agrn","Dag1","Agrn - Dag1"
"Hspg2","Dag1","Hspg2 - Dag1"
"Lama1","Dag1","Lama1 - Dag1"
"Lama2","Dag1","Lama2 - Dag1"
"Lama3","Dag1","Lama3 - Dag1"
"Lama4","Dag1","Lama4 - Dag1"
"Lama5","Dag1","Lama5 - Dag1"
"Lamb1","Dag1","Lamb1 - Dag1"
"Lamb2","Dag1","Lamb2 - Dag1"
"Lamb3","Dag1","Lamb3 - Dag1"
"Lamc1","Dag1","Lamc1 - Dag1"
"Lamc2","Dag1","Lamc2 - Dag1"
"Lamc3","Dag1","Lamc3 - Dag1"
"Adgre5","Cd55b","Adgre5 - Cd55b"
"Alcam","Cd6","Alcam - Cd6"
"Anxa1","Fpr2,Fpr3","Anxa1 - Fpr2,Fpr3"
"Bst2","Pira2","Bst2 - Pira2"
"Cadm1","Cadm1","Cadm1 - Cadm1"
"Cadm3","Cadm3","Cadm3 - Cadm3"
"Cd1d2","Pira2","Cd1d2 - Pira2"
"Cd200","Cd200r1","Cd200 - Cd200r1"
"Cd200","Cd200r2","Cd200 - Cd200r2"
"Cd200","Cd200r3","Cd200 - Cd200r3"
"Cd200","Cd200r4","Cd200 - Cd200r4"
"Cd22","Ptprc","Cd22 - Ptprc"
"Cd226","Nectin2","Cd226 - Nectin2"
"Cd226","Pvr","Cd226 - Pvr"
"Fcer2a","Itgam,Itgb2","Fcer2a - Itgam,Itgb2"
"Fcer2a","Itgax,Itgb2","Fcer2a - Itgax,Itgb2"
"Fcer2a","Itgav,Itgb3","Fcer2a - Itgav,Itgb3"
"Fcer2a","Cr2","Fcer2a - Cr2"
"Entpd1","Adora1","Entpd1 - Adora1"
"Entpd1","Adora2a","Entpd1 - Adora2a"
"Entpd1","Adora2b","Entpd1 - Adora2b"
"Entpd1","Tmigd3","Entpd1 - Tmigd3"
"Ptprc","Cd22","Ptprc - Cd22"
"Ptprc","Mrc1","Ptprc - Mrc1"
"Cd46","Jag1","Cd46 - Jag1"
"Cd52","Siglecg","Cd52 - Siglecg"
"Cd6","Alcam","Cd6 - Alcam"
"Cd80","Cd274","Cd80 - Cd274"
"Cd96","Nectin1","Cd96 - Nectin1"
"Cd96","Pvr","Cd96 - Pvr"
"Cd99","Pilra","Cd99 - Pilra"
"Cd99","Cd99","Cd99 - Cd99"
"Cdh15","Cdh15","Cdh15 - Cdh15"
"Cdh4","Cdh4","Cdh4 - Cdh4"
"Cdh2","Cdh2","Cdh2 - Cdh2"
"Cdh1","Cdh1","Cdh1 - Cdh1"
"Cdh1","Itga2,Itgb1","Cdh1 - Itga2,Itgb1"
"Cdh1","Itgae,Itgb7","Cdh1 - Itgae,Itgb7"
"Cdh5","Cdh5","Cdh5 - Cdh5"
"Cd1d1","Ceacam5","Cd1d1 - Ceacam5"
"Cd209a","Ceacam1","Cd209a - Ceacam1"
"Cd8a","Ceacam5","Cd8a - Ceacam5"
"Ceacam1","Ceacam5","Ceacam1 - Ceacam5"
"Sele","Ceacam1","Sele - Ceacam1"
"Cldn11","Cldn11","Cldn11 - Cldn11"
"Clec2d","Klrb1b","Clec2d - Klrb1b"
"Clec2g","Klrb1","Clec2g - Klrb1"
"Clec2h","Klrb1","Clec2h - Klrb1"
"Clec2i","Klrb1","Clec2i - Klrb1"
"Clec2f","Klrb1f","Clec2f - Klrb1f"
"Clec2g","Klrb1f","Clec2g - Klrb1f"
"Clec2i","Klrb1f","Clec2i - Klrb1f"
"Nfasc","Cntn1,Cntnap1","Nfasc - Cntn1,Cntnap1"
"Cntn2","Cntn2,Cntnap2","Cntn2 - Cntn2,Cntnap2"
"Cntn2","L1cam","Cntn2 - L1cam"
"Cntn2","Cntn2","Cntn2 - Cntn2"
"Cntn1","Nrcam","Cntn1 - Nrcam"
"Cspg4","Itga3,Itgb1","Cspg4 - Itga3,Itgb1"
"Dsc1","Dsg1c","Dsc1 - Dsg1c"
"Dsc1","Dsg2","Dsc1 - Dsg2"
"Dsc2","Dsg1c","Dsc2 - Dsg1c"
"Dsc2","Dsg2","Dsc2 - Dsg2"
"Dsg1c","Dsc3","Dsg1c - Dsc3"
"Dsg2","Dsc3","Dsg2 - Dsc3"
"Esam","Esam","Esam - Esam"
"Gp1ba","Itgam,Itgb2","Gp1ba - Itgam,Itgb2"
"Icam1","Itgax,Itgb2","Icam1 - Itgax,Itgb2"
"Icam1","Itgal,Itgb2","Icam1 - Itgal,Itgb2"
"Icam2","Itgal,Itgb2","Icam2 - Itgal,Itgb2"
"Icam1","Itgam,Itgb2","Icam1 - Itgam,Itgb2"
"Icam2","Itgam,Itgb2","Icam2 - Itgam,Itgb2"
"Icam1","Itgal,Itgb2l","Icam1 - Itgal,Itgb2l"
"Icam2","Itgal,Itgb2l","Icam2 - Itgal,Itgb2l"
"Icam1","Itgam,Itgb2l","Icam1 - Itgam,Itgb2l"
"Icam2","Itgam,Itgb2l","Icam2 - Itgam,Itgb2l"
"Icam1","Spn","Icam1 - Spn"
"Icam5","Cd209a","Icam5 - Cd209a"
"Icam5","Cd209f","Icam5 - Cd209f"
"Itgal,Itgb2","Cd226","Itgal,Itgb2 - Cd226"
"Itgal,Itgb2","Icam1","Itgal,Itgb2 - Icam1"
"Itgal,Itgb2","Icam2","Itgal,Itgb2 - Icam2"
"Itgal,Itgb2l","Cd226","Itgal,Itgb2l - Cd226"
"Itgal,Itgb2l","Icam1","Itgal,Itgb2l - Icam1"
"Itgal,Itgb2l","Icam2","Itgal,Itgb2l - Icam2"
"Jam2","Itga3,Itgb1","Jam2 - Itga3,Itgb1"
"Jam2","Itgav,Itgb1","Jam2 - Itgav,Itgb1"
"Jam3","Itgam,Itgb2","Jam3 - Itgam,Itgb2"
"F11r","Itgal,Itgb2","F11r - Itgal,Itgb2"
"Jam3","Itgam,Itgb2l","Jam3 - Itgam,Itgb2l"
"Jam2","Jam3","Jam2 - Jam3"
"F11r","F11r","F11r - F11r"
"F11r","Jam2","F11r - Jam2"
"F11r","Jam3","F11r - Jam3"
"Jam2","F11r","Jam2 - F11r"
"Jam2","Jam2","Jam2 - Jam2"
"Jam3","F11r","Jam3 - F11r"
"Jam3","Jam2","Jam3 - Jam2"
"Jam3","Jam3","Jam3 - Jam3"
"L1cam","Itgav,Itgb3","L1cam - Itgav,Itgb3"
"L1cam","Itga4,Itgb7","L1cam - Itga4,Itgb7"
"L1cam","L1cam","L1cam - L1cam"
"Lair1","Pira2","Lair1 - Pira2"
"Lck","Cd8a,Cd8b1","Lck - Cd8a,Cd8b1"
"Madcam1","Itga4,Itgb7","Madcam1 - Itga4,Itgb7"
"Mag","Mag","Mag - Mag"
"H2-T23","Klrd1,Klrc1","H2-T23 - Klrd1,Klrc1"
"H2-T23","Klrd1,Klrc2","H2-T23 - Klrd1,Klrc2"
"H2-M2","Cd8a","H2-M2 - Cd8a"
"H2-M3","Cd8a","H2-M3 - Cd8a"
"H2-M9","Cd8a","H2-M9 - Cd8a"
"H2-Q1","Cd8a","H2-Q1 - Cd8a"
"H2-Q10","Cd8a","H2-Q10 - Cd8a"
"H2-Q2","Cd8a","H2-Q2 - Cd8a"
"H2-Q7","Cd8a","H2-Q7 - Cd8a"
"H2-Q8","Cd8a","H2-Q8 - Cd8a"
"H2-T22","Cd8a","H2-T22 - Cd8a"
"H2-T23","Cd8a","H2-T23 - Cd8a"
"H2-T24","Cd8a","H2-T24 - Cd8a"
"H2-T3","Cd8a","H2-T3 - Cd8a"
"H2-T9","Cd8a","H2-T9 - Cd8a"
"H2-M10.4","Cd8a","H2-M10.4 - Cd8a"
"H2-M11","Cd8a","H2-M11 - Cd8a"
"H2-M1","Cd8a","H2-M1 - Cd8a"
"H2-M10.5","Cd8a","H2-M10.5 - Cd8a"
"H2-M10.2","Cd8a","H2-M10.2 - Cd8a"
"H2-M10.6","Cd8a","H2-M10.6 - Cd8a"
"H2-T10","Cd8a","H2-T10 - Cd8a"
"H2-Q6","Cd8a","H2-Q6 - Cd8a"
"H2-M10.3","Cd8a","H2-M10.3 - Cd8a"
"H2-Bl","Cd8a","H2-Bl - Cd8a"
"H2-D1","Cd8a","H2-D1 - Cd8a"
"H2-K1","Cd8a","H2-K1 - Cd8a"
"H2-M10.1","Cd8a","H2-M10.1 - Cd8a"
"H2-T18","Cd8a","H2-T18 - Cd8a"
"H2-Q9","Cd8a","H2-Q9 - Cd8a"
"Gm8909","Cd8a","Gm8909 - Cd8a"
"H2-L","Cd8a","H2-L - Cd8a"
"Gm10499","Cd8a","Gm10499 - Cd8a"
"H2-Q4","Cd8a","H2-Q4 - Cd8a"
"H2-T-ps","Cd8a","H2-T-ps - Cd8a"
"Gm11127","Cd8a","Gm11127 - Cd8a"
"H2-M5","Cd8a","H2-M5 - Cd8a"
"Gm7030","Cd8a","Gm7030 - Cd8a"
"H2-M2","Cd8b1","H2-M2 - Cd8b1"
"H2-M3","Cd8b1","H2-M3 - Cd8b1"
"H2-M9","Cd8b1","H2-M9 - Cd8b1"
"H2-Q1","Cd8b1","H2-Q1 - Cd8b1"
"H2-Q10","Cd8b1","H2-Q10 - Cd8b1"
"H2-Q2","Cd8b1","H2-Q2 - Cd8b1"
"H2-Q7","Cd8b1","H2-Q7 - Cd8b1"
"H2-Q8","Cd8b1","H2-Q8 - Cd8b1"
"H2-T22","Cd8b1","H2-T22 - Cd8b1"
"H2-T23","Cd8b1","H2-T23 - Cd8b1"
"H2-T24","Cd8b1","H2-T24 - Cd8b1"
"H2-T3","Cd8b1","H2-T3 - Cd8b1"
"H2-T9","Cd8b1","H2-T9 - Cd8b1"
"H2-M10.4","Cd8b1","H2-M10.4 - Cd8b1"
"H2-M11","Cd8b1","H2-M11 - Cd8b1"
"H2-M1","Cd8b1","H2-M1 - Cd8b1"
"H2-M10.5","Cd8b1","H2-M10.5 - Cd8b1"
"H2-M10.2","Cd8b1","H2-M10.2 - Cd8b1"
"H2-M10.6","Cd8b1","H2-M10.6 - Cd8b1"
"H2-T10","Cd8b1","H2-T10 - Cd8b1"
"H2-Q6","Cd8b1","H2-Q6 - Cd8b1"
"H2-M10.3","Cd8b1","H2-M10.3 - Cd8b1"
"H2-Bl","Cd8b1","H2-Bl - Cd8b1"
"H2-D1","Cd8b1","H2-D1 - Cd8b1"
"H2-K1","Cd8b1","H2-K1 - Cd8b1"
"H2-M10.1","Cd8b1","H2-M10.1 - Cd8b1"
"H2-T18","Cd8b1","H2-T18 - Cd8b1"
"H2-Q9","Cd8b1","H2-Q9 - Cd8b1"
"Gm8909","Cd8b1","Gm8909 - Cd8b1"
"H2-L","Cd8b1","H2-L - Cd8b1"
"Gm10499","Cd8b1","Gm10499 - Cd8b1"
"H2-Q4","Cd8b1","H2-Q4 - Cd8b1"
"H2-T-ps","Cd8b1","H2-T-ps - Cd8b1"
"Gm11127","Cd8b1","Gm11127 - Cd8b1"
"H2-M5","Cd8b1","H2-M5 - Cd8b1"
"Gm7030","Cd8b1","Gm7030 - Cd8b1"
"H2-BI","Kir3dl1","H2-BI - Kir3dl1"
"H2-D","Klra","H2-D - Klra"
"H2-K1","Klra","H2-K1 - Klra"
"Raet1a","Klrk1","Raet1a - Klrk1"
"H60a","Klrk1","H60a - Klrk1"
"H2-Ea-ps","Cd4","H2-Ea-ps - Cd4"
"H2-Aa","Cd4","H2-Aa - Cd4"
"H2-Ab1","Cd4","H2-Ab1 - Cd4"
"H2-Eb1","Cd4","H2-Eb1 - Cd4"
"H2-DMa","Cd4","H2-DMa - Cd4"
"H2-DMb1","Cd4","H2-DMb1 - Cd4"
"H2-DMb2","Cd4","H2-DMb2 - Cd4"
"H2-Oa","Cd4","H2-Oa - Cd4"
"H2-Ob","Cd4","H2-Ob - Cd4"
"Mpz","Mpzl1","Mpz - Mpzl1"
"Mpz","Mpz","Mpz - Mpz"
"Mpzl1","Mpzl1","Mpzl1 - Mpzl1"
"Ncam1","Ncam1","Ncam1 - Ncam1"
"Ncam1","Ncam2","Ncam1 - Ncam2"
"Ncam1","L1cam","Ncam1 - L1cam"
"Ncam2","L1cam","Ncam2 - L1cam"
"Nectin1","Cadm3","Nectin1 - Cadm3"
"Nectin1","Nectin4","Nectin1 - Nectin4"
"Nectin3","Nectin1","Nectin3 - Nectin1"
"Nectin3","Nectin2","Nectin3 - Nectin2"
"Nectin3","Pvr","Nectin3 - Pvr"
"Nectin1","Nectin3","Nectin1 - Nectin3"
"Negr1","Negr1","Negr1 - Negr1"
"Lrrc4c","Ntng1","Lrrc4c - Ntng1"
"Lrrc4","Ntng2","Lrrc4 - Ntng2"
"Lrrc4b","Ptprf","Lrrc4b - Ptprf"
"Ulbp1","Klrk1,Hcst","Ulbp1 - Klrk1,Hcst"
"Nrxn1","Nlgn1","Nrxn1 - Nlgn1"
"Nrxn1","Nlgn2","Nrxn1 - Nlgn2"
"Nrxn1","Nlgn3","Nrxn1 - Nlgn3"
"Nrxn2","Nlgn1","Nrxn2 - Nlgn1"
"Nrxn2","Nlgn2","Nrxn2 - Nlgn2"
"Nrxn2","Nlgn3","Nrxn2 - Nlgn3"
"Nrxn3","Nlgn1","Nrxn3 - Nlgn1"
"Nrxn3","Nlgn2","Nrxn3 - Nlgn2"
"Nrxn3","Nlgn3","Nrxn3 - Nlgn3"
"Ocln","Ocln","Ocln - Ocln"
"Pecam1","Pecam1","Pecam1 - Pecam1"
"Ptprm","Ptprm","Ptprm - Ptprm"
"Pvr","Cd226","Pvr - Cd226"
"Pvr","Tigit","Pvr - Tigit"
"Sele","Cd44","Sele - Cd44"
"Sele","Glg1","Sele - Glg1"
"Sell","Cd34","Sell - Cd34"
"Sell","Podxl","Sell - Podxl"
"Sell","Glycam1","Sell - Glycam1"
"Sell","Madcam1","Sell - Madcam1"
"Sema4a","Nrp1,Plxna1","Sema4a - Nrp1,Plxna1"
"Sema4a","Nrp1,Plxna2","Sema4a - Nrp1,Plxna2"
"Sema4a","Nrp1,Plxna3","Sema4a - Nrp1,Plxna3"
"Sema4a","Nrp1,Plxna4","Sema4a - Nrp1,Plxna4"
"Sema4a","Plxnb1","Sema4a - Plxnb1"
"Sema4a","Plxnb2","Sema4a - Plxnb2"
"Sema4a","Plxnb3","Sema4a - Plxnb3"
"Sema4d","Plxnb3","Sema4d - Plxnb3"
"Sema4a","Timd2","Sema4a - Timd2"
"Sema5a","Plxna1","Sema5a - Plxna1"
"Sema5b","Plxna1","Sema5b - Plxna1"
"Sema5a","Plxna3","Sema5a - Plxna3"
"Sema5b","Plxna3","Sema5b - Plxna3"
"Sema6d","Plxna1,Kdr","Sema6d - Plxna1,Kdr"
"Sema6d","Plxna1,Trem2,Tyrobp","Sema6d - Plxna1,Trem2,Tyrobp"
"Sema6b","Plxna2","Sema6b - Plxna2"
"Sema6b","Plxna4","Sema6b - Plxna4"
"Sema7a","Itgb1,Itga1","Sema7a - Itgb1,Itga1"
"Siglec1","Spn","Siglec1 - Spn"
"Thy1","Itgam,Itgb2","Thy1 - Itgam,Itgb2"
"Thy1","Itgax,Itgb2","Thy1 - Itgax,Itgb2"
"Thy1","Itgav,Itgb3","Thy1 - Itgav,Itgb3"
"Tigit","Nectin2","Tigit - Nectin2"
"Tigit","Pvr","Tigit - Pvr"
"Itga4,Itgb1","Vcam1","Itga4,Itgb1 - Vcam1"
"Itga9,Itgb1","Vcam1","Itga9,Itgb1 - Vcam1"
"Itga4,Itgb7","Vcam1","Itga4,Itgb7 - Vcam1"
"Vsir","Igsf11","Vsir - Igsf11"
"1700013F07Rik","Plscr4","1700013F07Rik - Plscr4"
"9530003J23Rik","Itgal","9530003J23Rik - Itgal"
"Apoa1","Abca1","Apoa1 - Abca1"
"Apoe","Abca1","Apoe - Abca1"
"Ghrl","Ace2","Ghrl - Ace2"
"Ccl21d","Ackr2","Ccl21d - Ackr2"
"Ccl9","Ackr2","Ccl9 - Ackr2"
"Ccl20","Ackr4","Ccl20 - Ackr4"
"Ccl21d","Ackr4","Ccl21d - Ackr4"
"Inhba","Acvr1,Acvr2a","Inhba - Acvr1,Acvr2a"
"Inhba,Inhbb","Acvr1,Acvr2a","Inhba,Inhbb - Acvr1,Acvr2a"
"Inhbb","Acvr1,Acvr2a","Inhbb - Acvr1,Acvr2a"
"Inhba","Acvr1,Acvr2b","Inhba - Acvr1,Acvr2b"
"Inhba,Inhbb","Acvr1,Acvr2b","Inhba,Inhbb - Acvr1,Acvr2b"
"Inhbb","Acvr1,Acvr2b","Inhbb - Acvr1,Acvr2b"
"Gdf1","Acvr1","Gdf1 - Acvr1"
"Gdf10","Acvr1","Gdf10 - Acvr1"
"Lefty1","Acvr1","Lefty1 - Acvr1"
"Tgfb1","Acvr1,Tgfbr1","Tgfb1 - Acvr1,Tgfbr1"
"Tgfb1","Tgfbr2,Acvr1","Tgfb1 - Tgfbr2,Acvr1"
"Tgfb2","Acvr1,Tgfbr1","Tgfb2 - Acvr1,Tgfbr1"
"Tgfb2","Tgfbr2,Acvr1","Tgfb2 - Tgfbr2,Acvr1"
"Tgfb3","Acvr1,Tgfbr1","Tgfb3 - Acvr1,Tgfbr1"
"Tgfb3","Tgfbr2,Acvr1","Tgfb3 - Tgfbr2,Acvr1"
"Bmp3","Acvr1b,Acvr2a","Bmp3 - Acvr1b,Acvr2a"
"Gdf1","Acvr1b,Acvr2a","Gdf1 - Acvr1b,Acvr2a"
"Gdf11","Acvr1b,Acvr2a","Gdf11 - Acvr1b,Acvr2a"
"Gdf3","Acvr1b,Acvr2a","Gdf3 - Acvr1b,Acvr2a"
"Nodal","Acvr1b,Acvr2a","Nodal - Acvr1b,Acvr2a"
"Gdf1","Acvr1b,Acvr2b","Gdf1 - Acvr1b,Acvr2b"
"Gdf10","Acvr1b,Acvr2b","Gdf10 - Acvr1b,Acvr2b"
"Gdf3","Acvr1b,Acvr2b","Gdf3 - Acvr1b,Acvr2b"
"Nodal","Acvr1b,Acvr2b","Nodal - Acvr1b,Acvr2b"
"Nodal","Acvr1b,Acvr2b,Tdgf1","Nodal - Acvr1b,Acvr2b,Tdgf1"
"Bmp15","Acvr1b","Bmp15 - Acvr1b"
"Lefty1","Acvr1b","Lefty1 - Acvr1b"
"Lefty2","Acvr1b","Lefty2 - Acvr1b"
"Gdf1","Acvr1c,Acvr2a","Gdf1 - Acvr1c,Acvr2a"
"Gdf3","Acvr1c,Acvr2a","Gdf3 - Acvr1c,Acvr2a"
"Inhba","Acvr1c,Acvr2a","Inhba - Acvr1c,Acvr2a"
"Nodal","Acvr1c,Acvr2a","Nodal - Acvr1c,Acvr2a"
"Gdf1","Acvr1c,Acvr2b","Gdf1 - Acvr1c,Acvr2b"
"Gdf3","Acvr1c,Acvr2b","Gdf3 - Acvr1c,Acvr2b"
"Inhba","Acvr1c,Acvr2b","Inhba - Acvr1c,Acvr2b"
"Nodal","Acvr1c,Acvr2b","Nodal - Acvr1c,Acvr2b"
"Bmp15","Acvr1c","Bmp15 - Acvr1c"
"Gdf11","Acvr1c","Gdf11 - Acvr1c"
"Gdf9","Acvr1c","Gdf9 - Acvr1c"
"Lefty1","Acvr2a","Lefty1 - Acvr2a"
"Lefty2","Acvr2a","Lefty2 - Acvr2a"
"Bmp10","Acvrl1,Acvr2b","Bmp10 - Acvrl1,Acvr2b"
"Gdf2","Acvrl1,Acvr2b","Gdf2 - Acvrl1,Acvr2b"
"Inhbe","Acvr2b","Inhbe - Acvr2b"
"Lefty1","Acvr2b","Lefty1 - Acvr2b"
"Bmp7","Acvrl1","Bmp7 - Acvrl1"
"Ada","Adora1","Ada - Adora1"
"Ada","Adora2b","Ada - Adora2b"
"Ada","Dpp4","Ada - Dpp4"
"Adam10","Cadm1","Adam10 - Cadm1"
"Adam10","Efna3","Adam10 - Efna3"
"Adam10","Erbb2","Adam10 - Erbb2"
"Adam10","Fcer2a","Adam10 - Fcer2a"
"Adam10","Gpnmb","Adam10 - Gpnmb"
"Adam10","Il6ra","Adam10 - Il6ra"
"Adam10","Itgav","Adam10 - Itgav"
"Adam10","Lrp1","Adam10 - Lrp1"
"Adam10","Notch1","Adam10 - Notch1"
"Adam10","Notch3","Adam10 - Notch3"
"Adam10","Tspan10","Adam10 - Tspan10"
"Adam10","Tspan14","Adam10 - Tspan14"
"Adam10","Tspan15","Adam10 - Tspan15"
"Adam10","Tspan17","Adam10 - Tspan17"
"Adam10","Tspan5","Adam10 - Tspan5"
"Adam11","Itga4","Adam11 - Itga4"
"Lgi1","Adam11","Lgi1 - Adam11"
"Lgi2","Adam11","Lgi2 - Adam11"
"Lgi4","Adam11","Lgi4 - Adam11"
"Adam12","Epha1","Adam12 - Epha1"
"Adam12","Tgfbr2","Adam12 - Tgfbr2"
"Adam17","Aplp2","Adam17 - Aplp2"
"Adam17","Cd40","Adam17 - Cd40"
"Adam17","Cd9","Adam17 - Cd9"
"Adam17","Ghr","Adam17 - Ghr"
"Adam17","Itga6","Adam17 - Itga6"
"Adam17","Itgb6","Adam17 - Itgb6"
"Adam17","Nectin4","Adam17 - Nectin4"
"Adam17","Notch2","Adam17 - Notch2"
"Adam17","Rhbdf2","Adam17 - Rhbdf2"
"Adam17","Tnfrsf1a","Adam17 - Tnfrsf1a"
"Adam17","Tnfrsf1b","Adam17 - Tnfrsf1b"
"Lgi1","Adam22","Lgi1 - Adam22"
"Lgi2","Adam22","Lgi2 - Adam22"
"Lgi3","Adam22","Lgi3 - Adam22"
"Lgi4","Adam22","Lgi4 - Adam22"
"Adam23","Itga4","Adam23 - Itga4"
"Lgi1","Adam23","Lgi1 - Adam23"
"Lgi2","Adam23","Lgi2 - Adam23"
"Lgi3","Adam23","Lgi3 - Adam23"
"Lgi4","Adam23","Lgi4 - Adam23"
"Adam29","Itga4","Adam29 - Itga4"
"Adam3","Cd9","Adam3 - Cd9"
"Adam7","Itga4","Adam7 - Itga4"
"Adam7","Itgb7","Adam7 - Itgb7"
"Adamts3","Ccbe1","Adamts3 - Ccbe1"
"Adcyap1","Adrb2","Adcyap1 - Adrb2"
"Adcyap1","Adrb3","Adcyap1 - Adrb3"
"Adcyap1","Dpp4","Adcyap1 - Dpp4"
"Adcyap1","Gpr20","Adcyap1 - Gpr20"
"Adcyap1","Pth1r","Adcyap1 - Pth1r"
"Adcyap1","Ramp2","Adcyap1 - Ramp2"
"Adcyap1","Ramp3","Adcyap1 - Ramp3"
"Adcyap1","Tshr","Adcyap1 - Tshr"
"Adm","Adcyap1r1","Adm - Adcyap1r1"
"Adm2","Adcyap1r1","Adm2 - Adcyap1r1"
"Avp","Adcyap1r1","Avp - Adcyap1r1"
"Calca","Adcyap1r1","Calca - Adcyap1r1"
"Calcb","Adcyap1r1","Calcb - Adcyap1r1"
"Cga","Adcyap1r1","Cga - Adcyap1r1"
"Crh","Adcyap1r1","Crh - Adcyap1r1"
"Fshb","Adcyap1r1","Fshb - Adcyap1r1"
"Gcg","Adcyap1r1","Gcg - Adcyap1r1"
"Ghrh","Adcyap1r1","Ghrh - Adcyap1r1"
"Gip","Adcyap1r1","Gip - Adcyap1r1"
"Iapp","Adcyap1r1","Iapp - Adcyap1r1"
"Nps","Adcyap1r1","Nps - Adcyap1r1"
"Pomc","Adcyap1r1","Pomc - Adcyap1r1"
"Pth","Adcyap1r1","Pth - Adcyap1r1"
"Pth2","Adcyap1r1","Pth2 - Adcyap1r1"
"Pthlh","Adcyap1r1","Pthlh - Adcyap1r1"
"Rln1","Adcyap1r1","Rln1 - Adcyap1r1"
"Rln3","Adcyap1r1","Rln3 - Adcyap1r1"
"Sct","Adcyap1r1","Sct - Adcyap1r1"
"Tshb","Adcyap1r1","Tshb - Adcyap1r1"
"Wnt7a","Adgra2","Wnt7a - Adgra2"
"Wnt7b","Adgra2","Wnt7b - Adgra2"
"Adgrb1","Rtn4r","Adgrb1 - Rtn4r"
"Adgrb1","Rtn4rl1","Adgrb1 - Rtn4rl1"
"Adgrb1","Rtn4rl2","Adgrb1 - Rtn4rl2"
"Fam3c","Adgrg5","Fam3c - Adgrg5"
"Tnfsf9","Adgrg5","Tnfsf9 - Adgrg5"
"Nrg1","Adgrl1","Nrg1 - Adgrl1"
"Gpha2","Adgrv1","Gpha2 - Adgrv1"
"Ifne","Adgrv1","Ifne - Adgrv1"
"Pdgfb","Adgrv1","Pdgfb - Adgrv1"
"Xcl1","Adgrv1","Xcl1 - Adgrv1"
"Adipoq","Asgr2","Adipoq - Asgr2"
"Adipoq","Cd200r1","Adipoq - Cd200r1"
"Adipoq","Clec2d","Adipoq - Clec2d"
"Adipoq","Cnr2","Adipoq - Cnr2"
"Adipoq","Ffar3","Adipoq - Ffar3"
"Adipoq","Gpr152","Adipoq - Gpr152"
"Adipoq","Prokr2","Adipoq - Prokr2"
"Adm2","Adrb2","Adm2 - Adrb2"
"Adm2","Adrb3","Adm2 - Adrb3"
"Adm2","Gpr20","Adm2 - Gpr20"
"Adm2","Pth1r","Adm2 - Pth1r"
"Adm2","Ramp3","Adm2 - Ramp3"
"Adm2","Tshr","Adm2 - Tshr"
"Adm2","Vipr1","Adm2 - Vipr1"
"Adm","Adrb2","Adm - Adrb2"
"Adm","Adrb3","Adm - Adrb3"
"Adm","Gpr20","Adm - Gpr20"
"Adm","Pth1r","Adm - Pth1r"
"Adm","Ramp3","Adm - Ramp3"
"Adm","Tshr","Adm - Tshr"
"Adm","Vipr1","Adm - Vipr1"
"Nampt","Adora2a","Nampt - Adora2a"
"Entpd1","Adora3","Entpd1 - Adora3"
"Agt","Adra2a","Agt - Adra2a"
"Anxa1","Adra2a","Anxa1 - Adra2a"
"Apln","Adra2a","Apln - Adra2a"
"App","Adra2a","App - Adra2a"
"C3","Adra2a","C3 - Adra2a"
"Ccl19","Adra2a","Ccl19 - Adra2a"
"Ccl20","Adra2a","Ccl20 - Adra2a"
"Ccl21d","Adra2a","Ccl21d - Adra2a"
"Ccl27b","Adra2a","Ccl27b - Adra2a"
"Ccl28","Adra2a","Ccl28 - Adra2a"
"Ccl9","Adra2a","Ccl9 - Adra2a"
"Cort","Adra2a","Cort - Adra2a"
"Cxcl10","Adra2a","Cxcl10 - Adra2a"
"Cxcl11","Adra2a","Cxcl11 - Adra2a"
"Cxcl12","Adra2a","Cxcl12 - Adra2a"
"Cxcl13","Adra2a","Cxcl13 - Adra2a"
"Cxcl5","Adra2a","Cxcl5 - Adra2a"
"Cxcl9","Adra2a","Cxcl9 - Adra2a"
"Gal","Adra2a","Gal - Adra2a"
"Hc","Adra2a","Hc - Adra2a"
"Hebp1","Adra2a","Hebp1 - Adra2a"
"Insl5","Adra2a","Insl5 - Adra2a"
"Kng1","Adra2a","Kng1 - Adra2a"
"Nms","Adra2a","Nms - Adra2a"
"Nmu","Adra2a","Nmu - Adra2a"
"Npw","Adra2a","Npw - Adra2a"
"Npy","Adra2a","Npy - Adra2a"
"Pdyn","Adra2a","Pdyn - Adra2a"
"Penk","Adra2a","Penk - Adra2a"
"Pmch","Adra2a","Pmch - Adra2a"
"Pnoc","Adra2a","Pnoc - Adra2a"
"Pomc","Adra2a","Pomc - Adra2a"
"Ppbp","Adra2a","Ppbp - Adra2a"
"Pyy","Adra2a","Pyy - Adra2a"
"Rln3","Adra2a","Rln3 - Adra2a"
"Sst","Adra2a","Sst - Adra2a"
"Apob","Adrb2","Apob - Adrb2"
"Avp","Adrb2","Avp - Adrb2"
"Calca","Adrb2","Calca - Adrb2"
"Calcb","Adrb2","Calcb - Adrb2"
"Cga","Adrb2","Cga - Adrb2"
"Crh","Adrb2","Crh - Adrb2"
"Egf","Adrb2","Egf - Adrb2"
"Fshb","Adrb2","Fshb - Adrb2"
"Gcg","Adrb2","Gcg - Adrb2"
"Ghrh","Adrb2","Ghrh - Adrb2"
"Gip","Adrb2","Gip - Adrb2"
"Iapp","Adrb2","Iapp - Adrb2"
"Nps","Adrb2","Nps - Adrb2"
"Pomc","Adrb2","Pomc - Adrb2"
"Pth","Adrb2","Pth - Adrb2"
"Pth2","Adrb2","Pth2 - Adrb2"
"Pthlh","Adrb2","Pthlh - Adrb2"
"Rln1","Adrb2","Rln1 - Adrb2"
"Rln3","Adrb2","Rln3 - Adrb2"
"Rps27a","Adrb2","Rps27a - Adrb2"
"Sct","Adrb2","Sct - Adrb2"
"Trf","Adrb2","Trf - Adrb2"
"Tshb","Adrb2","Tshb - Adrb2"
"Vegfb","Adrb2","Vegfb - Adrb2"
"Vip","Adrb2","Vip - Adrb2"
"Wnt5a","Adrb2","Wnt5a - Adrb2"
"Avp","Adrb3","Avp - Adrb3"
"Calca","Adrb3","Calca - Adrb3"
"Calcb","Adrb3","Calcb - Adrb3"
"Cga","Adrb3","Cga - Adrb3"
"Crh","Adrb3","Crh - Adrb3"
"Fshb","Adrb3","Fshb - Adrb3"
"Gcg","Adrb3","Gcg - Adrb3"
"Ghrh","Adrb3","Ghrh - Adrb3"
"Gip","Adrb3","Gip - Adrb3"
"Iapp","Adrb3","Iapp - Adrb3"
"Nps","Adrb3","Nps - Adrb3"
"Pomc","Adrb3","Pomc - Adrb3"
"Pth","Adrb3","Pth - Adrb3"
"Pth2","Adrb3","Pth2 - Adrb3"
"Pthlh","Adrb3","Pthlh - Adrb3"
"Rln1","Adrb3","Rln1 - Adrb3"
"Rln3","Adrb3","Rln3 - Adrb3"
"Sct","Adrb3","Sct - Adrb3"
"Tshb","Adrb3","Tshb - Adrb3"
"Vip","Adrb3","Vip - Adrb3"
"Afdn","Epha7","Afdn - Epha7"
"Afdn","Ephb2","Afdn - Ephb2"
"Afdn","Ephb3","Afdn - Ephb3"
"Afdn","Ephb6","Afdn - Ephb6"
"Afdn","F11r","Afdn - F11r"
"Afdn","Nectin1","Afdn - Nectin1"
"Afdn","Nectin2","Afdn - Nectin2"
"Afdn","Nectin3","Afdn - Nectin3"
"Afdn","Nectin4","Afdn - Nectin4"
"Afdn","Nrxn2","Afdn - Nrxn2"
"Afdn","Nrxn3","Afdn - Nrxn3"
"Hmgb1","Ager","Hmgb1 - Ager"
"S100a9","Ager","S100a9 - Ager"
"Ttr","Ager","Ttr - Ager"
"Agrn","Itgb1","Agrn - Itgb1"
"Agrn","Lrp1","Agrn - Lrp1"
"Agrn","Lrp2","Agrn - Lrp2"
"Agt","Enpep","Agt - Enpep"
"Agt","Grm7","Agt - Grm7"
"Agt","Mtnr1a","Agt - Mtnr1a"
"Cxcl12","Agtr1a","Cxcl12 - Agtr1a"
"Agtrap","Rack1","Agtrap - Rack1"
"Icam1","Ahr","Icam1 - Ahr"
"Aimp1","Ntrk1","Aimp1 - Ntrk1"
"Alb","B2m,Fcgrt","Alb - B2m,Fcgrt"
"Alcam","Chl1","Alcam - Chl1"
"Alcam","L1cam","Alcam - L1cam"
"Alcam","Nrp1","Alcam - Nrp1"
"S100b","Alcam","S100b - Alcam"
"Alkal1","Alk","Alkal1 - Alk"
"Alkal2","Alk","Alkal2 - Alk"
"Bmp10","Alk","Bmp10 - Alk"
"Gdf2","Alk","Gdf2 - Alk"
"Vcl","Alk","Vcl - Alk"
"Alkal1","Ltk","Alkal1 - Ltk"
"Alkal2","Ltk","Alkal2 - Ltk"
"Ambn","Cd63","Ambn - Cd63"
"Amelx","Cd63","Amelx - Cd63"
"Amelx","Lamp2","Amelx - Lamp2"
"Amh","Amhr2,Bmpr1b","Amh - Amhr2,Bmpr1b"
"Ang","Egfr","Ang - Egfr"
"Ang","Plxnb2","Ang - Plxnb2"
"Angpt2","Itgav","Angpt2 - Itgav"
"Angpt2","Itgb2","Angpt2 - Itgb2"
"Angptl4","Gpihbp1","Angptl4 - Gpihbp1"
"Angptl8","Gpihbp1","Angptl8 - Gpihbp1"
"Anpep","Sele","Anpep - Sele"
"Gdf11","Antxr1","Gdf11 - Antxr1"
"Wnt5a","Antxr1","Wnt5a - Antxr1"
"Anxa1","Grm7","Anxa1 - Grm7"
"Anxa1","Mtnr1a","Anxa1 - Mtnr1a"
"Anxa2","Cd44","Anxa2 - Cd44"
"Apln","Grm7","Apln - Grm7"
"Apln","Mtnr1a","Apln - Mtnr1a"
"Pcsk9","Aplp2","Pcsk9 - Aplp2"
"Apoa1","Ldlr","Apoa1 - Ldlr"
"Apoa1","Lrp1","Apoa1 - Lrp1"
"Apoa1","Lrp2","Apoa1 - Lrp2"
"Apoa4","Ldlr","Apoa4 - Ldlr"
"Apoa4","Lrp1","Apoa4 - Lrp1"
"Apoa4","Lrp2","Apoa4 - Lrp2"
"Apob","Apobr","Apob - Apobr"
"Apob","Cd36","Apob - Cd36"
"Apob","Eno1","Apob - Eno1"
"Apob","Lrp1","Apob - Lrp1"
"Apob","Scarb1","Apob - Scarb1"
"Apob","Tlr4","Apob - Tlr4"
"Apob","Tlr6","Apob - Tlr6"
"Apob","Vldlr","Apob - Vldlr"
"Apoc2","Ldlr","Apoc2 - Ldlr"
"Apoc2","Lrp1","Apoc2 - Lrp1"
"Apoc2","Lrp2","Apoc2 - Lrp2"
"Apoc3","Gpihbp1","Apoc3 - Gpihbp1"
"Apoc3","Ldlr","Apoc3 - Ldlr"
"Apoc3","Lrp1","Apoc3 - Lrp1"
"Apoc3","Lrp2","Apoc3 - Lrp2"
"Apoc4","Vldlr","Apoc4 - Vldlr"
"Apoe","Lrp6","Apoe - Lrp6"
"Apoe","Sdc1","Apoe - Sdc1"
"Apoe","Sdc4","Apoe - Sdc4"
"Apoe","Trem2","Apoe - Trem2"
"Apom","Lrp2","Apom - Lrp2"
"App","Casr","App - Casr"
"App","Cd47","App - Cd47"
"App","Dcc","App - Dcc"
"App","Drd3","App - Drd3"
"App","Gpr3","App - Gpr3"
"App","Grm7","App - Grm7"
"App","Lrp10","App - Lrp10"
"App","Lrp2","App - Lrp2"
"App","Lrp4","App - Lrp4"
"App","Lrp6","App - Lrp6"
"App","Lrp8","App - Lrp8"
"App","Mtnr1a","App - Mtnr1a"
"App","Notch1","App - Notch1"
"App","Notch2","App - Notch2"
"Slit2","App","Slit2 - App"
"App","Sorcs1","App - Sorcs1"
"App","Sorl1","App - Sorl1"
"Spon1","App","Spon1 - App"
"App","Trpc6","App - Trpc6"
"App","Tspan12","App - Tspan12"
"App","Tspan15","App - Tspan15"
"App","Vldlr","App - Vldlr"
"Sertad1","Ar","Sertad1 - Ar"
"Areg","Erbb4","Areg - Erbb4"
"Areg","Icam1","Areg - Icam1"
"Areg","Igf1r","Areg - Igf1r"
"Arf4","Lrp2","Arf4 - Lrp2"
"Arf6","Pld1","Arf6 - Pld1"
"Artn","Ret,Gfra1","Artn - Ret,Gfra1"
"Artn","Gfra2","Artn - Gfra2"
"Artn","Ret,Gfra3","Artn - Ret,Gfra3"
"Artn","Sdc3","Artn - Sdc3"
"Avp","Gpr20","Avp - Gpr20"
"Avp","Ldlr","Avp - Ldlr"
"Avp","Lrp2","Avp - Lrp2"
"Avp","Pth1r","Avp - Pth1r"
"Avp","Ramp2","Avp - Ramp2"
"Avp","Ramp3","Avp - Ramp3"
"Avp","Tshr","Avp - Tshr"
"Avp","Vipr1","Avp - Vipr1"
"Cxcl12","Avpr1a","Cxcl12 - Avpr1a"
"Vip","Avpr1a","Vip - Avpr1a"
"Il15ra","Axl","Il15ra - Axl"
"Vegfa","Axl","Vegfa - Axl"
"BC055324","Plscr4","BC055324 - Plscr4"
"Bdnf","Bex3","Bdnf - Bex3"
"Bdnf","F11r","Bdnf - F11r"
"Bdnf","Gpr152","Bdnf - Gpr152"
"Bdnf","Insrr","Bdnf - Insrr"
"Bdnf","Ncam1","Bdnf - Ncam1"
"Bdnf","Ntrk1","Bdnf - Ntrk1"
"Bdnf","Ntrk3","Bdnf - Ntrk3"
"Bdnf","Sorcs2","Bdnf - Sorcs2"
"Ngf","Bex3","Ngf - Bex3"
"Ntf5","Bex3","Ntf5 - Bex3"
"Bgn","Cd44","Bgn - Cd44"
"Bgn","Fgfr3","Bgn - Fgfr3"
"Bgn","P2rx4","Bgn - P2rx4"
"Bgn","P2rx7","Bgn - P2rx7"
"Bmp10","Ffar2","Bmp10 - Ffar2"
"Bmp10","Gpr152","Bmp10 - Gpr152"
"Bmp10","Kir3dl1","Bmp10 - Kir3dl1"
"Bmp10","Tgfbr1","Bmp10 - Tgfbr1"
"Bmp10","Vsir","Bmp10 - Vsir"
"Bmp15","Tgfbr1","Bmp15 - Tgfbr1"
"Bmp2","Hjv","Bmp2 - Hjv"
"Bmp2","Rgmb","Bmp2 - Rgmb"
"Bmp2","Smo","Bmp2 - Smo"
"Bmp2","Tgfbr3","Bmp2 - Tgfbr3"
"Bmp4","Hjv","Bmp4 - Hjv"
"Bmp4","Musk","Bmp4 - Musk"
"Bmp4","Rgmb","Bmp4 - Rgmb"
"Bmp5","Hjv","Bmp5 - Hjv"
"Bmp6","Hjv","Bmp6 - Hjv"
"Bmp7","Hjv","Bmp7 - Hjv"
"Bmp7","Ptprk","Bmp7 - Ptprk"
"Bmp8a","Tgfbr1","Bmp8a - Tgfbr1"
"Bmp8a","Tgfbr2","Bmp8a - Tgfbr2"
"Bmp8b","Tgfbr2","Bmp8b - Tgfbr2"
"Bmpr1b,Bmpr2","Bmpr1a","Bmpr1b,Bmpr2 - Bmpr1a"
"Gdf1","Bmpr1a","Gdf1 - Bmpr1a"
"Gdf10","Bmpr1a","Gdf10 - Bmpr1a"
"Gdf10","Bmpr1b","Gdf10 - Bmpr1b"
"Gdf1","Bmpr2","Gdf1 - Bmpr2"
"Gdf9","Tgfbr1,Bmpr2","Gdf9 - Tgfbr1,Bmpr2"
"Bsg","Cav1","Bsg - Cav1"
"Bsg","Cd44","Bsg - Cd44"
"Bsg","Itgb2","Bsg - Itgb2"
"Bsg","Sele","Bsg - Sele"
"Bsg","Slc16a1","Bsg - Slc16a1"
"Bsg","Slc16a7","Bsg - Slc16a7"
"Bsg","Spn","Bsg - Spn"
"C3","Cd55","C3 - Cd55"
"C3","Grm7","C3 - Grm7"
"C3","Itgb2,Itgam","C3 - Itgb2,Itgam"
"C3","Mtnr1a","C3 - Mtnr1a"
"C3","Nrp1","C3 - Nrp1"
"Cd14","C3ar1","Cd14 - C3ar1"
"C4b","Nrp1","C4b - Nrp1"
"Cadm3","Cadm1","Cadm3 - Cadm1"
"Crtam","Cadm1","Crtam - Cadm1"
"Cadm1","Nectin3","Cadm1 - Nectin3"
"Cadm3","Cadm4","Cadm3 - Cadm4"
"Cadm3","Epb41l1","Cadm3 - Epb41l1"
"Cadm3","Nectin1","Cadm3 - Nectin1"
"Cadm3","Nectin3","Cadm3 - Nectin3"
"Calca","Calcrl,Ramp1","Calca - Calcrl,Ramp1"
"Calca","Calcrl,Ramp2","Calca - Calcrl,Ramp2"
"Calca","Calcrl,Ramp3","Calca - Calcrl,Ramp3"
"Calca","Gpr20","Calca - Gpr20"
"Calca","Pth1r","Calca - Pth1r"
"Calca","Tshr","Calca - Tshr"
"Calca","Vipr1","Calca - Vipr1"
"Calcb","Gpr20","Calcb - Gpr20"
"Calcb","Pth1r","Calcb - Pth1r"
"Calcb","Ramp2","Calcb - Ramp2"
"Calcb","Ramp3","Calcb - Ramp3"
"Calcb","Tshr","Calcb - Tshr"
"Calcb","Vipr1","Calcb - Vipr1"
"Calr","Mpl","Calr - Mpl"
"Crisp2","Catsper1","Crisp2 - Catsper1"
"Ccn1","Cav1","Ccn1 - Cav1"
"Igfbp5","Cav1","Igfbp5 - Cav1"
"Shh","Cav1","Shh - Cav1"
"Vegfc","Ccbe1","Vegfc - Ccbe1"
"Gast","Cckar","Gast - Cckar"
"Ccl12","Ccr4","Ccl12 - Ccr4"
"Ccl19","Grm7","Ccl19 - Grm7"
"Ccl19","Mtnr1a","Ccl19 - Mtnr1a"
"Ccl20","Grm7","Ccl20 - Grm7"
"Ccl20","Mtnr1a","Ccl20 - Mtnr1a"
"Ccl21c","Cxcr3","Ccl21c - Cxcr3"
"Ccl21d","Ccr10","Ccl21d - Ccr10"
"Ccl21d","Ccr7","Ccl21d - Ccr7"
"Ccl21d","Cxcr3","Ccl21d - Cxcr3"
"Ccl21d","Grm7","Ccl21d - Grm7"
"Ccl21d","Mtnr1a","Ccl21d - Mtnr1a"
"Ccl26","Cx3cr1","Ccl26 - Cx3cr1"
"Ccl27b","Grm7","Ccl27b - Grm7"
"Ccl27b","Mtnr1a","Ccl27b - Mtnr1a"
"Ccl28","Grm7","Ccl28 - Grm7"
"Ccl28","Mtnr1a","Ccl28 - Mtnr1a"
"Ccl3","Ccr8","Ccl3 - Ccr8"
"Ccl3","Erg28","Ccl3 - Erg28"
"Ccl3","Ide","Ccl3 - Ide"
"Ccl3","Pitpnm3","Ccl3 - Pitpnm3"
"Ccl4","Cnr2","Ccl4 - Cnr2"
"Ccl4","Ffar2","Ccl4 - Ffar2"
"Ccl4","Ffar3","Ccl4 - Ffar3"
"Ccl4","Gpr101","Ccl4 - Gpr101"
"Ccl4","Gpr151","Ccl4 - Gpr151"
"Ccl4","Gpr152","Ccl4 - Gpr152"
"Ccl4","Gprc5d","Ccl4 - Gprc5d"
"Ccl4","Pgrmc2","Ccl4 - Pgrmc2"
"Ccl4","Slc7a1","Ccl4 - Slc7a1"
"Ccl4","Vsir","Ccl4 - Vsir"
"Ccl5","Ccrl2","Ccl5 - Ccrl2"
"Ccl8","Ccr8","Ccl8 - Ccr8"
"Ccl9","Ccr3","Ccl9 - Ccr3"
"Ccl9","Fpr2","Ccl9 - Fpr2"
"Ccl9","Grm7","Ccl9 - Grm7"
"Ccl9","Ide","Ccl9 - Ide"
"Ccl9","Mtnr1a","Ccl9 - Mtnr1a"
"Ccn1","Itga5","Ccn1 - Itga5"
"Ccn1","Itgam","Ccn1 - Itgam"
"Ccn1","Itgav","Ccn1 - Itgav"
"Ccn1","Itgb2","Ccn1 - Itgb2"
"Ccn1","Itgb3","Ccn1 - Itgb3"
"Ccn1","Itgb5","Ccn1 - Itgb5"
"Ccn1","Sdc4","Ccn1 - Sdc4"
"Ccn1","Tlr2","Ccn1 - Tlr2"
"Ccn2","Egfr","Ccn2 - Egfr"
"Ccn2","Erbb4","Ccn2 - Erbb4"
"Ccn2","Fgfr2","Ccn2 - Fgfr2"
"Ccn2","Igf2r","Ccn2 - Igf2r"
"Ccn2","Itga5","Ccn2 - Itga5"
"Ccn2","Itgam","Ccn2 - Itgam"
"Ccn2","Itgb2","Ccn2 - Itgb2"
"Ccn2","Lrp1","Ccn2 - Lrp1"
"Ccn2","Lrp6","Ccn2 - Lrp6"
"Ccn2","Ntrk1","Ccn2 - Ntrk1"
"Ccn3","Notch1","Ccn3 - Notch1"
"Ccn3","Plxna1","Ccn3 - Plxna1"
"Ccn4","Itga5","Ccn4 - Itga5"
"Ccn4","Itgb1","Ccn4 - Itgb1"
"Ccn6","Sorl1","Ccn6 - Sorl1"
"Pf4","Ccr1","Pf4 - Ccr1"
"Cytl1","Ccr2","Cytl1 - Ccr2"
"Msmp","Ccr2","Msmp - Ccr2"
"Cklf","Ccr4","Cklf - Ccr4"
"Cxcl11","Ccr5","Cxcl11 - Ccr5"
"Spp1","Ccr8","Spp1 - Ccr8"
"Cd14","Cd55","Cd14 - Cd55"
"Cd14","Itgb2","Cd14 - Itgb2"
"Cd14","Ly96","Cd14 - Ly96"
"Cd14","Ripk1","Cd14 - Ripk1"
"Cd14","Tlr2","Cd14 - Tlr2"
"Cd14","Tlr3","Cd14 - Tlr3"
"Cd14","Tlr4","Cd14 - Tlr4"
"Cd14","Tlr6","Cd14 - Tlr6"
"Cd14","Tlr9","Cd14 - Tlr9"
"Hp","Cd163","Hp - Cd163"
"Tnfsf12","Cd163","Tnfsf12 - Cd163"
"Ceacam1","Cd1d1","Ceacam1 - Cd1d1"
"Itgal","Cd226","Itgal - Cd226"
"Itgb2","Cd226","Itgb2 - Cd226"
"Itgb2l","Cd226","Itgb2l - Cd226"
"Ptpn6","Cd22","Ptpn6 - Cd22"
"St6gal1","Cd22","St6gal1 - Cd22"
"Fyn","Cd244a","Fyn - Cd244a"
"Mmrn2","Cd248","Mmrn2 - Cd248"
"Pdcd1","Cd274","Pdcd1 - Cd274"
"Cd28","Cd80","Cd28 - Cd80"
"Cd28","Cd86","Cd28 - Cd86"
"Cd34","Sele","Cd34 - Sele"
"Selp","Cd34","Selp - Cd34"
"Cd36","Tlr4","Cd36 - Tlr4"
"Cd36","Tlr6","Cd36 - Tlr6"
"Wnt1","Cd36","Wnt1 - Cd36"
"Pecam1","Cd38","Pecam1 - Cd38"
"Htra2","Cd40","Htra2 - Cd40"
"Lgals9","Cd40","Lgals9 - Cd40"
"Tnf","Cd40","Tnf - Cd40"
"Tnfsf13b","Cd40","Tnfsf13b - Cd40"
"Cd40lg","Itgb1,Itga5","Cd40lg - Itgb1,Itga5"
"Cd40lg","Traf1","Cd40lg - Traf1"
"Cd40lg","Traf2","Cd40lg - Traf2"
"Egf","Cd44","Egf - Cd44"
"Fgfr2","Cd44","Fgfr2 - Cd44"
"Prg4","Cd44","Prg4 - Cd44"
"Sirpa","Cd47","Sirpa - Cd47"
"Cd47","Sirpa,Tyrobp","Cd47 - Sirpa,Tyrobp"
"H2-Ea","Cd4","H2-Ea - Cd4"
"Siglecg","Cd52","Siglecg - Cd52"
"Cd72","Cd5","Cd72 - Cd5"
"Enam","Cd63","Enam - Cd63"
"Lgals1","Cd69","Lgals1 - Cd69"
"Myl9","Cd69","Myl9 - Cd69"
"Cd72","Sema4d","Cd72 - Sema4d"
"Copa","Cd74","Copa - Cd74"
"Mif","Cd74","Mif - Cd74"
"Ctla4","Cd80","Ctla4 - Cd80"
"Fgfr2","Cd83","Fgfr2 - Cd83"
"Ctla4","Cd86","Ctla4 - Cd86"
"Ceacam1","Cd8a","Ceacam1 - Cd8a"
"Lnx2","Cd8a","Lnx2 - Cd8a"
"Mmrn2","Cd93","Mmrn2 - Cd93"
"Nectin2","Cd96","Nectin2 - Cd96"
"Pvr","Cd96","Pvr - Cd96"
"Izumo1","Cd9","Izumo1 - Cd9"
"Cd9","L1cam","Cd9 - L1cam"
"Cdh1","Fgfr1","Cdh1 - Fgfr1"
"Cdh1","Itga1,Itgb1","Cdh1 - Itga1,Itgb1"
"Cdh1","Itgb1,Itga2","Cdh1 - Itgb1,Itga2"
"Cdh1","Itgb7,Itgae","Cdh1 - Itgb7,Itgae"
"Cdh1","Ptprj","Cdh1 - Ptprj"
"Cdh3","Cdh3","Cdh3 - Cdh3"
"Ceacam16","Tecta","Ceacam16 - Tecta"
"Ceacam16","Tectb","Ceacam16 - Tectb"
"Ceacam1","Ceacam1","Ceacam1 - Ceacam1"
"Ceacam1","Plaur","Ceacam1 - Plaur"
"Ceacam1","Sdc4","Ceacam1 - Sdc4"
"Ceacam1","Sele","Ceacam1 - Sele"
"Tnf","Celsr2","Tnf - Celsr2"
"Csf1","Celsr3","Csf1 - Celsr3"
"Wnt7a","Celsr3","Wnt7a - Celsr3"
"Wnt7b","Celsr3","Wnt7b - Celsr3"
"Cer1","Mrc2","Cer1 - Mrc2"
"Cfp","Ncr1","Cfp - Ncr1"
"Cga","Gpr20","Cga - Gpr20"
"Cga","Pth1r","Cga - Pth1r"
"Cga","Ramp2","Cga - Ramp2"
"Cga","Ramp3","Cga - Ramp3"
"Cga","Vipr1","Cga - Vipr1"
"Zp3","Chrna7","Zp3 - Chrna7"
"Cklf","Lrp6","Cklf - Lrp6"
"Clcf1,Crlf1","Cntfr,Il6st","Clcf1,Crlf1 - Cntfr,Il6st"
"Clcf1","Cntfr,Lifr","Clcf1 - Cntfr,Lifr"
"Clec11a","Itga10","Clec11a - Itga10"
"Clec11a","Itga11","Clec11a - Itga11"
"Clec11a","Itgb1","Clec11a - Itgb1"
"Mmrn2","Clec14a","Mmrn2 - Clec14a"
"Fam3c","Clec2d","Fam3c - Clec2d"
"Klrb1","Clec2d","Klrb1 - Clec2d"
"Clec3a","Mgl2","Clec3a - Mgl2"
"Clec4g","Tyrobp","Clec4g - Tyrobp"
"Lgals9","Clec7a","Lgals9 - Clec7a"
"Clu","Lrp2","Clu - Lrp2"
"Clu","Lrp8","Clu - Lrp8"
"Clu","Vldlr","Clu - Vldlr"
"Cxcl12","Cmklr1","Cxcl12 - Cmklr1"
"Cntf","Cntfr,Il6st","Cntf - Cntfr,Il6st"
"Cntf","Cntfr,Lifr","Cntf - Cntfr,Lifr"
"Cntf","Egfr","Cntf - Egfr"
"Cntf","Lifr,Il6st","Cntf - Lifr,Il6st"
"Cntn1","Notch1","Cntn1 - Notch1"
"Cntn1","Notch2","Cntn1 - Notch2"
"Cntn1","Ptprz1","Cntn1 - Ptprz1"
"Cntn6","Notch1","Cntn6 - Notch1"
"Col11a1","Itgb1,Itga10","Col11a1 - Itgb1,Itga10"
"Col11a1","Itgb1,Itga11","Col11a1 - Itgb1,Itga11"
"Col11a1","Itgb1,Itga1","Col11a1 - Itgb1,Itga1"
"Col11a1","Itgb1,Itga2","Col11a1 - Itgb1,Itga2"
"Col11a2","Itgb1,Itga10","Col11a2 - Itgb1,Itga10"
"Col11a2","Itgb1,Itga11","Col11a2 - Itgb1,Itga11"
"Col11a2","Itgb1,Itga1","Col11a2 - Itgb1,Itga1"
"Col11a2","Itgb1,Itga2","Col11a2 - Itgb1,Itga2"
"Col12a1","Itgb1,Itga10","Col12a1 - Itgb1,Itga10"
"Col12a1","Itgb1,Itga11","Col12a1 - Itgb1,Itga11"
"Col12a1","Itgb1,Itga1","Col12a1 - Itgb1,Itga1"
"Col12a1","Itgb1,Itga2","Col12a1 - Itgb1,Itga2"
"Col13a1","Itgb1,Itga10","Col13a1 - Itgb1,Itga10"
"Col13a1","Itgb1,Itga11","Col13a1 - Itgb1,Itga11"
"Col13a1","Itgb1,Itga1","Col13a1 - Itgb1,Itga1"
"Col13a1","Itgb1,Itga2","Col13a1 - Itgb1,Itga2"
"Col14a1","Itgb1,Itga10","Col14a1 - Itgb1,Itga10"
"Col14a1","Itgb1,Itga11","Col14a1 - Itgb1,Itga11"
"Col14a1","Itgb1,Itga1","Col14a1 - Itgb1,Itga1"
"Col14a1","Itgb1,Itga2","Col14a1 - Itgb1,Itga2"
"Col15a1","Itgb1,Itga10","Col15a1 - Itgb1,Itga10"
"Col15a1","Itgb1,Itga11","Col15a1 - Itgb1,Itga11"
"Col15a1","Itgb1,Itga1","Col15a1 - Itgb1,Itga1"
"Col15a1","Itgb1,Itga2","Col15a1 - Itgb1,Itga2"
"Col16a1","Itgb1,Itga10","Col16a1 - Itgb1,Itga10"
"Col16a1","Itgb1,Itga11","Col16a1 - Itgb1,Itga11"
"Col16a1","Itgb1,Itga1","Col16a1 - Itgb1,Itga1"
"Col16a1","Itgb1,Itga2","Col16a1 - Itgb1,Itga2"
"Col17a1","Itgb1,Itga10","Col17a1 - Itgb1,Itga10"
"Col17a1","Itgb1,Itga11","Col17a1 - Itgb1,Itga11"
"Col17a1","Itgb1,Itga1","Col17a1 - Itgb1,Itga1"
"Col17a1","Itgb1,Itga2","Col17a1 - Itgb1,Itga2"
"Col18a1","Itgb1,Itga10","Col18a1 - Itgb1,Itga10"
"Col18a1","Itgb1,Itga11","Col18a1 - Itgb1,Itga11"
"Col18a1","Itgb1,Itga1","Col18a1 - Itgb1,Itga1"
"Col18a1","Itgb1,Itga2","Col18a1 - Itgb1,Itga2"
"Col18a1","Itga3","Col18a1 - Itga3"
"Col18a1","Itgb3","Col18a1 - Itgb3"
"Col18a1","Itgb5","Col18a1 - Itgb5"
"Col18a1","Ptprs","Col18a1 - Ptprs"
"Col19a1","Itgb1,Itga10","Col19a1 - Itgb1,Itga10"
"Col19a1","Itgb1,Itga11","Col19a1 - Itgb1,Itga11"
"Col19a1","Itgb1,Itga1","Col19a1 - Itgb1,Itga1"
"Col19a1","Itgb1,Itga2","Col19a1 - Itgb1,Itga2"
"Col1a1","Itgb1,Itga10","Col1a1 - Itgb1,Itga10"
"Col1a1","Itgb1,Itga11","Col1a1 - Itgb1,Itga11"
"Col1a1","Itgb1,Itga1","Col1a1 - Itgb1,Itga1"
"Col1a1","Itgb1,Itga2","Col1a1 - Itgb1,Itga2"
"Col1a2","Itgb1,Itga10","Col1a2 - Itgb1,Itga10"
"Col1a2","Itgb1,Itga11","Col1a2 - Itgb1,Itga11"
"Col1a2","Itgb1,Itga1","Col1a2 - Itgb1,Itga1"
"Col1a2","Itgb1,Itga2","Col1a2 - Itgb1,Itga2"
"Col20a1","Itgb1,Itga10","Col20a1 - Itgb1,Itga10"
"Col20a1","Itgb1,Itga11","Col20a1 - Itgb1,Itga11"
"Col20a1","Itgb1,Itga1","Col20a1 - Itgb1,Itga1"
"Col20a1","Itgb1,Itga2","Col20a1 - Itgb1,Itga2"
"Col26a1","Itgb1,Itga10","Col26a1 - Itgb1,Itga10"
"Col26a1","Itgb1,Itga11","Col26a1 - Itgb1,Itga11"
"Col26a1","Itgb1,Itga1","Col26a1 - Itgb1,Itga1"
"Col26a1","Itgb1,Itga2","Col26a1 - Itgb1,Itga2"
"Col27a1","Itgb1,Itga10","Col27a1 - Itgb1,Itga10"
"Col27a1","Itgb1,Itga11","Col27a1 - Itgb1,Itga11"
"Col27a1","Itgb1,Itga1","Col27a1 - Itgb1,Itga1"
"Col27a1","Itgb1,Itga2","Col27a1 - Itgb1,Itga2"
"Col28a1","Itgb1,Itga10","Col28a1 - Itgb1,Itga10"
"Col28a1","Itgb1,Itga11","Col28a1 - Itgb1,Itga11"
"Col28a1","Itgb1,Itga1","Col28a1 - Itgb1,Itga1"
"Col28a1","Itgb1,Itga2","Col28a1 - Itgb1,Itga2"
"Col2a1","Itgb1,Itga10","Col2a1 - Itgb1,Itga10"
"Col2a1","Itgb1,Itga11","Col2a1 - Itgb1,Itga11"
"Col2a1","Itgb1,Itga1","Col2a1 - Itgb1,Itga1"
"Col2a1","Itgb1,Itga2","Col2a1 - Itgb1,Itga2"
"Col3a1","Itgb1,Itga10","Col3a1 - Itgb1,Itga10"
"Col3a1","Itgb1,Itga11","Col3a1 - Itgb1,Itga11"
"Col3a1","Itgb1,Itga1","Col3a1 - Itgb1,Itga1"
"Col3a1","Itgb1,Itga2","Col3a1 - Itgb1,Itga2"
"Col4a1","Itgb1,Itga10","Col4a1 - Itgb1,Itga10"
"Col4a1","Itgb1,Itga11","Col4a1 - Itgb1,Itga11"
"Col4a1","Itgb1,Itga1","Col4a1 - Itgb1,Itga1"
"Col4a1","Itgb1,Itga2","Col4a1 - Itgb1,Itga2"
"Col4a2","Itgb1,Itga10","Col4a2 - Itgb1,Itga10"
"Col4a2","Itgb1,Itga11","Col4a2 - Itgb1,Itga11"
"Col4a2","Itgb1,Itga1","Col4a2 - Itgb1,Itga1"
"Col4a2","Itgb1,Itga2","Col4a2 - Itgb1,Itga2"
"Col4a2","Itgb3","Col4a2 - Itgb3"
"Col4a2","Itgb5","Col4a2 - Itgb5"
"Col4a3","Itgb1,Itga10","Col4a3 - Itgb1,Itga10"
"Col4a3","Itgb1,Itga11","Col4a3 - Itgb1,Itga11"
"Col4a3","Itgb1,Itga1","Col4a3 - Itgb1,Itga1"
"Col4a3","Itgb1,Itga2","Col4a3 - Itgb1,Itga2"
"Col4a3","Itgb3","Col4a3 - Itgb3"
"Col4a4","Itgb1,Itga10","Col4a4 - Itgb1,Itga10"
"Col4a4","Itgb1,Itga11","Col4a4 - Itgb1,Itga11"
"Col4a4","Itgb1,Itga1","Col4a4 - Itgb1,Itga1"
"Col4a4","Itgb1,Itga2","Col4a4 - Itgb1,Itga2"
"Col4a4","Itgb3","Col4a4 - Itgb3"
"Col4a5","Itgb1,Itga10","Col4a5 - Itgb1,Itga10"
"Col4a5","Itgb1,Itga11","Col4a5 - Itgb1,Itga11"
"Col4a5","Itgb1,Itga1","Col4a5 - Itgb1,Itga1"
"Col4a5","Itgb1,Itga2","Col4a5 - Itgb1,Itga2"
"Col4a6","Itgb1,Itga10","Col4a6 - Itgb1,Itga10"
"Col4a6","Itgb1,Itga11","Col4a6 - Itgb1,Itga11"
"Col4a6","Itgb1,Itga1","Col4a6 - Itgb1,Itga1"
"Col4a6","Itgb1,Itga2","Col4a6 - Itgb1,Itga2"
"Col5a1","Itgb1,Itga10","Col5a1 - Itgb1,Itga10"
"Col5a1","Itgb1,Itga11","Col5a1 - Itgb1,Itga11"
"Col5a1","Itgb1,Itga1","Col5a1 - Itgb1,Itga1"
"Col5a1","Itgb1,Itga2","Col5a1 - Itgb1,Itga2"
"Col5a2","Itgb1,Itga10","Col5a2 - Itgb1,Itga10"
"Col5a2","Itgb1,Itga11","Col5a2 - Itgb1,Itga11"
"Col5a2","Itgb1,Itga1","Col5a2 - Itgb1,Itga1"
"Col5a2","Itgb1,Itga2","Col5a2 - Itgb1,Itga2"
"Col5a3","Itgb1,Itga10","Col5a3 - Itgb1,Itga10"
"Col5a3","Itgb1,Itga11","Col5a3 - Itgb1,Itga11"
"Col5a3","Itgb1,Itga1","Col5a3 - Itgb1,Itga1"
"Col5a3","Itgb1,Itga2","Col5a3 - Itgb1,Itga2"
"Col6a1","Itgb1,Itga10","Col6a1 - Itgb1,Itga10"
"Col6a1","Itgb1,Itga11","Col6a1 - Itgb1,Itga11"
"Col6a1","Itgb1,Itga1","Col6a1 - Itgb1,Itga1"
"Col6a1","Itgb1,Itga2","Col6a1 - Itgb1,Itga2"
"Col6a2","Itgb1,Itga10","Col6a2 - Itgb1,Itga10"
"Col6a2","Itgb1,Itga11","Col6a2 - Itgb1,Itga11"
"Col6a2","Itgb1,Itga1","Col6a2 - Itgb1,Itga1"
"Col6a2","Itgb1,Itga2","Col6a2 - Itgb1,Itga2"
"Col6a3","Itgb1,Itga10","Col6a3 - Itgb1,Itga10"
"Col6a3","Itgb1,Itga11","Col6a3 - Itgb1,Itga11"
"Col6a3","Itgb1,Itga1","Col6a3 - Itgb1,Itga1"
"Col6a3","Itgb1,Itga2","Col6a3 - Itgb1,Itga2"
"Col6a5","Itgb1,Itga10","Col6a5 - Itgb1,Itga10"
"Col6a5","Itgb1,Itga11","Col6a5 - Itgb1,Itga11"
"Col6a5","Itgb1,Itga1","Col6a5 - Itgb1,Itga1"
"Col6a5","Itgb1,Itga2","Col6a5 - Itgb1,Itga2"
"Col6a6","Itgb1,Itga10","Col6a6 - Itgb1,Itga10"
"Col6a6","Itgb1,Itga11","Col6a6 - Itgb1,Itga11"
"Col6a6","Itgb1,Itga1","Col6a6 - Itgb1,Itga1"
"Col6a6","Itgb1,Itga2","Col6a6 - Itgb1,Itga2"
"Col8a1","Itgb1,Itga10","Col8a1 - Itgb1,Itga10"
"Col8a1","Itgb1,Itga11","Col8a1 - Itgb1,Itga11"
"Col8a1","Itgb1,Itga1","Col8a1 - Itgb1,Itga1"
"Col8a1","Itgb1,Itga2","Col8a1 - Itgb1,Itga2"
"Col8a2","Itgb1,Itga10","Col8a2 - Itgb1,Itga10"
"Col8a2","Itgb1,Itga11","Col8a2 - Itgb1,Itga11"
"Col8a2","Itgb1,Itga1","Col8a2 - Itgb1,Itga1"
"Col8a2","Itgb1,Itga2","Col8a2 - Itgb1,Itga2"
"Col9a1","Itgb1,Itga10","Col9a1 - Itgb1,Itga10"
"Col9a1","Itgb1,Itga11","Col9a1 - Itgb1,Itga11"
"Col9a1","Itgb1,Itga1","Col9a1 - Itgb1,Itga1"
"Col9a1","Itgb1,Itga2","Col9a1 - Itgb1,Itga2"
"Col9a2","Itgb1,Itga10","Col9a2 - Itgb1,Itga10"
"Col9a2","Itgb1,Itga11","Col9a2 - Itgb1,Itga11"
"Col9a2","Itgb1,Itga1","Col9a2 - Itgb1,Itga1"
"Col9a2","Itgb1,Itga2","Col9a2 - Itgb1,Itga2"
"Comp","Itga2b","Comp - Itga2b"
"Comp","Itga5","Comp - Itga5"
"Comp","Itga7","Comp - Itga7"
"Comp","Notch1","Comp - Notch1"
"Comp","Notch3","Comp - Notch3"
"Copa","Egfr","Copa - Egfr"
"Copa","Mtnr1b","Copa - Mtnr1b"
"Copa","Ntrk1","Copa - Ntrk1"
"Copa","P2ry6","Copa - P2ry6"
"Copa","Sort1","Copa - Sort1"
"Cort","Grm7","Cort - Grm7"
"Cort","Mtnr1a","Cort - Mtnr1a"
"Ifna1","Cr2","Ifna1 - Cr2"
"Crh","Gpr20","Crh - Gpr20"
"Crh","Pth1r","Crh - Pth1r"
"Crh","Ramp2","Crh - Ramp2"
"Crh","Ramp3","Crh - Ramp3"
"Crh","Tshr","Crh - Tshr"
"Crh","Vipr1","Crh - Vipr1"
"Epo","Crlf3","Epo - Crlf3"
"Crp","Fcgr1","Crp - Fcgr1"
"Crp","Tlr4","Crp - Tlr4"
"Il34,Csf1","Csf1r","Il34,Csf1 - Csf1r"
"Csf1","Flt4","Csf1 - Flt4"
"Csf1","Sirpa","Csf1 - Sirpa"
"Csf1","Slc7a1","Csf1 - Slc7a1"
"Csf2","Csf2rb,Csf2ra","Csf2 - Csf2rb,Csf2ra"
"Il5","Csf2rb,Il5ra","Il5 - Csf2rb,Il5ra"
"Fgf1","Cspg4","Fgf1 - Cspg4"
"Cspg4","Itga2,Itgb1","Cspg4 - Itga2,Itgb1"
"Cspg4","Itgb1,Itga3","Cspg4 - Itgb1,Itga3"
"Cst3","Lrp2","Cst3 - Lrp2"
"Cthrc1","Ror2","Cthrc1 - Ror2"
"Ctsd","Lrp1","Ctsd - Lrp1"
"Cx3cl1","Itga4","Cx3cl1 - Itga4"
"Cx3cl1","Itgav","Cx3cl1 - Itgav"
"Cx3cl1","Itgb1","Cx3cl1 - Itgb1"
"Cx3cl1","Itgb3","Cx3cl1 - Itgb3"
"Cxadr","Cxadr","Cxadr - Cxadr"
"Fam3c","Cxadr","Fam3c - Cxadr"
"Lnx2","Cxadr","Lnx2 - Cxadr"
"Cxcl10","Cxcr4","Cxcl10 - Cxcr4"
"Cxcl10","Grm7","Cxcl10 - Grm7"
"Cxcl10","Mtnr1a","Cxcl10 - Mtnr1a"
"Cxcl10","Tlr4","Cxcl10 - Tlr4"
"Cxcl11","Grm7","Cxcl11 - Grm7"
"Cxcl11","Mtnr1a","Cxcl11 - Mtnr1a"
"Cxcl12","Gpr17","Cxcl12 - Gpr17"
"Cxcl12","Grm7","Cxcl12 - Grm7"
"Cxcl12","Itga4","Cxcl12 - Itga4"
"Cxcl12","Itga5","Cxcl12 - Itga5"
"Cxcl12","Itgav","Cxcl12 - Itgav"
"Cxcl12","Itgb3","Cxcl12 - Itgb3"
"Cxcl12","Mtnr1a","Cxcl12 - Mtnr1a"
"Cxcl12","Oprd1","Cxcl12 - Oprd1"
"Cxcl12","Oprm1","Cxcl12 - Oprm1"
"Cxcl13","Grm7","Cxcl13 - Grm7"
"Cxcl13","Mtnr1a","Cxcl13 - Mtnr1a"
"Cxcl14","Cxcr4","Cxcl14 - Cxcr4"
"Cxcl17","Gpr35","Cxcl17 - Gpr35"
"Cxcl3","Cxcr3","Cxcl3 - Cxcr3"
"Cxcl5","Grm7","Cxcl5 - Grm7"
"Cxcl5","Mtnr1a","Cxcl5 - Mtnr1a"
"Cxcl9","Grm7","Cxcl9 - Grm7"
"Cxcl9","Kir3dl1","Cxcl9 - Kir3dl1"
"Cxcl9","Mtnr1a","Cxcl9 - Mtnr1a"
"Selplg","Cxcr2","Selplg - Cxcr2"
"Yars","Cxcr2","Yars - Cxcr2"
"Hmgb1","Cxcr4","Hmgb1 - Cxcr4"
"Mif","Cxcr4","Mif - Cxcr4"
"Tff2","Cxcr4","Tff2 - Cxcr4"
"Dag1","Lama4","Dag1 - Lama4"
"Tnf","Dag1","Tnf - Dag1"
"Draxin","Dcc","Draxin - Dcc"
"Ntn3","Dcc","Ntn3 - Dcc"
"Dcn","Tlr2","Dcn - Tlr2"
"Dcn","Tlr4","Dcn - Tlr4"
"Ttr","Ddr1","Ttr - Ddr1"
"Fstl1","Dip2a","Fstl1 - Dip2a"
"Dkk1","Lrp4","Dkk1 - Lrp4"
"Dkk2","Kremen1","Dkk2 - Kremen1"
"Dkk2","Lrp5","Dkk2 - Lrp5"
"Dkk3","Kremen1","Dkk3 - Kremen1"
"Dkk4","Kremen1","Dkk4 - Kremen1"
"Dkk4","Kremen2","Dkk4 - Kremen2"
"Dkk4","Lrp6","Dkk4 - Lrp6"
"Dmp1","Phex","Dmp1 - Phex"
"Dnajb11","Prtg","Dnajb11 - Prtg"
"Gcg","Dpp4","Gcg - Dpp4"
"Npy","Dpp4","Npy - Dpp4"
"Pyy","Dpp4","Pyy - Dpp4"
"Vip","Dpp4","Vip - Dpp4"
"Dsg1b","Dsc1","Dsg1b - Dsc1"
"Dsc1","Dsg3","Dsc1 - Dsg3"
"Dsc1","Dsg4","Dsc1 - Dsg4"
"Dsg1b","Dsc2","Dsg1b - Dsc2"
"Dsc2","Dsg3","Dsc2 - Dsg3"
"Dsc2","Dsg4","Dsc2 - Dsg4"
"Dsg1b","Dsc3","Dsg1b - Dsc3"
"Dsc3","Dsg3","Dsc3 - Dsg3"
"Dsc3","Dsg4","Dsc3 - Dsg4"
"Ebi3,Il12a","Il6st,Il12rb2","Ebi3,Il12a - Il6st,Il12rb2"
"Ebi3,Il27","Il27ra,Il6st","Ebi3,Il27 - Il27ra,Il6st"
"Ebi3","Il27ra,Il6st","Ebi3 - Il27ra,Il6st"
"Ecm1","Itgb4","Ecm1 - Itgb4"
"Epo","Eda","Epo - Eda"
"Edil3","Itgb3","Edil3 - Itgb3"
"Efna3","Erbb2","Efna3 - Erbb2"
"Efnb1","Egfr","Efnb1 - Egfr"
"Efnb1","Epha5","Efnb1 - Epha5"
"Efnb1","Epha7","Efnb1 - Epha7"
"Efnb2","Epha7","Efnb2 - Epha7"
"Ephb2","Efnb2","Ephb2 - Efnb2"
"Ephb6","Efnb2","Ephb6 - Efnb2"
"Epo","Efnb2","Epo - Efnb2"
"Epha4","Efnb3","Epha4 - Efnb3"
"Ephb1","Efnb3","Ephb1 - Efnb3"
"Ephb2","Efnb3","Ephb2 - Efnb3"
"Ephb3","Efnb3","Ephb3 - Efnb3"
"Ephb4","Efnb3","Ephb4 - Efnb3"
"Ephb6","Efnb3","Ephb6 - Efnb3"
"Egf","Ldlr","Egf - Ldlr"
"Egf","Lrp2","Egf - Lrp2"
"Egf","Nrg1","Egf - Nrg1"
"Egf","Nrp1","Egf - Nrp1"
"Egfl7","Itgav","Egfl7 - Itgav"
"Egfl7","Notch1","Egfl7 - Notch1"
"Egfl7","Notch2","Egfl7 - Notch2"
"Egfl7","Notch3","Egfl7 - Notch3"
"Gdf15","Egfr","Gdf15 - Egfr"
"Grn","Egfr","Grn - Egfr"
"Egfr","Hbegf","Egfr - Hbegf"
"Il6","Egfr","Il6 - Egfr"
"Lrig1","Egfr","Lrig1 - Egfr"
"Mif","Egfr","Mif - Egfr"
"Egfr","Nrg1","Egfr - Nrg1"
"Osm","Egfr","Osm - Egfr"
"Pgf","Egfr","Pgf - Egfr"
"Postn","Egfr","Postn - Egfr"
"S100a4","Egfr","S100a4 - Egfr"
"Tgfb1","Egfr","Tgfb1 - Egfr"
"Tnfsf12","Egfr","Tnfsf12 - Egfr"
"Wnt3","Egfr","Wnt3 - Egfr"
"Wnt9a","Egfr","Wnt9a - Egfr"
"Epcam","Epcam","Epcam - Epcam"
"Fgfr2","Epha4","Fgfr2 - Epha4"
"Fgfr3","Epha4","Fgfr3 - Epha4"
"Fgfr4","Epha4","Fgfr4 - Epha4"
"Gpha2","Epha6","Gpha2 - Epha6"
"Wnt5a","Epha7","Wnt5a - Epha7"
"Psen1","Ephb2","Psen1 - Ephb2"
"Epo","Ephb4","Epo - Ephb4"
"Epo","Mpl","Epo - Mpl"
"Hrg","Erbb2","Hrg - Erbb2"
"Rps27a","Erbb2","Rps27a - Erbb2"
"S100a4","Erbb2","S100a4 - Erbb2"
"Hbegf","Erbb3","Hbegf - Erbb3"
"Hrg","Erbb3","Hrg - Erbb3"
"Erbb3","Nrg1","Erbb3 - Nrg1"
"Nrg3","Erbb3","Nrg3 - Erbb3"
"Psen1","Erbb4","Psen1 - Erbb4"
"Erfe","Lrp1","Erfe - Lrp1"
"Vcam1","Ezr","Vcam1 - Ezr"
"F10","Itgb2,Itgam","F10 - Itgb2,Itgam"
"Itgb2,Itgal","F11r,Itgb2","Itgb2,Itgal - F11r,Itgb2"
"F2","Gp1ba,Gp1bb","F2 - Gp1ba,Gp1bb"
"F2","Itga2b,Itgb3","F2 - Itga2b,Itgb3"
"F2","Itgav,Itgb3","F2 - Itgav,Itgb3"
"F7","F2rl1","F7 - F2rl1"
"Fabp5","Rxra","Fabp5 - Rxra"
"Fam3b","Lrp5","Fam3b - Lrp5"
"Fam3c","Ffar2","Fam3c - Ffar2"
"Fam3c","Ffar3","Fam3c - Ffar3"
"Fam3c","Glra2","Fam3c - Glra2"
"Fam3c","Kir3dl1","Fam3c - Kir3dl1"
"Fam3c","Lamp1","Fam3c - Lamp1"
"Fam3c","Lifr","Fam3c - Lifr"
"Fam3c","Pdcd1","Fam3c - Pdcd1"
"Fam3d","Fpr1","Fam3d - Fpr1"
"Fam3d","Fpr2","Fam3d - Fpr2"
"Tnf","Fas","Tnf - Fas"
"Tnfsf14","Fas","Tnfsf14 - Fas"
"Fbn1","Itgb1,Itga5","Fbn1 - Itgb1,Itga5"
"Itgb2,Itgam","Fcer2a,Itgb2","Itgb2,Itgam - Fcer2a,Itgb2"
"Itgav,Itgb3","Fcer2a,Itgb3","Itgav,Itgb3 - Fcer2a,Itgb3"
"Itgax,Itgb2","Fcer2a,Itgb2","Itgax,Itgb2 - Fcer2a,Itgb2"
"Tnf","Ffar2","Tnf - Ffar2"
"Itga2b,Itgb3","Fga,Fgg,Fgb","Itga2b,Itgb3 - Fga,Fgg,Fgb"
"Itgb2,Itgam","Fga,Fgg,Fgb","Itgb2,Itgam - Fga,Fgg,Fgb"
"Itgax,Itgb2","Fga,Fgg,Fgb","Itgax,Itgb2 - Fga,Fgg,Fgb"
"Fga","Tlr4","Fga - Tlr4"
"Fgb","Tlr4","Fgb - Tlr4"
"Fgf10","Fgfrl1","Fgf10 - Fgfrl1"
"Fgf1","Itgav,Itgb3","Fgf1 - Itgav,Itgb3"
"Fgf1","Tgfbr3","Fgf1 - Tgfbr3"
"Fgf21","Klb","Fgf21 - Klb"
"Fgf22","Fgfr1","Fgf22 - Fgfr1"
"Fgf22","Fgfrl1","Fgf22 - Fgfrl1"
"Fgf23","Kl","Fgf23 - Kl"
"Fgf2","Itgav,Itgb3","Fgf2 - Itgav,Itgb3"
"Fgf2","Kit","Fgf2 - Kit"
"Fgf2","Lyve1","Fgf2 - Lyve1"
"Fgf2","Notch1","Fgf2 - Notch1"
"Fgf2","Ptprz1","Fgf2 - Ptprz1"
"Fgf3","Fgfrl1","Fgf3 - Fgfrl1"
"Fgf4","Fgfrl1","Fgf4 - Fgfrl1"
"Fgf8","Fgfrl1","Fgf8 - Fgfrl1"
"Fgfr2","Fgfr1","Fgfr2 - Fgfr1"
"Kl","Fgfr1","Kl - Fgfr1"
"S100b","Fgfr1","S100b - Fgfr1"
"Fgfr2","Fgfr3","Fgfr2 - Fgfr3"
"Fgfr2","Nectin1","Fgfr2 - Nectin1"
"Fgfr2","Ptprr","Fgfr2 - Ptprr"
"Fgfr2","Ros1","Fgfr2 - Ros1"
"Rps27a","Fgfr2","Rps27a - Fgfr2"
"Tff1","Fgfr2","Tff1 - Fgfr2"
"Timp1","Fgfr2","Timp1 - Fgfr2"
"Vegfd","Fgfr2","Vegfd - Fgfr2"
"Fgfr2","Xpr1","Fgfr2 - Xpr1"
"Fgfr3","Nectin1","Fgfr3 - Nectin1"
"Fgfr4","Ptprr","Fgfr4 - Ptprr"
"Scgb3a1","Fgfr4","Scgb3a1 - Fgfr4"
"Fgg","Tlr4","Fgg - Tlr4"
"Lgi3","Flot1","Lgi3 - Flot1"
"Fn1","Flrt2","Fn1 - Flrt2"
"Slit1","Flrt3","Slit1 - Flrt3"
"Pgf","Flt1,Kdr","Pgf - Flt1,Kdr"
"Vegfb","Flt1,Kdr","Vegfb - Flt1,Kdr"
"Mmp14","Flt1","Mmp14 - Flt1"
"Vegfd","Flt1","Vegfd - Flt1"
"Tnf","Flt4","Tnf - Flt4"
"Fn1","Itgb1,Itga10","Fn1 - Itgb1,Itga10"
"Fn1","Itgb1,Itga11","Fn1 - Itgb1,Itga11"
"Fn1","Itgb1,Itga2","Fn1 - Itgb1,Itga2"
"Fn1","Itgb1,Itga3","Fn1 - Itgb1,Itga3"
"Fn1","Itgb1,Itga4","Fn1 - Itgb1,Itga4"
"Fn1","Itgb7,Itga4","Fn1 - Itgb7,Itga4"
"Fn1","Itgb1,Itga5","Fn1 - Itgb1,Itga5"
"Fn1","Itgb1,Itga8","Fn1 - Itgb1,Itga8"
"Fn1","Itgb1,Itgav","Fn1 - Itgb1,Itgav"
"Fn1","Itgb5,Itgav","Fn1 - Itgb5,Itgav"
"Fndc5","Itgav","Fndc5 - Itgav"
"Fndc5","Itgb5","Fndc5 - Itgb5"
"Tafa4","Fpr1","Tafa4 - Fpr1"
"Fshb","Gpr20","Fshb - Gpr20"
"Fshb","Pth1r","Fshb - Pth1r"
"Fshb","Ramp2","Fshb - Ramp2"
"Fshb","Ramp3","Fshb - Ramp3"
"Fshb","Tshr","Fshb - Tshr"
"Fshb","Vipr1","Fshb - Vipr1"
"Fst","Hjv","Fst - Hjv"
"Fyn","Spn","Fyn - Spn"
"Fyn","Thy1","Fyn - Thy1"
"Wnt5b","Fzd10,Lrp5","Wnt5b - Fzd10,Lrp5"
"Wnt5b","Fzd10,Lrp6","Wnt5b - Fzd10,Lrp6"
"Wnt5b","Fzd1,Lrp5","Wnt5b - Fzd1,Lrp5"
"Wnt5b","Fzd1,Lrp6","Wnt5b - Fzd1,Lrp6"
"Wnt4","Fzd1","Wnt4 - Fzd1"
"Wnt5b","Fzd2,Lrp5","Wnt5b - Fzd2,Lrp5"
"Wnt5b","Fzd2,Lrp6","Wnt5b - Fzd2,Lrp6"
"Wnt2","Fzd2","Wnt2 - Fzd2"
"Wnt5b","Fzd3,Lrp5","Wnt5b - Fzd3,Lrp5"
"Wnt5b","Fzd3,Lrp6","Wnt5b - Fzd3,Lrp6"
"Wnt2","Fzd3","Wnt2 - Fzd3"
"Wnt2","Fzd4","Wnt2 - Fzd4"
"Wnt2b","Fzd4","Wnt2b - Fzd4"
"Wnt7b","Fzd4","Wnt7b - Fzd4"
"Wnt5b","Fzd5,Lrp5","Wnt5b - Fzd5,Lrp5"
"Wnt5b","Fzd5,Lrp6","Wnt5b - Fzd5,Lrp6"
"Sfrp2","Fzd5","Sfrp2 - Fzd5"
"Wnt5b","Fzd6,Lrp5","Wnt5b - Fzd6,Lrp5"
"Wnt5b","Fzd6,Lrp6","Wnt5b - Fzd6,Lrp6"
"Wnt5b","Fzd7,Lrp5","Wnt5b - Fzd7,Lrp5"
"Wnt5b","Fzd7,Lrp6","Wnt5b - Fzd7,Lrp6"
"Tdgf1","Fzd7","Tdgf1 - Fzd7"
"Wnt5b","Fzd8,Lrp5","Wnt5b - Fzd8,Lrp5"
"Wnt5b","Fzd8,Lrp6","Wnt5b - Fzd8,Lrp6"
"Wnt4","Fzd8","Wnt4 - Fzd8"
"Wnt5b","Fzd9,Lrp5","Wnt5b - Fzd9,Lrp5"
"Wnt5b","Fzd9,Lrp6","Wnt5b - Fzd9,Lrp6"
"Gal","Grm7","Gal - Grm7"
"Gal","Mtnr1a","Gal - Mtnr1a"
"Spx","Galr2","Spx - Galr2"
"Spx","Galr3","Spx - Galr3"
"Shh","Gas1","Shh - Gas1"
"Gast","Gpr152","Gast - Gpr152"
"Gast","Kir3dl1","Gast - Kir3dl1"
"Gc","Lrp2","Gc - Lrp2"
"Gcg","Gpr20","Gcg - Gpr20"
"Gcg","Ide","Gcg - Ide"
"Gcg","Pth1r","Gcg - Pth1r"
"Gcg","Ramp2","Gcg - Ramp2"
"Gcg","Ramp3","Gcg - Ramp3"
"Gcg","Tshr","Gcg - Tshr"
"Gcg","Vipr1","Gcg - Vipr1"
"Gdf15","Gfral","Gdf15 - Gfral"
"Gdf15","Ret","Gdf15 - Ret"
"Gdf15","Tgfbr1","Gdf15 - Tgfbr1"
"Gdf1","Htr4","Gdf1 - Htr4"
"Gdf3","Tdgf1","Gdf3 - Tdgf1"
"Gdf3","Tgfbr1","Gdf3 - Tgfbr1"
"Gdnf","Ret,Gfra1","Gdnf - Ret,Gfra1"
"Gdnf","Gfra2,Ret","Gdnf - Gfra2,Ret"
"Gdnf","Gfra3","Gdnf - Gfra3"
"Gdnf","Gfra4","Gdnf - Gfra4"
"Gdnf","Ncam1","Gdnf - Ncam1"
"Gdnf","Sdc3","Gdnf - Sdc3"
"Gdnf","Sorl1","Gdnf - Sorl1"
"Nrtn","Gfra1,Ret","Nrtn - Gfra1,Ret"
"Nrtn","Ret,Gfra2","Nrtn - Ret,Gfra2"
"Nrtn","Gfra3","Nrtn - Gfra3"
"Ghrh","Gpr20","Ghrh - Gpr20"
"Ghrh","Pth1r","Ghrh - Pth1r"
"Ghrh","Ramp2","Ghrh - Ramp2"
"Ghrh","Ramp3","Ghrh - Ramp3"
"Ghrh","Tshr","Ghrh - Tshr"
"Ghrl","Ptger3","Ghrl - Ptger3"
"Ghrl","Ptgir","Ghrl - Ptgir"
"Ghrl","Tbxa2r","Ghrl - Tbxa2r"
"Leap2","Ghsr","Leap2 - Ghsr"
"Gip","Gpr20","Gip - Gpr20"
"Gip","Pth1r","Gip - Pth1r"
"Gip","Ramp2","Gip - Ramp2"
"Gip","Ramp3","Gip - Ramp3"
"Gip","Tshr","Gip - Tshr"
"Gip","Vipr1","Gip - Vipr1"
"Gnb1","Kcnj6","Gnb1 - Kcnj6"
"Gnb2","Kcnj6","Gnb2 - Kcnj6"
"Gnb4","Kcnj6","Gnb4 - Kcnj6"
"Gnb5","Kcnj6","Gnb5 - Kcnj6"
"Gng10","Kcnj6","Gng10 - Kcnj6"
"Gng11","Kcnj6","Gng11 - Kcnj6"
"Gng12","Kcnj6","Gng12 - Kcnj6"
"Gng13","Kcnj6","Gng13 - Kcnj6"
"Gng2","Kcnj6","Gng2 - Kcnj6"
"Gng3","Kcnj6","Gng3 - Kcnj6"
"Gng4","Kcnj6","Gng4 - Kcnj6"
"Gng5","Kcnj6","Gng5 - Kcnj6"
"Gng7","Kcnj6","Gng7 - Kcnj6"
"Gng8","Kcnj6","Gng8 - Kcnj6"
"Vwf","Gp1ba,Gp1bb","Vwf - Gp1ba,Gp1bb"
"Gp1ba","Itgb2,Itgam","Gp1ba - Itgb2,Itgam"
"Vwf","Gp5","Vwf - Gp5"
"Vwf","Gp9","Vwf - Gp9"
"Ihh","Gpc1","Ihh - Gpc1"
"Shh","Gpc1","Shh - Gpc1"
"Gpc3","Lrp1","Gpc3 - Lrp1"
"Gpc3","Lrp2","Gpc3 - Lrp2"
"Gpc6","Lrp1","Gpc6 - Lrp1"
"Gpc6","Lrp2","Gpc6 - Lrp2"
"Shh","Gpc6","Shh - Gpc6"
"Gphb5","Tshr","Gphb5 - Tshr"
"Gpi1","Ntrk1","Gpi1 - Ntrk1"
"Ifna6","Gpr152","Ifna6 - Gpr152"
"Igf2","Gpr152","Igf2 - Gpr152"
"Trf","Gpr162","Trf - Gpr162"
"Iapp","Gpr20","Iapp - Gpr20"
"Nps","Gpr20","Nps - Gpr20"
"Pomc","Gpr20","Pomc - Gpr20"
"Pth","Gpr20","Pth - Gpr20"
"Pth2","Gpr20","Pth2 - Gpr20"
"Pthlh","Gpr20","Pthlh - Gpr20"
"Rln1","Gpr20","Rln1 - Gpr20"
"Rln3","Gpr20","Rln3 - Gpr20"
"Sct","Gpr20","Sct - Gpr20"
"Tshb","Gpr20","Tshb - Gpr20"
"Vip","Gpr20","Vip - Gpr20"
"Retn","Gpr25","Retn - Gpr25"
"Shbg","Gprc6a","Shbg - Gprc6a"
"Il16","Grin2a","Il16 - Grin2a"
"Il16","Grin2b","Il16 - Grin2b"
"Vegfa","Grin2b","Vegfa - Grin2b"
"Hc","Grm7","Hc - Grm7"
"Hebp1","Grm7","Hebp1 - Grm7"
"Insl5","Grm7","Insl5 - Grm7"
"Kng1","Grm7","Kng1 - Grm7"
"Nms","Grm7","Nms - Grm7"
"Nmu","Grm7","Nmu - Grm7"
"Npw","Grm7","Npw - Grm7"
"Npy","Grm7","Npy - Grm7"
"Pdyn","Grm7","Pdyn - Grm7"
"Penk","Grm7","Penk - Grm7"
"Pmch","Grm7","Pmch - Grm7"
"Pnoc","Grm7","Pnoc - Grm7"
"Pomc","Grm7","Pomc - Grm7"
"Ppbp","Grm7","Ppbp - Grm7"
"Pyy","Grm7","Pyy - Grm7"
"Rln3","Grm7","Rln3 - Grm7"
"Sst","Grm7","Sst - Grm7"
"Grn","Ntrk1","Grn - Ntrk1"
"Grn","Tnfrsf1a","Grn - Tnfrsf1a"
"Grn","Tnfrsf1b","Grn - Tnfrsf1b"
"Tac1","Grpr","Tac1 - Grpr"
"Prl","H2-Ab1","Prl - H2-Ab1"
"H2-Ea","Lag3","H2-Ea - Lag3"
"H2-Eb2","Lag3","H2-Eb2 - Lag3"
"Ogn","H2-Eb2","Ogn - H2-Eb2"
"Hc","Mtnr1a","Hc - Mtnr1a"
"Hebp1","Mtnr1a","Hebp1 - Mtnr1a"
"Hgf","Itgb1","Hgf - Itgb1"
"Hgf","Nrp1","Hgf - Nrp1"
"Hgf","Nrp2","Hgf - Nrp2"
"Hgf","Plxnb1","Hgf - Plxnb1"
"Rgma","Hjv","Rgma - Hjv"
"Rgmb","Hjv","Rgmb - Hjv"
"Hmgb1","Itgam","Hmgb1 - Itgam"
"Hmgb1","Itgav","Hmgb1 - Itgav"
"Hmgb1","Itgb3","Hmgb1 - Itgb3"
"Hmgb1","Ly96","Hmgb1 - Ly96"
"Hmgb1","Tlr1","Hmgb1 - Tlr1"
"Hmgb1","Tlr2","Hmgb1 - Tlr2"
"Hmgb1","Tlr4","Hmgb1 - Tlr4"
"Hmgb1","Tlr9","Hmgb1 - Tlr9"
"Hpx","Lrp1","Hpx - Lrp1"
"Il6","Hrh1","Il6 - Hrh1"
"Hsp90aa1","Lrp1","Hsp90aa1 - Lrp1"
"Hspa1b","Lrp1","Hspa1b - Lrp1"
"Hspg2","Lrp1","Hspg2 - Lrp1"
"Hspg2","Lrp2","Hspg2 - Lrp2"
"Iapp","Ide","Iapp - Ide"
"Iapp","Pth1r","Iapp - Pth1r"
"Iapp","Tshr","Iapp - Tshr"
"Iapp","Vipr1","Iapp - Vipr1"
"Itgb2,Itgal","Icam1,Itgb2","Itgb2,Itgal - Icam1,Itgb2"
"Itgb2,Itgam","Icam1,Itgb2","Itgb2,Itgam - Icam1,Itgb2"
"Icam1","Itgav","Icam1 - Itgav"
"Itgax,Itgb2","Icam1,Itgb2","Itgax,Itgb2 - Icam1,Itgb2"
"Itgb2l","Icam1","Itgb2l - Icam1"
"Icam1","Muc1","Icam1 - Muc1"
"Spn","Icam1","Spn - Icam1"
"Icam2","Itgb2,Itgal","Icam2 - Itgb2,Itgal"
"Itgb2l","Icam2","Itgb2l - Icam2"
"Tnf","Icos","Tnf - Icos"
"Ins2","Ide","Ins2 - Ide"
"Ifna16","Ifnar1,Ifnar2","Ifna16 - Ifnar1,Ifnar2"
"Ifnl2","Il10rb,Ifnlr1","Ifnl2 - Il10rb,Ifnlr1"
"Igf1","Itgb4,Itga6","Igf1 - Itgb4,Itga6"
"Igf1","Trpv2","Igf1 - Trpv2"
"Wnt3a","Igf1r","Wnt3a - Igf1r"
"Plg","Igf2r","Plg - Igf2r"
"Igsf11","Vsir","Igsf11 - Vsir"
"Ihh","Smo","Ihh - Smo"
"Il10","Sirpa","Il10 - Sirpa"
"Il15","Il11ra1","Il15 - Il11ra1"
"Osm","Il11ra1","Osm - Il11ra1"
"Il27,Il12a","Il27ra,Il12rb2","Il27,Il12a - Il27ra,Il12rb2"
"Il12b","Il12rb1,Il12rb2","Il12b - Il12rb1,Il12rb2"
"Il12b,Il23a","Il12rb1,Il23r","Il12b,Il23a - Il12rb1,Il23r"
"Il23a","Il23r,Il12rb1","Il23a - Il23r,Il12rb1"
"Il13","Il13ra1,Il4ra","Il13 - Il13ra1,Il4ra"
"Il13","Tmem219","Il13 - Tmem219"
"Il4","Il13ra1,Il4ra","Il4 - Il13ra1,Il4ra"
"Lgals3","Il13ra2","Lgals3 - Il13ra2"
"Nampt","Il13ra2","Nampt - Il13ra2"
"Tnfsf9","Il13ra2","Tnfsf9 - Il13ra2"
"Il15","Il15ra,Il2rb","Il15 - Il15ra,Il2rb"
"Il15","Il2rb,Il2rg","Il15 - Il2rb,Il2rg"
"Il17a","Il17rd","Il17a - Il17rd"
"Il18","Il18,Il18r1,Il18rap","Il18 - Il18,Il18r1,Il18rap"
"Il18","Il18bp","Il18 - Il18bp"
"Il1a","Il1r2,Il1rap","Il1a - Il1r2,Il1rap"
"Il1b","Il1r2,Il1rap","Il1b - Il1r2,Il1rap"
"Il1f10","Il1rapl1","Il1f10 - Il1rapl1"
"Il1f10","Il1rapl2","Il1f10 - Il1rapl2"
"Il1f10","Il1rl2","Il1f10 - Il1rl2"
"Il1f10","Sigirr","Il1f10 - Sigirr"
"Il1rn","Il1r1,Il1rap","Il1rn - Il1r1,Il1rap"
"Il1rn","Il1r2,Il1rap","Il1rn - Il1r2,Il1rap"
"Il36a","Il1rl2,Il1rap","Il36a - Il1rl2,Il1rap"
"Il36b","Il1rl2,Il1rap","Il36b - Il1rl2,Il1rap"
"Il36rn","Il1rl2,Il1rap","Il36rn - Il1rl2,Il1rap"
"Il1rapl1","Ptprd","Il1rapl1 - Ptprd"
"Il1rapl1","Ptprf","Il1rapl1 - Ptprf"
"Il1rapl1","Ptprs","Il1rapl1 - Ptprs"
"Il36rn","Il1rl2","Il36rn - Il1rl2"
"Il22","Il22ra1,Il20rb","Il22 - Il22ra1,Il20rb"
"Il24","Notch2","Il24 - Notch2"
"Il2","Il2ra,Il2rb","Il2 - Il2ra,Il2rb"
"Il3","Il2ra","Il3 - Il2ra"
"Il4","Il2ra","Il4 - Il2ra"
"Il4","Il2rg,Il4ra","Il4 - Il2rg,Il4ra"
"Il33","Kit","Il33 - Kit"
"Il34","Ptprz1","Il34 - Ptprz1"
"Il36b","Il36rn","Il36b - Il36rn"
"Il3","Il4ra","Il3 - Il4ra"
"Il4","Tlr2","Il4 - Tlr2"
"Inhba","Tgfbr1","Inhba - Tgfbr1"
"Insl5","Mtnr1a","Insl5 - Mtnr1a"
"Thbs1","Itga1","Thbs1 - Itga1"
"Vegfd","Itga1","Vegfd - Itga1"
"Lamc1","Itgb1,Itga2","Lamc1 - Itgb1,Itga2"
"Thbs1","Itga2","Thbs1 - Itga2"
"Vegfd","Itga2","Vegfd - Itga2"
"Vwf","Itga2","Vwf - Itga2"
"Plg","Itga2b,Itgb3","Plg - Itga2b,Itgb3"
"Thbs1","Itga2b,Itgb3","Thbs1 - Itga2b,Itgb3"
"Reln","Itga2b","Reln - Itga2b"
"Tnfsf11","Itga2b","Tnfsf11 - Itga2b"
"Lama3","Itgb1,Itga3","Lama3 - Itgb1,Itga3"
"Thbs1","Itgb1,Itga3","Thbs1 - Itgb1,Itga3"
"Lgals3","Itga3","Lgals3 - Itga3"
"Lgals8","Itga3","Lgals8 - Itga3"
"Jam2","Itgb1,Itga4","Jam2 - Itgb1,Itga4"
"Itgb1,Itga4","Plaur","Itgb1,Itga4 - Plaur"
"Spp1","Itgb1,Itga4","Spp1 - Itgb1,Itga4"
"Tnc","Itgb1,Itga4","Tnc - Itgb1,Itga4"
"Vcam1","Itgb1,Itga4","Vcam1 - Itgb1,Itga4"
"Vcam1","Itgb7,Itga4","Vcam1 - Itgb7,Itga4"
"Jam3","Itga4","Jam3 - Itga4"
"Spon2","Itga4","Spon2 - Itga4"
"Vasp","Itga4","Vasp - Itga4"
"Vegfd","Itga4","Vegfd - Itga4"
"Vwf","Itga4","Vwf - Itga4"
"L1cam","Itgb1,Itga5","L1cam - Itgb1,Itga5"
"Postn","Itga5","Postn - Itga5"
"Reln","Itga5","Reln - Itga5"
"Spon2","Itga5","Spon2 - Itga5"
"Thbs1","Itga5","Thbs1 - Itga5"
"Vegfd","Itga5","Vegfd - Itga5"
"Lamc1","Itgb1,Itga6","Lamc1 - Itgb1,Itga6"
"Itgb4,Itga6","Nrg1","Itgb4,Itga6 - Nrg1"
"Lamc1","Itgb1,Itga7","Lamc1 - Itgb1,Itga7"
"Npnt","Itga8,Itgb1","Npnt - Itga8,Itgb1"
"Tnc","Itgb1,Itga8","Tnc - Itgb1,Itga8"
"Spp1","Itgb1,Itga9","Spp1 - Itgb1,Itga9"
"Tnc","Itgb1,Itga9","Tnc - Itgb1,Itga9"
"Vcam1","Itgb1,Itga9","Vcam1 - Itgb1,Itga9"
"Vegfd","Itga9","Vegfd - Itga9"
"Vcam1","Itgb2,Itgad","Vcam1 - Itgb2,Itgad"
"Jam3","Itgal","Jam3 - Itgal"
"Jam3","Itgb2,Itgam","Jam3 - Itgb2,Itgam"
"Thy1","Itgb2,Itgam","Thy1 - Itgb2,Itgam"
"Vtn","Itgb1,Itgav","Vtn - Itgb1,Itgav"
"Lamc1","Itgav,Itgb3","Lamc1 - Itgav,Itgb3"
"Mmp2","Itgav,Itgb3","Mmp2 - Itgav,Itgb3"
"Omd","Itgav,Itgb3","Omd - Itgav,Itgb3"
"Itgav,Itgb3","Plaur","Itgav,Itgb3 - Plaur"
"Tgfb1","Itgav,Itgb6","Tgfb1 - Itgav,Itgb6"
"Itgb1bp1","Itgb1","Itgb1bp1 - Itgb1"
"Jam3","Itgb1","Jam3 - Itgb1"
"Lgals1","Itgb1","Lgals1 - Itgb1"
"Lgals3","Itgb1","Lgals3 - Itgb1"
"Lum","Itgb1","Lum - Itgb1"
"Mfge8","Itgb1","Mfge8 - Itgb1"
"Mmp2","Itgb1","Mmp2 - Itgb1"
"Postn","Itgb1","Postn - Itgb1"
"Spon2","Itgb1","Spon2 - Itgb1"
"Tgfb1","Itgb1","Tgfb1 - Itgb1"
"Tgfb3","Itgb1","Tgfb3 - Itgb1"
"Timp1","Itgb1","Timp1 - Itgb1"
"Vegfd","Itgb1","Vegfd - Itgb1"
"Lgals3","Itgb3","Lgals3 - Itgb3"
"Reln","Itgb3","Reln - Itgb3"
"Tgfb1","Itgb3","Tgfb1 - Itgb3"
"Tgfb3","Itgb3","Tgfb3 - Itgb3"
"Vegfa","Itgb3","Vegfa - Itgb3"
"Lgals3","Itgb4","Lgals3 - Itgb4"
"Mfge8","Itgb5","Mfge8 - Itgb5"
"Tgfb1","Itgb5","Tgfb1 - Itgb5"
"Tgfb3","Itgb5","Tgfb3 - Itgb5"
"Vcl","Itgb5","Vcl - Itgb5"
"Tgfb3","Itgb6","Tgfb3 - Itgb6"
"Thbs1","Itgb6","Thbs1 - Itgb6"
"Thbs1","Itgb8","Thbs1 - Itgb8"
"Izumo1","Izumo1r","Izumo1 - Izumo1r"
"Tnfsf9","Klrg2","Tnfsf9 - Klrg2"
"Wnt11","Klrg2","Wnt11 - Klrg2"
"Wnt5b","Klrg2","Wnt5b - Klrg2"
"Kng1","Mtnr1a","Kng1 - Mtnr1a"
"L1cam","Ncam1","L1cam - Ncam1"
"L1cam","Nrp1","L1cam - Nrp1"
"L1cam","Ptprz1","L1cam - Ptprz1"
"Lgals3","Lag3","Lgals3 - Lag3"
"Snca","Lag3","Snca - Lag3"
"Sftpd","Lair1","Sftpd - Lair1"
"Lcn2","Slc22a17","Lcn2 - Slc22a17"
"Lipc","Ldlr","Lipc - Ldlr"
"Pcsk9","Ldlr","Pcsk9 - Ldlr"
"Rps27a","Ldlr","Rps27a - Ldlr"
"Trf","Ldlr","Trf - Ldlr"
"Wnt5a","Ldlr","Wnt5a - Ldlr"
"Wnt7a","Ldlr","Wnt7a - Ldlr"
"Lefty1","Tdgf1","Lefty1 - Tdgf1"
"Lefty2","Tdgf1","Lefty2 - Tdgf1"
"Lep","Leprot","Lep - Leprot"
"Lgals1","Lgals1","Lgals1 - Lgals1"
"Lgals1","Ptprc","Lgals1 - Ptprc"
"Lgals3","Mag","Lgals3 - Mag"
"Lgals3","Mertk","Lgals3 - Mertk"
"Lgi1","Rtn4r","Lgi1 - Rtn4r"
"Lgi3","Stx1a","Lgi3 - Stx1a"
"Rspo4","Lgr4,Lrp5","Rspo4 - Lgr4,Lrp5"
"Rspo4","Lgr4,Lrp6","Rspo4 - Lgr4,Lrp6"
"Nrg1","Lgr4","Nrg1 - Lgr4"
"Tnfsf11","Lgr4","Tnfsf11 - Lgr4"
"Rspo4","Lgr5,Lrp5","Rspo4 - Lgr5,Lrp5"
"Rspo4","Lgr5,Lrp6","Rspo4 - Lgr5,Lrp6"
"Lipc","Scarb1","Lipc - Scarb1"
"Lrfn3","Lrfn3","Lrfn3 - Lrfn3"
"Lrfn5","Lrfn5","Lrfn5 - Lrfn5"
"Pcsk9","Lrp1","Pcsk9 - Lrp1"
"Pf4","Lrp1","Pf4 - Lrp1"
"Timp1","Lrp1","Timp1 - Lrp1"
"Vwf","Lrp1","Vwf - Lrp1"
"Serpine1","Lrp1b","Serpine1 - Lrp1b"
"Plg","Lrp2","Plg - Lrp2"
"Rps27a","Lrp2","Rps27a - Lrp2"
"Selenop","Lrp2","Selenop - Lrp2"
"Trf","Lrp2","Trf - Lrp2"
"Wnt5a","Lrp2","Wnt5a - Lrp2"
"Sost","Lrp4","Sost - Lrp4"
"Sostdc1","Lrp4","Sostdc1 - Lrp4"
"Wnt7a","Lrp4","Wnt7a - Lrp4"
"Sostdc1","Lrp5","Sostdc1 - Lrp5"
"Tdgf1","Lrp5","Tdgf1 - Lrp5"
"Mdk","Lrp6","Mdk - Lrp6"
"Pth","Lrp6","Pth - Lrp6"
"Sostdc1","Lrp6","Sostdc1 - Lrp6"
"Tdgf1","Lrp6","Tdgf1 - Lrp6"
"Wnt5a","Lrp6","Wnt5a - Lrp6"
"Pcsk9","Lrp8","Pcsk9 - Lrp8"
"Selenop","Lrp8","Selenop - Lrp8"
"Spon1","Lrp8","Spon1 - Lrp8"
"Lrrc4b","Ptprd","Lrrc4b - Ptprd"
"Lrrc4b","Ptprs","Lrrc4b - Ptprs"
"Nrg1","Lsr","Nrg1 - Lsr"
"Ltb,Lta","Ltbr,Ltbr","Ltb,Lta - Ltbr,Ltbr"
"Lta","Ripk1","Lta - Ripk1"
"S100a8","Ly96","S100a8 - Ly96"
"Npff","Mas1","Npff - Mas1"
"Mcam","Mcam","Mcam - Mcam"
"Ntn1","Mcam","Ntn1 - Mcam"
"Meltf","Plg","Meltf - Plg"
"Meltf","Tfrc","Meltf - Tfrc"
"Pros1","Mertk","Pros1 - Mertk"
"Mmp9","Tlr4","Mmp9 - Tlr4"
"Mmp9","Tlr9","Mmp9 - Tlr9"
"Nrg1","Ms4a4a","Nrg1 - Ms4a4a"
"Vcam1","Msn","Vcam1 - Msn"
"Nms","Mtnr1a","Nms - Mtnr1a"
"Nmu","Mtnr1a","Nmu - Mtnr1a"
"Npw","Mtnr1a","Npw - Mtnr1a"
"Npy","Mtnr1a","Npy - Mtnr1a"
"Pdyn","Mtnr1a","Pdyn - Mtnr1a"
"Penk","Mtnr1a","Penk - Mtnr1a"
"Pmch","Mtnr1a","Pmch - Mtnr1a"
"Pnoc","Mtnr1a","Pnoc - Mtnr1a"
"Pomc","Mtnr1a","Pomc - Mtnr1a"
"Ppbp","Mtnr1a","Ppbp - Mtnr1a"
"Pyy","Mtnr1a","Pyy - Mtnr1a"
"Rln3","Mtnr1a","Rln3 - Mtnr1a"
"Sst","Mtnr1a","Sst - Mtnr1a"
"Tff2","Muc6","Tff2 - Muc6"
"Wnt11","Musk","Wnt11 - Musk"
"Wnt4","Musk","Wnt4 - Musk"
"Nampt","Ntrk1","Nampt - Ntrk1"
"Nampt","P2ry6","Nampt - P2ry6"
"Ncam1","Ptprz1","Ncam1 - Ptprz1"
"Nectin1","Nectin1","Nectin1 - Nectin1"
"Psen1","Nectin1","Psen1 - Nectin1"
"Nectin2","Nectin2","Nectin2 - Nectin2"
"Nectin3","Nectin3","Nectin3 - Nectin3"
"Tigit","Nectin3","Tigit - Nectin3"
"Nectin4","Nectin4","Nectin4 - Nectin4"
"Papln","Nectin4","Papln - Nectin4"
"Nectin4","Tigit","Nectin4 - Tigit"
"Nell2","Robo3","Nell2 - Robo3"
"Nrg1","Neto2","Nrg1 - Neto2"
"Ngf","Ntrk3","Ngf - Ntrk3"
"Ngf","Sorcs2","Ngf - Sorcs2"
"Ngf","Trpv1","Ngf - Trpv1"
"Ttr","Ngfr","Ttr - Ngfr"
"Reln","Notch1","Reln - Notch1"
"Thbs4","Notch1","Thbs4 - Notch1"
"Tnf","Notch1","Tnf - Notch1"
"Wnt4","Notch1","Wnt4 - Notch1"
"Wnt5a","Notch1","Wnt5a - Notch1"
"Psen2","Notch2","Psen2 - Notch2"
"Scgb3a1","Notch3","Scgb3a1 - Notch3"
"Nppa","Npr2","Nppa - Npr2"
"Nppc","Npr1","Nppc - Npr1"
"Vegfa","Npr1","Vegfa - Npr1"
"Nps","Pth1r","Nps - Pth1r"
"Nps","Ramp2","Nps - Ramp2"
"Nps","Ramp3","Nps - Ramp3"
"Nps","Tshr","Nps - Tshr"
"Nps","Vipr1","Nps - Vipr1"
"Nptx1","Nptxr","Nptx1 - Nptxr"
"Nptx2","Nptxr","Nptx2 - Nptxr"
"Sema6d","Nrcam","Sema6d - Nrcam"
"Sema3c","Nrp1,Nrp2","Sema3c - Nrp1,Nrp2"
"Ptn","Nrp1","Ptn - Nrp1"
"Sema4a","Nrp1","Sema4a - Nrp1"
"Vegfd","Nrp2","Vegfd - Nrp2"
"Nrtn","Sdc3","Nrtn - Sdc3"
"Ntn1","Robo3","Ntn1 - Robo3"
"Vgf","Ntrk1","Vgf - Ntrk1"
"Ntrk3","Ptprd","Ntrk3 - Ptprd"
"Ntrk3","Ptprf","Ntrk3 - Ptprf"
"Ntrk3","Ptprs","Ntrk3 - Ptprs"
"Pcsk9","Sort1","Pcsk9 - Sort1"
"Pdcd1lg2","Pdcd2","Pdcd1lg2 - Pdcd2"
"Pdgfb","Pdgfra,Pdgfrb","Pdgfb - Pdgfra,Pdgfrb"
"Pdgfd","Pdgfra,Pdgfrb","Pdgfd - Pdgfra,Pdgfrb"
"Plekho2","Pdgfrb","Plekho2 - Pdgfrb"
"Prl8a2","Pgr","Prl8a2 - Pgr"
"Pla2g1b","Pla2r1","Pla2g1b - Pla2r1"
"Pla2g5","Pla2r1","Pla2g5 - Pla2r1"
"Serpine2","Plaur","Serpine2 - Plaur"
"Srpx2","Plaur","Srpx2 - Plaur"
"Slpi","Plscr1","Slpi - Plscr1"
"Slpi","Plscr4","Slpi - Plscr4"
"Serpinf1","Plxdc1","Serpinf1 - Plxdc1"
"Serpinf1","Plxdc2","Serpinf1 - Plxdc2"
"Sema3e","Plxna1","Sema3e - Plxna1"
"Sema6c","Plxna1","Sema6c - Plxna1"
"Sema6d","Plxna1,Trem2","Sema6d - Plxna1,Trem2"
"Slit1","Plxna1","Slit1 - Plxna1"
"Slit2","Plxna1","Slit2 - Plxna1"
"Slit3","Plxna1","Slit3 - Plxna1"
"Sema4d","Plxna2","Sema4d - Plxna2"
"Sema6d","Plxna4","Sema6d - Plxna4"
"Sema3c","Plxnb1","Sema3c - Plxnb1"
"Plxnb1","Sema4d","Plxnb1 - Sema4d"
"Plxnb2","Sema4c","Plxnb2 - Sema4c"
"Plxnb2","Sema4d","Plxnb2 - Sema4d"
"Pomc","Pth1r","Pomc - Pth1r"
"Pomc","Ramp2","Pomc - Ramp2"
"Pomc","Ramp3","Pomc - Ramp3"
"Pomc","Tshr","Pomc - Tshr"
"Pomc","Vipr1","Pomc - Vipr1"
"Postn","Ptk7","Postn - Ptk7"
"Prg4","Tlr2","Prg4 - Tlr2"
"Prg4","Tlr4","Prg4 - Tlr4"
"Prl2a1","Prlr","Prl2a1 - Prlr"
"Prl2b1","Prlr","Prl2b1 - Prlr"
"Prl2c1","Prlr","Prl2c1 - Prlr"
"Prl2c2","Prlr","Prl2c2 - Prlr"
"Prl2c3","Prlr","Prl2c3 - Prlr"
"Prl2c5","Prlr","Prl2c5 - Prlr"
"Prl3a1","Prlr","Prl3a1 - Prlr"
"Prl3c1","Prlr","Prl3c1 - Prlr"
"Prl3d2","Prlr","Prl3d2 - Prlr"
"Prl3d3","Prlr","Prl3d3 - Prlr"
"Prl4a1","Prlr","Prl4a1 - Prlr"
"Prl5a1","Prlr","Prl5a1 - Prlr"
"Prl6a1","Prlr","Prl6a1 - Prlr"
"Prl7a1","Prlr","Prl7a1 - Prlr"
"Prl7a2","Prlr","Prl7a2 - Prlr"
"Prl7b1","Prlr","Prl7b1 - Prlr"
"Prl7c1","Prlr","Prl7c1 - Prlr"
"Prl7d1","Prlr","Prl7d1 - Prlr"
"Prl8a1","Prlr","Prl8a1 - Prlr"
"Prl8a6","Prlr","Prl8a6 - Prlr"
"Prl8a8","Prlr","Prl8a8 - Prlr"
"Prl8a9","Prlr","Prl8a9 - Prlr"
"Ptgs2","Ptger1","Ptgs2 - Ptger1"
"Ptgs2","Ptger2","Ptgs2 - Ptger2"
"Ptgs2","Ptger3","Ptgs2 - Ptger3"
"Ptgs2","Ptger4","Ptgs2 - Ptger4"
"Spp1","Ptger4","Spp1 - Ptger4"
"Rln1","Pth1r","Rln1 - Pth1r"
"Rln3","Pth1r","Rln3 - Pth1r"
"Sct","Pth1r","Sct - Pth1r"
"Tshb","Pth1r","Tshb - Pth1r"
"Vip","Pth1r","Vip - Pth1r"
"Pth2","Ramp1","Pth2 - Ramp1"
"Pth2","Ramp2","Pth2 - Ramp2"
"Pth2","Ramp3","Pth2 - Ramp3"
"Pth2","Tshr","Pth2 - Tshr"
"Pth2","Vipr1","Pth2 - Vipr1"
"Pth","Ramp1","Pth - Ramp1"
"Pth","Ramp2","Pth - Ramp2"
"Pth","Ramp3","Pth - Ramp3"
"Pth","Tshr","Pth - Tshr"
"Pth","Vipr1","Pth - Vipr1"
"Pthlh","Ramp2","Pthlh - Ramp2"
"Pthlh","Ramp3","Pthlh - Ramp3"
"Pthlh","Tshr","Pthlh - Tshr"
"Pthlh","Vipr1","Pthlh - Vipr1"
"Wnt3a","Ptk7","Wnt3a - Ptk7"
"Wnt8a","Ptk7","Wnt8a - Ptk7"
"Wnt8b","Ptk7","Wnt8b - Ptk7"
"Ptpn11","Ros1","Ptpn11 - Ros1"
"Ptpn6","Ros1","Ptpn6 - Ros1"
"Sptan1","Ptpra","Sptan1 - Ptpra"
"Sptbn2","Ptpra","Sptbn2 - Ptpra"
"Vegfa","Ptprb","Vegfa - Ptprb"
"Slitrk1","Ptprd","Slitrk1 - Ptprd"
"Slitrk2","Ptprd","Slitrk2 - Ptprd"
"Slitrk3","Ptprd","Slitrk3 - Ptprd"
"Slitrk5","Ptprd","Slitrk5 - Ptprd"
"Sdc2","Ptprj","Sdc2 - Ptprj"
"Thbs1","Ptprj","Thbs1 - Ptprj"
"Ptprk","Ptprk","Ptprk - Ptprk"
"Wnt5a","Ptprk","Wnt5a - Ptprk"
"Slitrk1","Ptprs","Slitrk1 - Ptprs"
"Slitrk2","Ptprs","Slitrk2 - Ptprs"
"Slitrk3","Ptprs","Slitrk3 - Ptprs"
"Slitrk6","Ptprs","Slitrk6 - Ptprs"
"Tnf","Ptprs","Tnf - Ptprs"
"Vegfa","Ptprz1","Vegfa - Ptprz1"
"Shh","Pvr","Shh - Pvr"
"Tnfsf9","Pvr","Tnfsf9 - Pvr"
"Vip","Ramp1","Vip - Ramp1"
"Rln1","Ramp2","Rln1 - Ramp2"
"Rln3","Ramp2","Rln3 - Ramp2"
"Sct","Ramp2","Sct - Ramp2"
"Tshb","Ramp2","Tshb - Ramp2"
"Vip","Ramp2","Vip - Ramp2"
"Rln1","Ramp3","Rln1 - Ramp3"
"Rln3","Ramp3","Rln3 - Ramp3"
"Sct","Ramp3","Sct - Ramp3"
"Tshb","Ramp3","Tshb - Ramp3"
"Vip","Ramp3","Vip - Ramp3"
"Wnt7a","Reck","Wnt7a - Reck"
"Shank3","Ret","Shank3 - Ret"
"Tnf","Rhbdf2","Tnf - Rhbdf2"
"Rps27a","Ripk1","Rps27a - Ripk1"
"Tnf","Ripk1","Tnf - Ripk1"
"Tnfsf10","Ripk1","Tnfsf10 - Ripk1"
"Rln1","Tshr","Rln1 - Tshr"
"Rln1","Vipr1","Rln1 - Vipr1"
"Rln3","Tshr","Rln3 - Tshr"
"Rln3","Vipr1","Rln3 - Vipr1"
"Rspo2","Rnf43","Rspo2 - Rnf43"
"Robo1","Robo1","Robo1 - Robo1"
"Slit3","Robo1","Slit3 - Robo1"
"Robo2","Robo2","Robo2 - Robo2"
"Slit1","Robo2","Slit1 - Robo2"
"Slit2","Robo3","Slit2 - Robo3"
"Slit3","Robo3","Slit3 - Robo3"
"Slit3","Robo4","Slit3 - Robo4"
"Wnt3","Ror1","Wnt3 - Ror1"
"Wnt1","Ror2","Wnt1 - Ror2"
"Wnt3","Ror2","Wnt3 - Ror2"
"Rps27a","Tgfbr1","Rps27a - Tgfbr1"
"Rps27a","Tgfbr2","Rps27a - Tgfbr2"
"Rps27a","Tlr4","Rps27a - Tlr4"
"Rspo2","Znrf3","Rspo2 - Znrf3"
"Rtn2","Rtn4r","Rtn2 - Rtn4r"
"Rtn3","Rtn4r","Rtn3 - Rtn4r"
"Rtn4","Rtn4rl2","Rtn4 - Rtn4rl2"
"Rtn4","S1pr2","Rtn4 - S1pr2"
"Tgs1","Rxra","Tgs1 - Rxra"
"Wnt11","Ryk","Wnt11 - Ryk"
"S100a1","Ryr1","S100a1 - Ryr1"
"S100a1","Ryr2","S100a1 - Ryr2"
"S100a10","Trpv5","S100a10 - Trpv5"
"S100a10","Trpv6","S100a10 - Trpv6"
"S100a1","Tlr4","S100a1 - Tlr4"
"Thbs1","Scarb2","Thbs1 - Scarb2"
"Sct","Tshr","Sct - Tshr"
"Vegfa","Sdc2","Vegfa - Sdc2"
"Sele","Selplg","Sele - Selplg"
"Sell","Selplg","Sell - Selplg"
"Selp","Selplg","Selp - Selplg"
"Selplg","Vsir","Selplg - Vsir"
"Tnf","Sema4c","Tnf - Sema4c"
"Serpine1","Vldlr","Serpine1 - Vldlr"
"Sftpa1","Sirpa","Sftpa1 - Sirpa"
"Sftpd","Sirpa","Sftpd - Sirpa"
"Thpo","Sirpa","Thpo - Sirpa"
"Wnt4","Smo","Wnt4 - Smo"
"Vwf","Stab2","Vwf - Stab2"
"Txlna","Stx1a","Txlna - Stx1a"
"Txlna","Stx3","Txlna - Stx3"
"Txlna","Stx4a","Txlna - Stx4a"
"Tdgf1","Tgfbr1","Tdgf1 - Tgfbr1"
"Tnfsf13b","Tfrc","Tnfsf13b - Tfrc"
"Tgfb1","Vasn","Tgfb1 - Vasn"
"Thbs1","Vldlr","Thbs1 - Vldlr"
"Tnc","Tlr4","Tnc - Tlr4"
"Tnfsf9","Tmem126a","Tnfsf9 - Tmem126a"
"Tnf","Tradd","Tnf - Tradd"
"Tnf","Vsir","Tnf - Vsir"
"Tnfrsf11b","Tnfsf10","Tnfrsf11b - Tnfsf10"
"Tnfrsf11b","Tnfsf11","Tnfrsf11b - Tnfsf11"
"Tnfsf9","Traf1","Tnfsf9 - Traf1"
"Tshb","Vipr1","Tshb - Vipr1"
"Vip","Tshr","Vip - Tshr"
"Zp3","Zp3r","Zp3 - Zp3r"
"Adam10","Tspan12","Adam10 - Tspan12"
"Adam10","Met","Adam10 - Met"
"Adam10","Cd44","Adam10 - Cd44"
"Adam10","Notch2","Adam10 - Notch2"
"Adam10","Nrcam","Adam10 - Nrcam"
"Adam10","Trem2","Adam10 - Trem2"
"Tnfsf12","Tnfrsf8","Tnfsf12 - Tnfrsf8"
"Sema7a","Itga1,Itgb1","Sema7a - Itga1,Itgb1"
"H2-K1","Cd3d","H2-K1 - Cd3d"
"H2-K1","Cd3g","H2-K1 - Cd3g"
"App","Rpsa","App - Rpsa"
"App","Ptger2","App - Ptger2"
"App","Aplp1","App - Aplp1"
"App","Aplp2","App - Aplp2"
"App","Ager","App - Ager"
"Itgb2","Thy1","Itgb2 - Thy1"
"Itgav","Thy1","Itgav - Thy1"
"Anxa2","Tlr2","Anxa2 - Tlr2"
"Anxa2","Robo4","Anxa2 - Robo4"
"Cd14","Tlr1","Cd14 - Tlr1"
"Cd48","Cd244","Cd48 - Cd244"
"Tgfb3","Acvr1,Tgfbr2","Tgfb3 - Acvr1,Tgfbr2"
"St6gal1","Egfr","St6gal1 - Egfr"
"Spn","Siglec1","Spn - Siglec1"
"H2-M3","Cd4","H2-M3 - Cd4"
"Vcam1","Itgad,Itgb2","Vcam1 - Itgad,Itgb2"
"Vcam1","Itga4,Itgb1","Vcam1 - Itga4,Itgb1"
"Vcam1","Itga9,Itgb1","Vcam1 - Itga9,Itgb1"
"Vcam1","Itga4,Itgb7","Vcam1 - Itga4,Itgb7"
"Efna1","Epha10","Efna1 - Epha10"
"Mrc1","Ptprc","Mrc1 - Ptprc"
"L1cam","Itga5,Itgb1","L1cam - Itga5,Itgb1"
"Gdf5","Acvr2a,Bmpr1b","Gdf5 - Acvr2a,Bmpr1b"
"Gdf5","Acvr2b,Bmpr1b","Gdf5 - Acvr2b,Bmpr1b"
"Gdf5","Acvr2a,Bmpr1a","Gdf5 - Acvr2a,Bmpr1a"
"Gdf5","Acvr2b,Bmpr1a","Gdf5 - Acvr2b,Bmpr1a"
"Efna4","Epha10","Efna4 - Epha10"
"Efna5","Epha10","Efna5 - Epha10"
"Jam2","Itga4,Itgb1","Jam2 - Itga4,Itgb1"
"Jag1","Cd46","Jag1 - Cd46"
"Adam17","Met","Adam17 - Met"
"Adam17","Il6ra","Adam17 - Il6ra"
"Cd47","Sirpa","Cd47 - Sirpa"
"Dsg2","Dsc1","Dsg2 - Dsc1"
"Col13a1","Itga10,Itgb1","Col13a1 - Itga10,Itgb1"
"Col13a1","Itga2,Itgb1","Col13a1 - Itga2,Itgb1"
"Col13a1","Itga1,Itgb1","Col13a1 - Itga1,Itgb1"
"Col13a1","Itga11,Itgb1","Col13a1 - Itga11,Itgb1"
"Pdpn","Clec1b","Pdpn - Clec1b"
"Cd177","Pecam1","Cd177 - Pecam1"
"Sema6d","Kdr,Plxna1","Sema6d - Kdr,Plxna1"
"Cd200r1","Cd200","Cd200r1 - Cd200"
"Sectm1a","Cd7","Sectm1a - Cd7"
"Clec1b","Pdpn","Clec1b - Pdpn"
"Fras1,Frem1,Npnt","Itga8,Itgb1","Fras1,Frem1,Npnt - Itga8,Itgb1"
"Fras1,Frem2,Npnt","Itga8,Itgb1","Fras1,Frem2,Npnt - Itga8,Itgb1"
"Vwf","Scara5","Vwf - Scara5"
"Hspg2","Fgfr1","Hspg2 - Fgfr1"
"Csf1,Il34","Csf1r","Csf1,Il34 - Csf1r"
"Ebi3,Il12a","Il12rb2,Il6st","Ebi3,Il12a - Il12rb2,Il6st"
"Il12a,Il27","Il12rb2,Il27ra","Il12a,Il27 - Il12rb2,Il27ra"
"Ccl21b","Adra2a","Ccl21b - Adra2a"
"Ccl21b","Ccr10","Ccl21b - Ccr10"
"Ccl21b","Mtnr1a","Ccl21b - Mtnr1a"
"Ccl21b","Grm7","Ccl21b - Grm7"
"Mstn","Acvr2a,Tgfbr1","Mstn - Acvr2a,Tgfbr1"
"Mstn","Acvr2b,Tgfbr1","Mstn - Acvr2b,Tgfbr1"
"Ccl25","Adra2a","Ccl25 - Adra2a"
"Ccl25","Mtnr1a","Ccl25 - Mtnr1a"
"Ccl25","Grm7","Ccl25 - Grm7"
"Gdf9","Bmpr2,Tgfbr1","Gdf9 - Bmpr2,Tgfbr1"
"Pspn","Gfra2","Pspn - Gfra2"
"Pglyrp1","Trem1","Pglyrp1 - Trem1"
"Lrig2","Egfr","Lrig2 - Egfr"
"Sema3d","Plxnd1","Sema3d - Plxnd1"
"Gdf11","Acvr2a,Tgfbr1","Gdf11 - Acvr2a,Tgfbr1"
"Gdf11","Acvr2b,Tgfbr1","Gdf11 - Acvr2b,Tgfbr1"
"Gdf11","Bmpr1b","Gdf11 - Bmpr1b"
"Gdf11","Bmpr1a","Gdf11 - Bmpr1a"
"Gdf11","Bmpr2","Gdf11 - Bmpr2"
"Bmp10","Acvr2a,Acvrl1","Bmp10 - Acvr2a,Acvrl1"
"Bmp10","Acvr2b,Acvrl1","Bmp10 - Acvr2b,Acvrl1"
"Il33","Il1rap,Il1rl1","Il33 - Il1rap,Il1rl1"
"Hp","Tlr4","Hp - Tlr4"
"Hp","Cd22","Hp - Cd22"
"Plg","F2rl2","Plg - F2rl2"
"Egf","Axl","Egf - Axl"
"Tgfb1","Acvr1,Tgfbr2","Tgfb1 - Acvr1,Tgfbr2"
"Avp","Gpr84","Avp - Gpr84"
"Pomc","Gpr84","Pomc - Gpr84"
"Cga","Gpr84","Cga - Gpr84"
"Tshb","Gpr84","Tshb - Gpr84"
"Fshb","Gpr84","Fshb - Gpr84"
"Lhb","Ramp2","Lhb - Ramp2"
"Lhb","Ramp3","Lhb - Ramp3"
"Lhb","Adrb2","Lhb - Adrb2"
"Lhb","Adrb3","Lhb - Adrb3"
"Lhb","Tshr","Lhb - Tshr"
"Lhb","Vipr1","Lhb - Vipr1"
"Lhb","Adcyap1r1","Lhb - Adcyap1r1"
"Lhb","Pth1r","Lhb - Pth1r"
"Lhb","Gpr20","Lhb - Gpr20"
"Lhb","Gpr84","Lhb - Gpr84"
"Tg","Tpo","Tg - Tpo"
"Pth","Gpr84","Pth - Gpr84"
"Vip","Gpr84","Vip - Gpr84"
"Ghrh","Gpr84","Ghrh - Gpr84"
"Ppy","Adra2a","Ppy - Adra2a"
"Ppy","Mtnr1a","Ppy - Mtnr1a"
"Ppy","Grm7","Ppy - Grm7"
"Il1b","Sigirr","Il1b - Sigirr"
"Apoe","Lrp4","Apoe - Lrp4"
"Apoe","Sdc2","Apoe - Sdc2"
"Apoe","Lsr","Apoe - Lsr"
"Apoa2","Ldlr","Apoa2 - Ldlr"
"Apoa2","Lrp2","Apoa2 - Lrp2"
"Apoa2","Lrp1","Apoa2 - Lrp1"
"Pf4","Adra2a","Pf4 - Adra2a"
"Pf4","Mtnr1a","Pf4 - Mtnr1a"
"Pf4","Grm7","Pf4 - Grm7"
"Amh","Acvr1,Amhr2","Amh - Acvr1,Amhr2"
"Igf1","Igf2r","Igf1 - Igf2r"
"S100a8","Itgb2","S100a8 - Itgb2"
"S100a8","Cd36","S100a8 - Cd36"
"S100a8","Cd68","S100a8 - Cd68"
"S100a8","Ager","S100a8 - Ager"
"Il4","Il13,Il13ra1,Il4ra","Il4 - Il13,Il13ra1,Il4ra"
"Il4","Il13ra2,Il4ra","Il4 - Il13ra2,Il4ra"
"S100a9","Itgb2","S100a9 - Itgb2"
"S100a9","Cd36","S100a9 - Cd36"
"S100a9","Cd68","S100a9 - Cd68"
"Crh","Gpr84","Crh - Gpr84"
"Gip","Gpr84","Gip - Gpr84"
"Nps","Gpr84","Nps - Gpr84"
"Calca","Ramp3","Calca - Ramp3"
"Calca","Gpr84","Calca - Gpr84"
"Iapp","Gpr84","Iapp - Gpr84"
"Pthlh","Gpr84","Pthlh - Gpr84"
"Bmp2","Acvr2a,Bmpr1b","Bmp2 - Acvr2a,Bmpr1b"
"Bmp2","Acvr2b,Bmpr1b","Bmp2 - Acvr2b,Bmpr1b"
"Bmp2","Acvr2a,Bmpr1a","Bmp2 - Acvr2a,Bmpr1a"
"Bmp2","Acvr2b,Bmpr1a","Bmp2 - Acvr2b,Bmpr1a"
"Bmp2","Gpc1","Bmp2 - Gpc1"
"Bmp4","Acvr2a,Bmpr1b","Bmp4 - Acvr2a,Bmpr1b"
"Bmp4","Acvr2b,Bmpr1b","Bmp4 - Acvr2b,Bmpr1b"
"Bmp4","Acvr2a,Bmpr1a","Bmp4 - Acvr2a,Bmpr1a"
"Bmp4","Acvr2b,Bmpr1a","Bmp4 - Acvr2b,Bmpr1a"
"Bmp4","Lrp6","Bmp4 - Lrp6"
"Il7","Il2rg,Il7r","Il7 - Il2rg,Il7r"
"Bmp1","Bmpr1b","Bmp1 - Bmpr1b"
"Bmp1","Bmpr1a","Bmp1 - Bmpr1a"
"Bmp1","Bmpr2","Bmp1 - Bmpr2"
"Ccl12","Ccr1","Ccl12 - Ccr1"
"Ccl12","Ccr10","Ccl12 - Ccr10"
"Ccl12","Ccr3","Ccl12 - Ccr3"
"Ccl12","Ackr4","Ccl12 - Ackr4"
"Ccl5","Adra2a","Ccl5 - Adra2a"
"Ccl5","Mtnr1a","Ccl5 - Mtnr1a"
"Ccl5","Grm7","Ccl5 - Grm7"
"Osm","Il6st,Lifr","Osm - Il6st,Lifr"
"Osm","Il6st,Osmr","Osm - Il6st,Osmr"
"Col11a2","Itga10,Itgb1","Col11a2 - Itga10,Itgb1"
"Col11a2","Itga2,Itgb1","Col11a2 - Itga2,Itgb1"
"Col11a2","Itga1,Itgb1","Col11a2 - Itga1,Itgb1"
"Col11a2","Itga11,Itgb1","Col11a2 - Itga11,Itgb1"
"Cd59b","Cd2","Cd59b - Cd2"
"Mif","Cd44,Cd74","Mif - Cd44,Cd74"
"Mif","Tnfrsf14","Mif - Tnfrsf14"
"Lif","Il6st,Lifr","Lif - Il6st,Lifr"
"Il9","Il2rg,Il9r","Il9 - Il2rg,Il9r"
"Bmp7","Acvr2a,Bmpr1b","Bmp7 - Acvr2a,Bmpr1b"
"Bmp7","Acvr2b,Bmpr1b","Bmp7 - Acvr2b,Bmpr1b"
"Bmp7","Acvr2a,Bmpr1a","Bmp7 - Acvr2a,Bmpr1a"
"Bmp7","Acvr2b,Bmpr1a","Bmp7 - Acvr2b,Bmpr1a"
"Adcyap1","Gpr84","Adcyap1 - Gpr84"
"Cxcl1","Adra2a","Cxcl1 - Adra2a"
"Cxcl1","Mtnr1a","Cxcl1 - Mtnr1a"
"Cxcl1","Grm7","Cxcl1 - Grm7"
"Cxcl2","Adra2a","Cxcl2 - Adra2a"
"Cxcl2","Mtnr1a","Cxcl2 - Mtnr1a"
"Cxcl2","Grm7","Cxcl2 - Grm7"
"Mdk","Notch2","Mdk - Notch2"
"Bmp5","Acvr2a,Bmpr1b","Bmp5 - Acvr2a,Bmpr1b"
"Bmp5","Acvr2b,Bmpr1b","Bmp5 - Acvr2b,Bmpr1b"
"Bmp5","Acvr2a,Bmpr1a","Bmp5 - Acvr2a,Bmpr1a"
"Bmp5","Acvr2b,Bmpr1a","Bmp5 - Acvr2b,Bmpr1a"
"Bmp6","Acvr2a,Bmpr1b","Bmp6 - Acvr2a,Bmpr1b"
"Bmp6","Acvr2b,Bmpr1b","Bmp6 - Acvr2b,Bmpr1b"
"Bmp6","Acvr2a,Bmpr1a","Bmp6 - Acvr2a,Bmpr1a"
"Bmp6","Acvr2b,Bmpr1a","Bmp6 - Acvr2b,Bmpr1a"
"Fgfr4","Tnfrsf10b","Fgfr4 - Tnfrsf10b"
"Col8a2","Itga10,Itgb1","Col8a2 - Itga10,Itgb1"
"Col8a2","Itga2,Itgb1","Col8a2 - Itga2,Itgb1"
"Col8a2","Itga1,Itgb1","Col8a2 - Itga1,Itgb1"
"Col8a2","Itga11,Itgb1","Col8a2 - Itga11,Itgb1"
"S100a4","Ccr5","S100a4 - Ccr5"
"Grn","Cd209a","Grn - Cd209a"
"Il13","Il13,Il13ra1,Il4ra","Il13 - Il13,Il13ra1,Il4ra"
"Il13","Il13ra2,Il4ra","Il13 - Il13ra2,Il4ra"
"Adm","Gpr84","Adm - Gpr84"
"Col15a1","Itga10,Itgb1","Col15a1 - Itga10,Itgb1"
"Col15a1","Itga2,Itgb1","Col15a1 - Itga2,Itgb1"
"Col15a1","Itga1,Itgb1","Col15a1 - Itga1,Itgb1"
"Col15a1","Itga11,Itgb1","Col15a1 - Itga11,Itgb1"
"Wnt5a","Ptk7","Wnt5a - Ptk7"
"Insl3","Ramp2","Insl3 - Ramp2"
"Insl3","Ramp3","Insl3 - Ramp3"
"Insl3","Adrb2","Insl3 - Adrb2"
"Insl3","Adrb3","Insl3 - Adrb3"
"Insl3","Tshr","Insl3 - Tshr"
"Insl3","Vipr1","Insl3 - Vipr1"
"Insl3","Adcyap1r1","Insl3 - Adcyap1r1"
"Insl3","Pth1r","Insl3 - Pth1r"
"Insl3","Gpr20","Insl3 - Gpr20"
"Insl3","Gpr84","Insl3 - Gpr84"
"Wnt3a","Lgr5","Wnt3a - Lgr5"
"Wnt3a","Ror1","Wnt3a - Ror1"
"Il2","Il20ra,Il20rb,Il2rg","Il2 - Il20ra,Il20rb,Il2rg"
"Tgfb2","Acvr1,Tgfbr2","Tgfb2 - Acvr1,Tgfbr2"
"Ybx1","Notch1","Ybx1 - Notch1"
"Col10a1","Itga10,Itgb1","Col10a1 - Itga10,Itgb1"
"Col10a1","Itga2,Itgb1","Col10a1 - Itga2,Itgb1"
"Col10a1","Itga1,Itgb1","Col10a1 - Itga1,Itgb1"
"Col10a1","Itga11,Itgb1","Col10a1 - Itga11,Itgb1"
"Col16a1","Itga10,Itgb1","Col16a1 - Itga10,Itgb1"
"Col16a1","Itga2,Itgb1","Col16a1 - Itga2,Itgb1"
"Col16a1","Itga1,Itgb1","Col16a1 - Itga1,Itgb1"
"Col16a1","Itga11,Itgb1","Col16a1 - Itga11,Itgb1"
"Tff3","Ackr3","Tff3 - Ackr3"
"Tff3","Cxcr4","Tff3 - Cxcr4"
"Il24","Il20rb,Il22ra1","Il24 - Il20rb,Il22ra1"
"Il24","Il10rb","Il24 - Il10rb"
"Col19a1","Itga10,Itgb1","Col19a1 - Itga10,Itgb1"
"Col19a1","Itga2,Itgb1","Col19a1 - Itga2,Itgb1"
"Col19a1","Itga1,Itgb1","Col19a1 - Itga1,Itgb1"
"Col19a1","Itga11,Itgb1","Col19a1 - Itga11,Itgb1"
"Ctf1","Il6st,Lifr","Ctf1 - Il6st,Lifr"
"Col24a1","Itga10,Itgb1","Col24a1 - Itga10,Itgb1"
"Col24a1","Itga2,Itgb1","Col24a1 - Itga2,Itgb1"
"Col24a1","Itga1,Itgb1","Col24a1 - Itga1,Itgb1"
"Col24a1","Itga11,Itgb1","Col24a1 - Itga11,Itgb1"
"Col28a1","Itga10,Itgb1","Col28a1 - Itga10,Itgb1"
"Col28a1","Itga2,Itgb1","Col28a1 - Itga2,Itgb1"
"Col28a1","Itga1,Itgb1","Col28a1 - Itga1,Itgb1"
"Col28a1","Itga11,Itgb1","Col28a1 - Itga11,Itgb1"
"Gdf6","Acvr2a,Bmpr1b","Gdf6 - Acvr2a,Bmpr1b"
"Gdf6","Acvr2b,Bmpr1b","Gdf6 - Acvr2b,Bmpr1b"
"Gdf6","Acvr2a,Bmpr1a","Gdf6 - Acvr2a,Bmpr1a"
"Gdf6","Acvr2b,Bmpr1a","Gdf6 - Acvr2b,Bmpr1a"
"Adm2","Gpr84","Adm2 - Gpr84"
"Gdf7","Acvr2a,Bmpr1b","Gdf7 - Acvr2a,Bmpr1b"
"Gdf7","Acvr2b,Bmpr1b","Gdf7 - Acvr2b,Bmpr1b"
"Gdf7","Acvr2a,Bmpr1a","Gdf7 - Acvr2a,Bmpr1a"
"Gdf7","Acvr2b,Bmpr1a","Gdf7 - Acvr2b,Bmpr1a"
"Bmp8a","Acvr2a,Bmpr1b","Bmp8a - Acvr2a,Bmpr1b"
"Bmp8a","Acvr2b,Bmpr1b","Bmp8a - Acvr2b,Bmpr1b"
"Bmp8a","Acvr2a,Bmpr1a","Bmp8a - Acvr2a,Bmpr1a"
"Bmp8a","Acvr2b,Bmpr1a","Bmp8a - Acvr2b,Bmpr1a"
"Col27a1","Itga10,Itgb1","Col27a1 - Itga10,Itgb1"
"Col27a1","Itga2,Itgb1","Col27a1 - Itga2,Itgb1"
"Col27a1","Itga1,Itgb1","Col27a1 - Itga1,Itgb1"
"Col27a1","Itga11,Itgb1","Col27a1 - Itga11,Itgb1"
"Col22a1","Itga10,Itgb1","Col22a1 - Itga10,Itgb1"
"Col22a1","Itga2,Itgb1","Col22a1 - Itga2,Itgb1"
"Col22a1","Itga1,Itgb1","Col22a1 - Itga1,Itgb1"
"Col22a1","Itga11,Itgb1","Col22a1 - Itga11,Itgb1"
"Npb","Adra2a","Npb - Adra2a"
"Npb","Mtnr1a","Npb - Mtnr1a"
"Npb","Grm7","Npb - Grm7"
"Il1f10","Il1rap,Il1rl2","Il1f10 - Il1rap,Il1rl2"
"Rln3","Gpr84","Rln3 - Gpr84"
"Tslp","Crlf2,Il7r,Tslp","Tslp - Crlf2,Il7r,Tslp"
"Tslp","Crlf2,Il7r","Tslp - Crlf2,Il7r"
"Col26a1","Itga10,Itgb1","Col26a1 - Itga10,Itgb1"
"Col26a1","Itga2,Itgb1","Col26a1 - Itga2,Itgb1"
"Col26a1","Itga1,Itgb1","Col26a1 - Itga1,Itgb1"
"Col26a1","Itga11,Itgb1","Col26a1 - Itga11,Itgb1"
"Pth2","Gpr84","Pth2 - Gpr84"
"Rgma","Tfr2","Rgma - Tfr2"
"Oit1","Fpr1","Oit1 - Fpr1"
"Oit1","Fpr2","Oit1 - Fpr2"
"Lrig1","Met","Lrig1 - Met"
"Ccl2","Cxcr3","Ccl2 - Cxcr3"
"Ccl2","Ccr9","Ccl2 - Ccr9"
"Col12a1","Itga10,Itgb1","Col12a1 - Itga10,Itgb1"
"Col12a1","Itga2,Itgb1","Col12a1 - Itga2,Itgb1"
"Col12a1","Itga1,Itgb1","Col12a1 - Itga1,Itgb1"
"Col12a1","Itga11,Itgb1","Col12a1 - Itga11,Itgb1"
"Gm2023","Ccrl2","Gm2023 - Ccrl2"
"Gm2023","Adra2a","Gm2023 - Adra2a"
"Gm2023","Ccr7","Gm2023 - Ccr7"
"Gm2023","Ccr10","Gm2023 - Ccr10"
"Gm2023","Mtnr1a","Gm2023 - Mtnr1a"
"Gm2023","Cxcr3","Gm2023 - Cxcr3"
"Gm2023","Grm7","Gm2023 - Grm7"
"Gm2023","Ackr4","Gm2023 - Ackr4"
"Crlf2","Crlf2,Il7r,Tslp","Crlf2 - Crlf2,Il7r,Tslp"
"Il23a","Il12rb2","Il23a - Il12rb2"
"Il20","Il20rb,Il22ra1","Il20 - Il20rb,Il22ra1"
"Il1f8","Il1rap,Il1rl2","Il1f8 - Il1rap,Il1rl2"
"Il1f9","Il1rap,Il1rl2","Il1f9 - Il1rap,Il1rl2"
"Col20a1","Itga10,Itgb1","Col20a1 - Itga10,Itgb1"
"Col20a1","Itga2,Itgb1","Col20a1 - Itga2,Itgb1"
"Col20a1","Itga1,Itgb1","Col20a1 - Itga1,Itgb1"
"Col20a1","Itga11,Itgb1","Col20a1 - Itga11,Itgb1"
"Cntn3","Ptprg","Cntn3 - Ptprg"
"Clcf1","Cntfr,Il6st,Lifr","Clcf1 - Cntfr,Il6st,Lifr"
"Il1f5","Il1rap,Il1rl2","Il1f5 - Il1rap,Il1rl2"
"Dkk4","Lrp5","Dkk4 - Lrp5"
"Il1f6","Il1rap,Il1rl2","Il1f6 - Il1rap,Il1rl2"
"Pcsk1n","Gpr171","Pcsk1n - Gpr171"
"Gdf2","Acvr2a,Acvrl1","Gdf2 - Acvr2a,Acvrl1"
"Gdf2","Acvr2b,Acvrl1","Gdf2 - Acvr2b,Acvrl1"
"Wif1","Ryk","Wif1 - Ryk"
"Ccl12","Ackr2","Ccl12 - Ackr2"
"Cxcl1","Dpp4","Cxcl1 - Dpp4"
"Cntf","Il6st,Lifr","Cntf - Il6st,Lifr"
"Il16","Cd9","Il16 - Cd9"
"Col8a1","Itga1,Itgb1","Col8a1 - Itga1,Itgb1"
"Col7a1","Itga1,Itgb1","Col7a1 - Itga1,Itgb1"
"Col5a3","Itga1,Itgb1","Col5a3 - Itga1,Itgb1"
"Col5a2","Itga1,Itgb1","Col5a2 - Itga1,Itgb1"
"Col5a1","Itga1,Itgb1","Col5a1 - Itga1,Itgb1"
"Col3a1","Itga1,Itgb1","Col3a1 - Itga1,Itgb1"
"Col18a1","Itga1,Itgb1","Col18a1 - Itga1,Itgb1"
"Col14a1","Itga1,Itgb1","Col14a1 - Itga1,Itgb1"
"Col11a1","Itga1,Itgb1","Col11a1 - Itga1,Itgb1"
"Col11a1","Itga2,Itgb1","Col11a1 - Itga2,Itgb1"
"Col14a1","Itga2,Itgb1","Col14a1 - Itga2,Itgb1"
"Col18a1","Itga2,Itgb1","Col18a1 - Itga2,Itgb1"
"Col3a1","Itga2,Itgb1","Col3a1 - Itga2,Itgb1"
"Col5a1","Itga2,Itgb1","Col5a1 - Itga2,Itgb1"
"Col5a2","Itga2,Itgb1","Col5a2 - Itga2,Itgb1"
"Col5a3","Itga2,Itgb1","Col5a3 - Itga2,Itgb1"
"Col7a1","Itga2,Itgb1","Col7a1 - Itga2,Itgb1"
"Col8a1","Itga2,Itgb1","Col8a1 - Itga2,Itgb1"
"Col11a1","Itga10,Itgb1","Col11a1 - Itga10,Itgb1"
"Col14a1","Itga10,Itgb1","Col14a1 - Itga10,Itgb1"
"Col18a1","Itga10,Itgb1","Col18a1 - Itga10,Itgb1"
"Col3a1","Itga10,Itgb1","Col3a1 - Itga10,Itgb1"
"Col5a1","Itga10,Itgb1","Col5a1 - Itga10,Itgb1"
"Col5a2","Itga10,Itgb1","Col5a2 - Itga10,Itgb1"
"Col5a3","Itga10,Itgb1","Col5a3 - Itga10,Itgb1"
"Col7a1","Itga10,Itgb1","Col7a1 - Itga10,Itgb1"
"Col8a1","Itga10,Itgb1","Col8a1 - Itga10,Itgb1"
"Col11a1","Itga11,Itgb1","Col11a1 - Itga11,Itgb1"
"Col14a1","Itga11,Itgb1","Col14a1 - Itga11,Itgb1"
"Col18a1","Itga11,Itgb1","Col18a1 - Itga11,Itgb1"
"Col3a1","Itga11,Itgb1","Col3a1 - Itga11,Itgb1"
"Col5a1","Itga11,Itgb1","Col5a1 - Itga11,Itgb1"
"Col5a2","Itga11,Itgb1","Col5a2 - Itga11,Itgb1"
"Col5a3","Itga11,Itgb1","Col5a3 - Itga11,Itgb1"
"Col7a1","Itga11,Itgb1","Col7a1 - Itga11,Itgb1"
"Col8a1","Itga11,Itgb1","Col8a1 - Itga11,Itgb1"
"Gnas","Adrb2","Gnas - Adrb2"
"Cd38","Pecam1","Cd38 - Pecam1"
"Gm2023","Ackr2","Gm2023 - Ackr2"
"Spink3","Egfr","Spink3 - Egfr"
"Ptgs2","Gpr44","Ptgs2 - Gpr44"
"Bmp4","Cfc1","Bmp4 - Cfc1"
"L1cam","Cd9","L1cam - Cd9"
"Cirbp","Trem1","Cirbp - Trem1"
"Inhbb","Cfc1","Inhbb - Cfc1"
"Proc","Tek","Proc - Tek"
"Fadd","Fas","Fadd - Fas"
"Fadd","Tradd","Fadd - Tradd"
"Irak4","Tlr4","Irak4 - Tlr4"
"Megf10","Abca1","Megf10 - Abca1"
"Tln1","Itgb3","Tln1 - Itgb3"
"Tln1","Itgb5","Tln1 - Itgb5"
"C1qb","C1qbp","C1qb - C1qbp"
"Apob","Mttp","Apob - Mttp"
"Efna2","Epha10","Efna2 - Epha10"
"Mmp2","Pecam1","Mmp2 - Pecam1"
"Mmp2","Ccr2","Mmp2 - Ccr2"
"Mmp2","Fgfr1","Mmp2 - Fgfr1"
"Gstm7","Ryr2","Gstm7 - Ryr2"
"Pspn","Gfra3","Pspn - Gfra3"
"Cd70","Tnfrsf13b","Cd70 - Tnfrsf13b"
"Lman1","Mcfd2","Lman1 - Mcfd2"
"Cfc1","Acvr1b","Cfc1 - Acvr1b"
"Mmp7","Sdc1","Mmp7 - Sdc1"
"Timp2","Cd44","Timp2 - Cd44"
"Wnt5a","Vangl2","Wnt5a - Vangl2"
"Egf","Rhbdl2","Egf - Rhbdl2"
"Timp3","Cd44","Timp3 - Cd44"
"Timp3","Met","Timp3 - Met"
"Pip","Aqp5","Pip - Aqp5"
"Tff1","Muc5ac","Tff1 - Muc5ac"
"S100b","Ager","S100b - Ager"
"S100a1","Trpm3","S100a1 - Trpm3"
"S100a1","Ager","S100a1 - Ager"
"Cxcl16","Grm7","Cxcl16 - Grm7"
"Cxcl16","Mtnr1a","Cxcl16 - Mtnr1a"
"Arpc5","Adrb2","Arpc5 - Adrb2"
"Arpc5","Ldlr","Arpc5 - Ldlr"
"Spink3","Nrsn1","Spink3 - Nrsn1"
"Shh","Scube2","Shh - Scube2"
"Arf6","Smap1","Arf6 - Smap1"
"Fadd","Abca1","Fadd - Abca1"
"Hspa4","Tlr4","Hspa4 - Tlr4"
"Fgb","Itgb3","Fgb - Itgb3"
"P4hb","Mttp","P4hb - Mttp"
"Hsp90aa1","Itgb3","Hsp90aa1 - Itgb3"
"Fgg","Itgb3","Fgg - Itgb3"
"Wnt7b","Tmed5","Wnt7b - Tmed5"
"Fn1","Dpp4","Fn1 - Dpp4"
"Efna3","Epha10","Efna3 - Epha10"
"Mmp9","Reck","Mmp9 - Reck"
"Actr2","Ldlr","Actr2 - Ldlr"
"Trf","Hfe","Trf - Hfe"
"Ptpn6","Cd300lf","Ptpn6 - Cd300lf"
"Hspa8","Ldlr","Hspa8 - Ldlr"
"S100a10","Cftr","S100a10 - Cftr"
"Shank2","Cftr","Shank2 - Cftr"
"Cd70","Tnfrsf17","Cd70 - Tnfrsf17"
"Calml3","Kcnq1","Calml3 - Kcnq1"
"Klk1b8","Epor","Klk1b8 - Epor"
"S100a8","Cd69","S100a8 - Cd69"
"Cfc1","Acvr2a","Cfc1 - Acvr2a"
"Fadd","Traf2","Fadd - Traf2"
"Mdk","Sorl1","Mdk - Sorl1"
"a","Mgrn1","a - Mgrn1"
"Egf","Pld2","Egf - Pld2"
"Arpc5","Lrp2","Arpc5 - Lrp2"
"Hspa8","Lrp2","Hspa8 - Lrp2"
"Actr2","Lrp2","Actr2 - Lrp2"
"Hsp90aa1","Erbb2","Hsp90aa1 - Erbb2"
"Mmp9","Ifnar1","Mmp9 - Ifnar1"
"Cxcl16","Adra2a","Cxcl16 - Adra2a"
"Hspa8","Adrb2","Hspa8 - Adrb2"
"Actr2","Adrb2","Actr2 - Adrb2"
"Ptpn6","Clec12a","Ptpn6 - Clec12a"
"Piga","Pigr","Piga - Pigr"
"Gsto1","Ryr1","Gsto1 - Ryr1"
"Psap","Ar","Psap - Ar"
"Col8a2","Slc4a11","Col8a2 - Slc4a11"
"Irak4","Tlr7","Irak4 - Tlr7"
"Tnf","Trpm2","Tnf - Trpm2"
"Irak4","Tlr6","Irak4 - Tlr6"
"Rgma","Hfe","Rgma - Hfe"
"Gdf10","Bmpr2","Gdf10 - Bmpr2"
"Ptpn6","Egfr","Ptpn6 - Egfr"
"Tpsb2","F2rl1","Tpsb2 - F2rl1"
"Klk1b8","Ntrk1","Klk1b8 - Ntrk1"
"Il12b","Boc","Il12b - Boc"
"Pcsk9","Cd81","Pcsk9 - Cd81"
"Tac1","Dpp4","Tac1 - Dpp4"
"Sema3g","Fcgr3","Sema3g - Fcgr3"
"Ltf","Treml2","Ltf - Treml2"
"F8","Lrp2","F8 - Lrp2"
"Prl","Erbb2","Prl - Erbb2"
"Ltf","Igdcc4","Ltf - Igdcc4"
"Pam","Dpp4","Pam - Dpp4"
"Fgf1","Itgb3","Fgf1 - Itgb3"
"Tac1","Fap","Tac1 - Fap"
"Bdnf","Erbb2","Bdnf - Erbb2"
"Lep","Islr2","Lep - Islr2"
"Nrg2","Mog","Nrg2 - Mog"
"Cd40lg","Cd53","Cd40lg - Cd53"
"S100a4","Erbb3","S100a4 - Erbb3"
"Ado","Adora3","Ado - Adora3"
"Sema3e","Nrp2","Sema3e - Nrp2"
"Fstl5","Ceacam19","Fstl5 - Ceacam19"
"Apoo","Il1rapl2","Apoo - Il1rapl2"
"Amh","Grem2","Amh - Grem2"
"Btn1a1","Tarm1","Btn1a1 - Tarm1"
"Cntn4","Aplp1","Cntn4 - Aplp1"
"Npy","Adrb1","Npy - Adrb1"
"Rspo3","Znrf3","Rspo3 - Znrf3"
"Btn1a1","Negr1","Btn1a1 - Negr1"
"Ltf","Tnfrsf11b","Ltf - Tnfrsf11b"
"Sema3g","Gp6","Sema3g - Gp6"
"Wfikkn2","Igdcc4","Wfikkn2 - Igdcc4"
"F12","Gp5","F12 - Gp5"
"Fgf2","Itgb3","Fgf2 - Itgb3"
"Cd40lg","Cd9","Cd40lg - Cd9"
"Wfikkn2","Prtg","Wfikkn2 - Prtg"
"Adm","Dclk3","Adm - Dclk3"
"Nr0b2","Fgfrl1","Nr0b2 - Fgfrl1"
"Grp","Fap","Grp - Fap"
"Vegfa","Cd44","Vegfa - Cd44"
"Slitrk1","Tnfrsf11b","Slitrk1 - Tnfrsf11b"
"Timp3","Ddr1","Timp3 - Ddr1"
"Sparc","Fgfr1","Sparc - Fgfr1"
"Ngf","Erbb2","Ngf - Erbb2"
"Slc6a8","Lifr","Slc6a8 - Lifr"
"F11","Gp1bb","F11 - Gp1bb"
"Sparc","Eng","Sparc - Eng"
"Hapln1","Prtg","Hapln1 - Prtg"
"F11","Gp9","F11 - Gp9"
"Lgals3","Eng","Lgals3 - Eng"
"Nrg2","Nrp2","Nrg2 - Nrp2"
"Hapln1","Treml2","Hapln1 - Treml2"
"Egf","Tnfrsf11b","Egf - Tnfrsf11b"
"Bmp4","Grem2","Bmp4 - Grem2"
"Nrg2","Lrrtm2","Nrg2 - Lrrtm2"
"Rspo4","Znrf3","Rspo4 - Znrf3"
"Wfikkn2","Igdcc3","Wfikkn2 - Igdcc3"
"F11","Gp5","F11 - Gp5"
"Mia","Itgb1","Mia - Itgb1"
"Impg2","Prlr","Impg2 - Prlr"
"Vwf","Itgb1","Vwf - Itgb1"
"Il21","Il4ra","Il21 - Il4ra"
"Igfbpl1","Dcc","Igfbpl1 - Dcc"
"Igsf10","Mag","Igsf10 - Mag"
"S100a10","Htr1b","S100a10 - Htr1b"
"Adm2","Dclk3","Adm2 - Dclk3"
"Fgb","Cdh5","Fgb - Cdh5"
"Pcsk9","Cd36","Pcsk9 - Cd36"
"Slitrk1","Enpep","Slitrk1 - Enpep"
"Il5","Csf2ra","Il5 - Csf2ra"
"Cd59b","Stab1","Cd59b - Stab1"
"Fstl5","Cntn5","Fstl5 - Cntn5"
"Kitl","Lrrn3","Kitl - Lrrn3"
"Il10","Cd27","Il10 - Cd27"
"Mia","Itga5","Mia - Itga5"
"Vip","Adrb1","Vip - Adrb1"
"Rarres1","Nrp2","Rarres1 - Nrp2"
"Bpi","Slamf9","Bpi - Slamf9"
"Igsf1","Acvr1b","Igsf1 - Acvr1b"
"Frs3","Fgfr1","Frs3 - Fgfr1"
"Socs2","Epor","Socs2 - Epor"
"Pi16","Mfap3l","Pi16 - Mfap3l"
"Hapln1","Il1rl1","Hapln1 - Il1rl1"
"Il11","Il6ra","Il11 - Il6ra"
"Vwf","Itga9","Vwf - Itga9"
"Tgfb1","Lpp","Tgfb1 - Lpp"
"Adm","Ackr3","Adm - Ackr3"
"Hapln1","Igdcc4","Hapln1 - Igdcc4"
"Igsf10","Slamf9","Igsf10 - Slamf9"
"Etv5","Erbb2","Etv5 - Erbb2"
"Ccl5","Dpp4","Ccl5 - Dpp4"
"Gpc3","Flt1","Gpc3 - Flt1"
"Hapln1","Tnfrsf11b","Hapln1 - Tnfrsf11b"
"Cntn6","Ptprg","Cntn6 - Ptprg"
"Mbl2","C1qb","Mbl2 - C1qb"
"Ado","Adora2b","Ado - Adora2b"
"Scel","Eng","Scel - Eng"
"Apob","Trem2","Apob - Trem2"
"Clcf1","Sorl1","Clcf1 - Sorl1"
"Gpc3","Unc5c","Gpc3 - Unc5c"
"F12","Gp9","F12 - Gp9"
"Ghrh","Dpp4","Ghrh - Dpp4"
"Fstl5","Gp6","Fstl5 - Gp6"
"Ltf","Boc","Ltf - Boc"
"Snx14","Htr6","Snx14 - Htr6"
"Ltf","Ager","Ltf - Ager"
"Il10","Cd70","Il10 - Cd70"
"Ado","Adora1","Ado - Adora1"
"F12","Gp1bb","F12 - Gp1bb"
"Gpc3","Vsig10l","Gpc3 - Vsig10l"
"Ifng","Mpl","Ifng - Mpl"
"Fstl5","Il6ra","Fstl5 - Il6ra"
"Mbl2","Lrp1","Mbl2 - Lrp1"
"Hapln1","Ager","Hapln1 - Ager"
"Il6","Musk","Il6 - Musk"
"Ntn1","Dscam","Ntn1 - Dscam"
"Agrp","Mc1r","Agrp - Mc1r"
"Il4","Il21r","Il4 - Il21r"
"Gip","Fap","Gip - Fap"
"Gpc3","Unc5d","Gpc3 - Unc5d"
"Agrp","Sdc1","Agrp - Sdc1"
"Pi16","Tnfrsf21","Pi16 - Tnfrsf21"
"Rspo1","Rnf43","Rspo1 - Rnf43"
"Rspo4","Rnf43","Rspo4 - Rnf43"
"Fstl5","Chl1","Fstl5 - Chl1"
"Pomc","Mrap","Pomc - Mrap"
"Gpc3","Tnfrsf11b","Gpc3 - Tnfrsf11b"
"Tnfsf10","Ccr6","Tnfsf10 - Ccr6"
"Il23a","Gp6","Il23a - Gp6"
"Npy","Adrb2","Npy - Adrb2"
"Il6","Fcgr4","Il6 - Fcgr4"
"Lgals3","Mcam","Lgals3 - Mcam"
"Ltf","Il1rl1","Ltf - Il1rl1"
"Pam","Fap","Pam - Fap"
"Fstl5","Sdk2","Fstl5 - Sdk2"
"F8","Lrp4","F8 - Lrp4"
"Rspo3","Rnf43","Rspo3 - Rnf43"
"Scube2","Kdr","Scube2 - Kdr"
"Bmp7","Acvr1b","Bmp7 - Acvr1b"
"Il10","Ifnlr1","Il10 - Ifnlr1"
"Ado","Adora2a","Ado - Adora2a"
"Lcn2","Fcgr3","Lcn2 - Fcgr3"
"Mia","Itga4","Mia - Itga4"
"Cntf","Crlf1","Cntf - Crlf1"
"Nrg3","Egfr","Nrg3 - Egfr"
"Csf1","Csf2ra","Csf1 - Csf2ra"
"Csf3","Csf2ra","Csf3 - Csf2ra"
"Bmp6","Amhr2","Bmp6 - Amhr2"
"Gdf11","Actr2","Gdf11 - Actr2"
"Gdf1","Actr2","Gdf1 - Actr2"
"Inhba","Actr2","Inhba - Actr2"
"Bmp7","Actr2","Bmp7 - Actr2"
"Bmp2","Actr2","Bmp2 - Actr2"
"Bmp15","Actr2","Bmp15 - Actr2"
"Csf1","Csf3r","Csf1 - Csf3r"
"Il1f9","Ifnar1","Il1f9 - Ifnar1"
"Il1f9","Ifnar2","Il1f9 - Ifnar2"
"Apob","Gm5506","Apob - Gm5506"
"C4a","Cr2","C4a - Cr2"
"C4a","Nrp1","C4a - Nrp1"
"Gm2506","Ackr2","Gm2506 - Ackr2"
"LOC100861978","Ackr2","LOC100861978 - Ackr2"
"Gm13306","Adra2a","Gm13306 - Adra2a"
"Gm2506","Adra2a","Gm2506 - Adra2a"
"LOC100861978","Adra2a","LOC100861978 - Adra2a"
"Gm2506","Ccr10","Gm2506 - Ccr10"
"LOC100861978","Ccr10","LOC100861978 - Ccr10"
"Gm13306","Ccr2","Gm13306 - Ccr2"
"Gm2506","Ccr2","Gm2506 - Ccr2"
"LOC100861978","Ccr2","LOC100861978 - Ccr2"
"Gm13306","Ccr3","Gm13306 - Ccr3"
"Gm2506","Ccr3","Gm2506 - Ccr3"
"LOC100861978","Ccr3","LOC100861978 - Ccr3"
"Gm13306","Grm7","Gm13306 - Grm7"
"Gm2506","Grm7","Gm2506 - Grm7"
"LOC100861978","Grm7","LOC100861978 - Grm7"
"Gm13306","Mtnr1a","Gm13306 - Mtnr1a"
"Gm2506","Mtnr1a","Gm2506 - Mtnr1a"
"LOC100861978","Mtnr1a","LOC100861978 - Mtnr1a"
"Cd209e","Ceacam1","Cd209e - Ceacam1"
"Cd209e","Ceacam2","Cd209e - Ceacam2"
"Ceacam1","Egfr","Ceacam1 - Egfr"
"Ceacam2","Egfr","Ceacam2 - Egfr"
"Clec1b","Klrb1a","Clec1b - Klrb1a"
"Clec1b","Klrb1b","Clec1b - Klrb1b"
"Clec1b","Klrb1c","Clec1b - Klrb1c"
"Dsg1a","Dsc3","Dsg1a - Dsc3"
"Gm3934","Egfr","Gm3934 - Egfr"
"Gstp1","Egfr","Gstp1 - Egfr"
"Gstp2","Egfr","Gstp2 - Egfr"
"Gm3934","Traf2","Gm3934 - Traf2"
"C920025E04Rik","Cd8a","C920025E04Rik - Cd8a"
"C920025E04Rik","Cd8b1","C920025E04Rik - Cd8b1"
"Igsf10","Cd200r2","Igsf10 - Cd200r2"
"Igsf10","Cd200r4","Igsf10 - Cd200r4"
"Gm13305","Cd40","Gm13305 - Cd40"
"Gm2002","Cd40","Gm2002 - Cd40"
"Il11ra1","Cd40","Il11ra1 - Cd40"
"Il11ra2","Cd40","Il11ra2 - Cd40"
"LOC100861969","Cd40","LOC100861969 - Cd40"
"Il22","Il20ra","Il22 - Il20ra"
"Iltifb","Il20ra","Iltifb - Il20ra"
"Iltifb","Il21r","Iltifb - Il21r"
"Kng2","Adra2a","Kng2 - Adra2a"
"Kng2","Grm7","Kng2 - Grm7"
"Kng2","Itgam","Kng2 - Itgam"
"Kng2","Mtnr1a","Kng2 - Mtnr1a"
"Kng2","Sdc2","Kng2 - Sdc2"
"Gp49a","Lair1","Gp49a - Lair1"
"Lilrb4","Lair1","Lilrb4 - Lair1"
"Lyz2","Itgal","Lyz2 - Itgal"
"Prn","Rpsa","Prn - Rpsa"
"Ear11","Tlr2","Ear11 - Tlr2"
"Ear5","Tlr2","Ear5 - Tlr2"
"Saa1","Adra2a","Saa1 - Adra2a"
"Saa2","Adra2a","Saa2 - Adra2a"
"Saa1","Cd36","Saa1 - Cd36"
"Saa2","Cd36","Saa2 - Cd36"
"Saa1","Grm7","Saa1 - Grm7"
"Saa2","Grm7","Saa2 - Grm7"
"Saa1","Mtnr1a","Saa1 - Mtnr1a"
"Saa2","Mtnr1a","Saa2 - Mtnr1a"
"Saa2","Scarb1","Saa2 - Scarb1"
"Saa1","Tlr2","Saa1 - Tlr2"
"Saa2","Tlr2","Saa2 - Tlr2"
"Sele","Ceacam2","Sele - Ceacam2"
"Wnt3","Fzd6","Wnt3 - Fzd6"
"Wnt3","Fzd2","Wnt3 - Fzd2"
"Wnt3","Lrp5","Wnt3 - Lrp5"
"Wnt3","Fzd3","Wnt3 - Fzd3"
"Wnt9a","Fzd9","Wnt9a - Fzd9"
"Wnt9a","Fzd4","Wnt9a - Fzd4"
"Wnt9a","Fzd7","Wnt9a - Fzd7"
"Comp","Itgav","Comp - Itgav"
"Tgfb3","Acvr1","Tgfb3 - Acvr1"
"Wnt10a","Fzd10","Wnt10a - Fzd10"
"Wnt3a","Fzd3","Wnt3a - Fzd3"
"Wnt3a","Lrp5","Wnt3a - Lrp5"
"Wnt3a","Fzd4","Wnt3a - Fzd4"
"Wnt2","Lrp5","Wnt2 - Lrp5"
"Wnt8a","Fzd1","Wnt8a - Fzd1"
"Wnt8a","Lrp6","Wnt8a - Lrp6"
"Wnt8a","Fzd5","Wnt8a - Fzd5"
"Wnt8a","Fzd4","Wnt8a - Fzd4"
"Wnt8a","Fzd7","Wnt8a - Fzd7"
"Hspa8","Aqp2","Hspa8 - Aqp2"
"Wnt9b","Lrp5","Wnt9b - Lrp5"
"Wnt9b","Lrp6","Wnt9b - Lrp6"
"Wnt9b","Fzd5","Wnt9b - Fzd5"
"Hsp90b1","Lrp6","Hsp90b1 - Lrp6"
"Col2a1","Itgav","Col2a1 - Itgav"
"Wnt10b","Fzd8","Wnt10b - Fzd8"
"Wnt10b","Lrp6","Wnt10b - Lrp6"
"Wnt10b","Fzd5","Wnt10b - Fzd5"
"Wnt10b","Fzd4","Wnt10b - Fzd4"
"Wnt10b","Fzd7","Wnt10b - Fzd7"
"Wnt1","Fzd10","Wnt1 - Fzd10"
"Gnb3","Kcnj6","Gnb3 - Kcnj6"
"Tslp","Crlf2","Tslp - Crlf2"
"Il33","Il1rap","Il33 - Il1rap"
"Mstn","Acvr2a","Mstn - Acvr2a"
"Il1f6","Il1rap","Il1f6 - Il1rap"
"Il1f6","Il1rl2","Il1f6 - Il1rl2"
"Il1f8","Il1rap","Il1f8 - Il1rap"
"Il1f8","Il1rl2","Il1f8 - Il1rl2"
"Tln1","Itgal","Tln1 - Itgal"
"Tln1","Itgb1","Tln1 - Itgb1"
"Sema3c","Plxna4","Sema3c - Plxna4"
"Areg","Erbb2","Areg - Erbb2"
"Wnt7a","Fzd1","Wnt7a - Fzd1"
"Wnt7a","Fzd3","Wnt7a - Fzd3"
"Wnt7a","Fzd4","Wnt7a - Fzd4"
"Wnt7a","Fzd7","Wnt7a - Fzd7"
"Gdf3","Acvr2b","Gdf3 - Acvr2b"
"Gdf3","Acvr2a","Gdf3 - Acvr2a"
"Angpt2","Itgb1","Angpt2 - Itgb1"
"Col4a2","Itgb1","Col4a2 - Itgb1"
"Jam3","Itgam","Jam3 - Itgam"
"Wnt4","Fzd10","Wnt4 - Fzd10"
"Wnt4","Fzd5","Wnt4 - Fzd5"
"Wnt4","Fzd4","Wnt4 - Fzd4"
"Wnt4","Fzd7","Wnt4 - Fzd7"
"Bmp8a","Acvr2b","Bmp8a - Acvr2b"
"Bmp8a","Acvr2a","Bmp8a - Acvr2a"
"Mif","Cxcr2","Mif - Cxcr2"
"Wnt8b","Fzd10","Wnt8b - Fzd10"
"Wnt8b","Fzd7","Wnt8b - Fzd7"
"Il17f","Il17rc","Il17f - Il17rc"
"Il1f9","Il1rap","Il1f9 - Il1rap"
"Il1f9","Il1rl2","Il1f9 - Il1rl2"
"Il27","Il6st","Il27 - Il6st"
"Il17c","Il17re","Il17c - Il17re"
"Gdf6","Acvr2a","Gdf6 - Acvr2a"
"Sema3g","Plxna4","Sema3g - Plxna4"
"Lama3","Itgb4","Lama3 - Itgb4"
"Sema3b","Plxna1","Sema3b - Plxna1"
"Cd160","Tnfrsf14","Cd160 - Tnfrsf14"
"Apoc1","Vldlr","Apoc1 - Vldlr"
"Wnt7b","Fzd3","Wnt7b - Fzd3"
"Wnt7b","Fzd7","Wnt7b - Fzd7"
"Jam3","Itgb2","Jam3 - Itgb2"
"Tln1","Itgb2","Tln1 - Itgb2"
"Hsp90b1","Pparg","Hsp90b1 - Pparg"
"Gdf9","Acvr1b","Gdf9 - Acvr1b"
"Gdf3","Acvr1b","Gdf3 - Acvr1b"
"Mstn","Acvr1b","Mstn - Acvr1b"
"Mif","Cd44","Mif - Cd44"
"Gnas","Pth1r","Gnas - Pth1r"
"Gdf11","Tgfbr1","Gdf11 - Tgfbr1"
"Mstn","Tgfbr1","Mstn - Tgfbr1"
"Nrg1","Egfr","Nrg1 - Egfr"
"Vwf","Itgb3","Vwf - Itgb3"
"Tnc","Itgb3","Tnc - Itgb3"
"L1cam","Itgb3","L1cam - Itgb3"
"Postn","Itgb3","Postn - Itgb3"
"Spp1","Itgb3","Spp1 - Itgb3"
"Igf1","Itgb3","Igf1 - Itgb3"
"Mmp2","Itgb3","Mmp2 - Itgb3"
"Fadd","Tnfrsf10b","Fadd - Tnfrsf10b"
"Wnt10b","Fzd6","Wnt10b - Fzd6"
"Wnt1","Fzd6","Wnt1 - Fzd6"
"Angpt2","Itga5","Angpt2 - Itga5"
"Wnt7a","Lrp5","Wnt7a - Lrp5"
"Spp1","Itga8","Spp1 - Itga8"
"Inhba","Acvr1c","Inhba - Acvr1c"
"Gdf3","Acvr1c","Gdf3 - Acvr1c"
"Tnc","Itgb6","Tnc - Itgb6"
"Dspp","Itgb6","Dspp - Itgb6"
"Il1f8","Il1f5","Il1f8 - Il1f5"
"Vwf","Itgav","Vwf - Itgav"
"Fgf2","Itgav","Fgf2 - Itgav"
"Postn","Itgav","Postn - Itgav"
"Igf1","Itgav","Igf1 - Itgav"
"Dspp","Itgav","Dspp - Itgav"
"Thbs1","Itgav","Thbs1 - Itgav"
"Mmp2","Itgav","Mmp2 - Itgav"
"Gdf7","Bmpr1b","Gdf7 - Bmpr1b"
"Wnt8b","Lrp6","Wnt8b - Lrp6"
"Wnt4","Lrp6","Wnt4 - Lrp6"
"Wnt5b","Lrp6","Wnt5b - Lrp6"
"Fadd","Tnfrsf1a","Fadd - Tnfrsf1a"
"Bmp8a","Bmpr1a","Bmp8a - Bmpr1a"
"Amh","Bmpr1a","Amh - Bmpr1a"
"Vwf","Gp1bb","Vwf - Gp1bb"
"Spp1","Itgb5","Spp1 - Itgb5"
"Jam2","Itgb1","Jam2 - Itgb1"
"L1cam","Itgb1","L1cam - Itgb1"
"Jam2","Itga4","Jam2 - Itga4"
"C1qa","Cr1l","C1qa - Cr1l"
"C3","Cr1l","C3 - Cr1l"
"Ly6g5c","Tmem8","Ly6g5c - Tmem8"
"Tbc1d24","Cdon","Tbc1d24 - Cdon"
"Tbc1d24","Neo1","Tbc1d24 - Neo1"
"Qrfp","C130060K24Rik","Qrfp - C130060K24Rik"
"2300002M23Rik","Ddr1","2300002M23Rik - Ddr1"
"Col2a1","Olfr20","Col2a1 - Olfr20"
"Acth","Acthr","Acth - Acthr"
"Afp","Afpr","Afp - Afpr"
"Agt","Aftr1","Agt - Aftr1"
"Angpt3","Tek","Angpt3 - Tek"
"Anxa","Fpr","Anxa - Fpr"
"Aregb","Egfr","Aregb - Egfr"
"Bdnf1","Ntrk2","Bdnf1 - Ntrk2"
"Bmp1","Adra1a","Bmp1 - Adra1a"
"Bmp9","Alk1","Bmp9 - Alk1"
"Bmp10","Alk1","Bmp10 - Alk1"
"C3a","C3ar1","C3a - C3ar1"
"C5a","C5ar1","C5a - C5ar1"
"Ccl1","Ccr1","Ccl1 - Ccr1"
"Ccl11","Ccbp2","Ccl11 - Ccbp2"
"Ccl13","Cxcr3","Ccl13 - Cxcr3"
"Ccl13","Ccrl1","Ccl13 - Ccrl1"
"Ccl13","Ccr5","Ccl13 - Ccr5"
"Ccl13","Ccr3","Ccl13 - Ccr3"
"Ccl13","Ccr2","Ccl13 - Ccr2"
"Ccl13","Ccbp2","Ccl13 - Ccbp2"
"Ccl14","Ccr5","Ccl14 - Ccr5"
"Ccl14","Ccr3","Ccl14 - Ccr3"
"Ccl14","Ccr1","Ccl14 - Ccr1"
"Ccl14","Ccbp2","Ccl14 - Ccbp2"
"Ccl15","Ccr3","Ccl15 - Ccr3"
"Ccl15","Ccr1","Ccl15 - Ccr1"
"Ccl16","Hrh4","Ccl16 - Hrh4"
"Ccl16","Cxcr5","Ccl16 - Cxcr5"
"Ccl16","Ccr8","Ccl16 - Ccr8"
"Ccl16","Ccr5","Ccl16 - Ccr5"
"Ccl16","Ccr2","Ccl16 - Ccr2"
"Ccl16","Ccr1","Ccl16 - Ccr1"
"Ccl17","Darc","Ccl17 - Darc"
"Ccl19","Ccrl1","Ccl19 - Ccrl1"
"Ccl19","Ccbp2","Ccl19 - Ccbp2"
"Ccl2","Darc","Ccl2 - Darc"
"Ccl2","Ccrl1","Ccl2 - Ccrl1"
"Ccl2","Ccbp2","Ccl2 - Ccbp2"
"Ccl21","Ccrl1","Ccl21 - Ccrl1"
"Ccl21","Ccr7","Ccl21 - Ccr7"
"Ccl21","Ccr10","Ccl21 - Ccr10"
"Ccl21","Ccbp2","Ccl21 - Ccbp2"
"Ccl25","Ccrl1","Ccl25 - Ccrl1"
"Ccl25","Ccbp2","Ccl25 - Ccbp2"
"Ccl27","Ccr10","Ccl27 - Ccr10"
"Ccl27","Ccbp2","Ccl27 - Ccbp2"
"Ccl28","Ccbp2","Ccl28 - Ccbp2"
"Ccl3","Cxcr5","Ccl3 - Cxcr5"
"Ccl3","Ccbp2","Ccl3 - Ccbp2"
"Ccl3l1","Ccr5","Ccl3l1 - Ccr5"
"Ccl3l1","Ccr3","Ccl3l1 - Ccr3"
"Ccl3l1","Ccr1","Ccl3l1 - Ccr1"
"Ccl3l1","Ccbp2","Ccl3l1 - Ccbp2"
"Ccl3l3","Ccr5","Ccl3l3 - Ccr5"
"Ccl3l3","Ccr3","Ccl3l3 - Ccr3"
"Ccl3l3","Ccr1","Ccl3l3 - Ccr1"
"Ccl3l3","Ccbp2","Ccl3l3 - Ccbp2"
"Ccl4","Cxcr5","Ccl4 - Cxcr5"
"Ccl4","Ccbp2","Ccl4 - Ccbp2"
"Ccl5","Darc","Ccl5 - Darc"
"Ccl5","Cxcr5","Ccl5 - Cxcr5"
"Ccl5","Ccbp2","Ccl5 - Ccbp2"
"Ccl7","Darc","Ccl7 - Darc"
"Ccl7","Ccrl1","Ccl7 - Ccrl1"
"Ccl7","Ccbp2","Ccl7 - Ccbp2"
"Ccl8","Darc","Ccl8 - Darc"
"Ccl8","Ccrl1","Ccl8 - Ccrl1"
"Ccl8","Ccbp2","Ccl8 - Ccbp2"
"Cd40lg","Itga5","Cd40lg - Itga5"
"Cd40lg","Cd5l","Cd40lg - Cd5l"
"Cgb","Lhcgr","Cgb - Lhcgr"
"Cgb5","Lhcgr","Cgb5 - Lhcgr"
"Cgrp1","Calcrl","Cgrp1 - Calcrl"
"Cgrp2","Calcrl","Cgrp2 - Calcrl"
"Chgb","Rxrg","Chgb - Rxrg"
"Chgb","Fgfr3","Chgb - Fgfr3"
"Clcf1","Ncoa3","Clcf1 - Ncoa3"
"Clcf1","Esr2","Clcf1 - Esr2"
"Clcf1","Esr1","Clcf1 - Esr1"
"Clu","Apoer2","Clu - Apoer2"
"Cmtm8","Egfr","Cmtm8 - Egfr"
"Cntf","Il6r","Cntf - Il6r"
"Copa","Ptprh","Copa - Ptprh"
"Copa","Pdgfrb","Copa - Pdgfrb"
"Copa","Il20ra","Copa - Il20ra"
"Crlf1","Ctf1","Crlf1 - Ctf1"
"Csf1","Hla-b","Csf1 - Hla-b"
"Csh1","Loxl2","Csh1 - Loxl2"
"Ctsg","Par4","Ctsg - Par4"
"Cxcl1","Darc","Cxcl1 - Darc"
"Cxcl12","Ccr10","Cxcl12 - Ccr10"
"Cxcl13","Ccrl1","Cxcl13 - Ccrl1"
"Cxcl5","Darc","Cxcl5 - Darc"
"Cxcl6","Cxcr2","Cxcl6 - Cxcr2"
"Cxcl6","Cxcr1","Cxcl6 - Cxcr1"
"Cxcl7","Cxcr2","Cxcl7 - Cxcr2"
"Cst3","Tgfrb2","Cst3 - Tgfrb2"
"Ebi3","Gosr1","Ebi3 - Gosr1"
"Efna6","Epha2","Efna6 - Epha2"
"Efna7","Epha2","Efna7 - Epha2"
"Efna8","Epha5","Efna8 - Epha5"
"Efnb4","Ephb2","Efnb4 - Ephb2"
"Egf","Vtn","Egf - Vtn"
"Epg","Egfr","Epg - Egfr"
"Esm1","Itgb2","Esm1 - Itgb2"
"Esm1","Itgal","Esm1 - Itgal"
"Et1","Ednra","Et1 - Ednra"
"Et1","Ednrb","Et1 - Ednrb"
"F2","Vtn","F2 - Vtn"
"F2","Thrap3","F2 - Thrap3"
"F2","Slc1a5","F2 - Slc1a5"
"F2","Ryr2","F2 - Ryr2"
"F2","Or8d2","F2 - Or8d2"
"F2","Or3a2","F2 - Or3a2"
"F2","Or2t6","F2 - Or2t6"
"F2","Ncoa3","F2 - Ncoa3"
"F2","Itgb5","F2 - Itgb5"
"F2","Itgb3","F2 - Itgb3"
"F2","Itga5","F2 - Itga5"
"F2","Itga2","F2 - Itga2"
"F2","Gabbr1","F2 - Gabbr1"
"F2","Derl1","F2 - Derl1"
"F2","Dcc","F2 - Dcc"
"F2","Adra1b","F2 - Adra1b"
"Faslg","Tnfrsf6b","Faslg - Tnfrsf6b"
"Faslg","Tnfrsf1a","Faslg - Tnfrsf1a"
"Faslg","Tnfrsf10b","Faslg - Tnfrsf10b"
"Fgf19","Fgfr4","Fgf19 - Fgfr4"
"Fgf19","Fgfr1","Fgf19 - Fgfr1"
"Fgf2","Vtn","Fgf2 - Vtn"
"Figf","Nrp2","Figf - Nrp2"
"Figf","Nrp1","Figf - Nrp1"
"Figf","Itgb1","Figf - Itgb1"
"Figf","Itga9","Figf - Itga9"
"Fstl1","Cd14","Fstl1 - Cd14"
"Fstl5","Cd14","Fstl5 - Cd14"
"Gdf1","Alk4","Gdf1 - Alk4"
"Gdf10","Tgfrb1","Gdf10 - Tgfrb1"
"Gdf3","Alk4","Gdf3 - Alk4"
"Gh1","Prlr","Gh1 - Prlr"
"Gh2","Ghr","Gh2 - Ghr"
"Ghrl","Mlnr","Ghrl - Mlnr"
"Glp1","Glp1r","Glp1 - Glp1r"
"Glp2","Glp2r","Glp2 - Glp2r"
"Gmfb","Thrap3","Gmfb - Thrap3"
"Gmfb","Itpr3","Gmfb - Itpr3"
"Gmfb","Egfr","Gmfb - Egfr"
"Gpi","Amfr","Gpi - Amfr"
"Hcrt","Hla-dqb1","Hcrt - Hla-dqb1"
"Hcrt","Hla-dqa1","Hcrt - Hla-dqa1"
"Hdgf","Thra","Hdgf - Thra"
"Hdgfrp3","Irs1","Hdgfrp3 - Irs1"
"Hdgfrp3","Eps15l1","Hdgfrp3 - Eps15l1"
"Hdgfrp3","Egfr","Hdgfrp3 - Egfr"
"Hdgfrp3","Ager","Hdgfrp3 - Ager"
"Hgf","Vtn","Hgf - Vtn"
"Hgf","Hpn","Hgf - Hpn"
"Hmgb1","Ptprz1","Hmgb1 - Ptprz1"
"Hmgb1","Pgr","Hmgb1 - Pgr"
"Hmgb1","Nr3c1","Hmgb1 - Nr3c1"
"Hmgb1","Ar","Hmgb1 - Ar"
"Ifna8","Ifnar2","Ifna8 - Ifnar2"
"Ifna8","Ifnar1","Ifna8 - Ifnar1"
"Ifnw1","Ifnar2","Ifnw1 - Ifnar2"
"Ifnw1","Ifnar1","Ifnw1 - Ifnar1"
"Igf2","Vtn","Igf2 - Vtn"
"Igf1","Igfbp1","Igf1 - Igfbp1"
"Igf1","Igfbp2","Igf1 - Igfbp2"
"Igf1","Igfbp3","Igf1 - Igfbp3"
"Igf1","Igfbp4","Igf1 - Igfbp4"
"Igf1","Igfbp5","Igf1 - Igfbp5"
"Igf1","Igfbp6","Igf1 - Igfbp6"
"Igf1","Igfbp7","Igf1 - Igfbp7"
"Il10","Ifnar2","Il10 - Ifnar2"
"Il11","Il11ra","Il11 - Il11ra"
"Il13","Il4r","Il13 - Il4r"
"Il2","Il21r","Il2 - Il21r"
"Il22","Ifnar2","Il22 - Ifnar2"
"Il25","Ncor1","Il25 - Ncor1"
"Il25","Ncoa3","Il25 - Ncoa3"
"Il25","Il17ra","Il25 - Il17ra"
"Il25","Esr2","Il25 - Esr2"
"Il25","Esr1","Il25 - Esr1"
"Il26","Il20ra","Il26 - Il20ra"
"Il28a","Il28ra","Il28a - Il28ra"
"Il28a","Il10rb","Il28a - Il10rb"
"Il28b","Il10rb","Il28b - Il10rb"
"Il29","Il28ra","Il29 - Il28ra"
"Il37","Il18r1","Il37 - Il18r1"
"Il4","Il4r","Il4 - Il4r"
"Il6","Il6r","Il6 - Il6r"
"Il8","Darc","Il8 - Darc"
"Il8","Cxcr2","Il8 - Cxcr2"
"Il8","Cxcr1","Il8 - Cxcr1"
"Inhbe","Amhr2","Inhbe - Amhr2"
"Inhbe","Adipor1","Inhbe - Adipor1"
"Ins","Lrp2","Ins - Lrp2"
"Ins","Insr","Ins - Insr"
"Ins","Igf1r","Ins - Igf1r"
"Ins","Hla-dqa2","Ins - Hla-dqa2"
"Insl6","Ptprk","Insl6 - Ptprk"
"Insl6","Itpr3","Insl6 - Itpr3"
"Insl6","Ephb3","Insl6 - Ephb3"
"Insl6","Epha1","Insl6 - Epha1"
"Insl6","Alk","Insl6 - Alk"
"Kitlg","Epor","Kitlg - Epor"
"Kiss1","Gpr54","Kiss1 - Gpr54"
"Kl","Igf1r","Kl - Igf1r"
"Lacrt","Vtn","Lacrt - Vtn"
"Lep","Cd33","Lep - Cd33"
"Lgals3","Lgals3bp","Lgals3 - Lgals3bp"
"Lrsam1","Tnfrsf10c","Lrsam1 - Tnfrsf10c"
"Lrsam1","Rxrg","Lrsam1 - Rxrg"
"Lrsam1","Grik5","Lrsam1 - Grik5"
"Lrsam1","Egfr","Lrsam1 - Egfr"
"Mif","Tnfrsf10d","Mif - Tnfrsf10d"
"Mln","Mlnr","Mln - Mlnr"
"Mmp1","Par1","Mmp1 - Par1"
"Mmp7","Nmdar1","Mmp7 - Nmdar1"
"Mmp9","Vegfr1","Mmp9 - Vegfr1"
"Mst1","Hgfr","Mst1 - Hgfr"
"Ndp","Lrp5","Ndp - Lrp5"
"Ngf","Ror1","Ngf - Ror1"
"Nov","Itgb3","Nov - Itgb3"
"Nov","Itgb1","Nov - Itgb1"
"Nov","Itgav","Nov - Itgav"
"Nov","Itga5","Nov - Itga5"
"Nppa","Rorb","Nppa - Rorb"
"Nppa","Hnf4a","Nppa - Hnf4a"
"Npaf","Npffr1","Npaf - Npffr1"
"Npb","Npbw2","Npb - Npbw2"
"Ntf4","Ntrk2","Ntf4 - Ntrk2"
"Ntf4","Ngfr","Ntf4 - Ngfr"
"Nvpf","Npffr1","Nvpf - Npffr1"
"Ob","Lepr","Ob - Lepr"
"Pacap27","Adcyap1r1","Pacap27 - Adcyap1r1"
"Pdap1","Pdgfa","Pdap1 - Pdgfa"
"Pdyn","Kor","Pdyn - Kor"
"Pf4","Darc","Pf4 - Darc"
"Pf4v1","Thrap3","Pf4v1 - Thrap3"
"Pf4v1","Slc1a5","Pf4v1 - Slc1a5"
"Pf4v1","Ryr2","Pf4v1 - Ryr2"
"Pf4v1","Or8d2","Pf4v1 - Or8d2"
"Pf4v1","Or3a2","Pf4v1 - Or3a2"
"Pf4v1","Or2t6","Pf4v1 - Or2t6"
"Pf4v1","Ncoa3","Pf4v1 - Ncoa3"
"Pf4v1","Itgb5","Pf4v1 - Itgb5"
"Pf4v1","Itga2","Pf4v1 - Itga2"
"Pf4v1","Gabbr1","Pf4v1 - Gabbr1"
"Pf4v1","Derl1","Pf4v1 - Derl1"
"Pf4v1","Adra1b","Pf4v1 - Adra1b"
"Pmch","Mchr2","Pmch - Mchr2"
"Pomc","Vtn","Pomc - Vtn"
"Pomc","Hla-drb3","Pomc - Hla-drb3"
"Ppbp","Thrap3","Ppbp - Thrap3"
"Ppbp","Slc1a5","Ppbp - Slc1a5"
"Ppbp","Ryr2","Ppbp - Ryr2"
"Ppbp","Or8d2","Ppbp - Or8d2"
"Ppbp","Or3a2","Ppbp - Or3a2"
"Ppbp","Or2t6","Ppbp - Or2t6"
"Ppbp","Ncoa3","Ppbp - Ncoa3"
"Ppbp","Itgb5","Ppbp - Itgb5"
"Ppbp","Itga2","Ppbp - Itga2"
"Ppbp","Il7r","Ppbp - Il7r"
"Ppbp","Gabbr1","Ppbp - Gabbr1"
"Ppbp","Derl1","Ppbp - Derl1"
"Ppbp","Adra1b","Ppbp - Adra1b"
"Ppy","Ppyr1","Ppy - Ppyr1"
"Pthrp","Pth1r","Pthrp - Pth1r"
"Pthlh","Btn1a1","Pthlh - Btn1a1"
"Pyy","Ppyr1","Pyy - Ppyr1"
"Rabep1","Lsr","Rabep1 - Lsr"
"Rln2","Rxfp2","Rln2 - Rxfp2"
"Rln2","Rxfp1","Rln2 - Rxfp1"
"Rspo4","Lrp6","Rspo4 - Lrp6"
"Sectm1","Cd7","Sectm1 - Cd7"
"Serpini1","Plat","Serpini1 - Plat"
"Sfrp2","Fzd2","Sfrp2 - Fzd2"
"Sfrp3","Fzd2","Sfrp3 - Fzd2"
"Sfrp4","Fzd2","Sfrp4 - Fzd2"
"Sfrp5","Fzd2","Sfrp5 - Fzd2"
"Spp1","Vtn","Spp1 - Vtn"
"Spp1","Itgb6","Spp1 - Itgb6"
"Tgfb1","Vtn","Tgfb1 - Vtn"
"Tgfb2","Vtn","Tgfb2 - Vtn"
"Tgfb3","Itgav","Tgfb3 - Itgav"
"Tnf","Ptprz1","Tnf - Ptprz1"
"Tnfrsf11b","Vtn","Tnfrsf11b - Vtn"
"Tnfsf10","Tnfrsf10c","Tnfsf10 - Tnfrsf10c"
"Tnfsf10","Tnfrsf10a","Tnfsf10 - Tnfrsf10a"
"Tnfsf14","Tnfrsf6b","Tnfsf14 - Tnfrsf6b"
"Tnfsf15","Tnfrsf6b","Tnfsf15 - Tnfrsf6b"
"Tnfsf5","Cd40","Tnfsf5 - Cd40"
"Tnfsf7","Cd27","Tnfsf7 - Cd27"
"Tnfsf1","Tnfr1","Tnfsf1 - Tnfr1"
"Tnfsf2","Tnfr1","Tnfsf2 - Tnfr1"
"Tnfsf3","Tnfrsf3","Tnfsf3 - Tnfrsf3"
"Ttr","Thrap3","Ttr - Thrap3"
"Ttr","Slc1a5","Ttr - Slc1a5"
"Ttr","Ryr2","Ttr - Ryr2"
"Ttr","Ryr1","Ttr - Ryr1"
"Ttr","Robo3","Ttr - Robo3"
"Ttr","Or8d2","Ttr - Or8d2"
"Ttr","Or3a2","Ttr - Or3a2"
"Ttr","Or2t6","Ttr - Or2t6"
"Ttr","Ncoa3","Ttr - Ncoa3"
"Ttr","Lrp2","Ttr - Lrp2"
"Ttr","Itgb5","Ttr - Itgb5"
"Ttr","Itga2","Ttr - Itga2"
"Ttr","Il7r","Ttr - Il7r"
"Ttr","Gabbr1","Ttr - Gabbr1"
"Ttr","Fgfr1","Ttr - Fgfr1"
"Ttr","Derl1","Ttr - Derl1"
"Ttr","Adra1b","Ttr - Adra1b"
"Tymp","Folr1","Tymp - Folr1"
"Uts2d","Uts2r","Uts2d - Uts2r"
"Vegfa","Vtn","Vegfa - Vtn"
"Vegfc","Nrp1","Vegfc - Nrp1"
"Vegfe","Flt1","Vegfe - Flt1"
"Wnt1","Sfrp2","Wnt1 - Sfrp2"
"Wnt1","Sfrp1","Wnt1 - Sfrp1"
"Wnt2","Sfrp1","Wnt2 - Sfrp1"
"Wnt8b","Fzd3a","Wnt8b - Fzd3a"
"Xcl2","Xcr1","Xcl2 - Xcr1"
"Pdap1","None","Pdap1 - None"
"Cst3","None","Cst3 - None"
"Fjx1","None","Fjx1 - None"
"Gmfg","None","Gmfg - None"
"Habp2","None","Habp2 - None"
"Igfbpl1","None","Igfbpl1 - None"
"Scg3","None","Scg3 - None"
"Sez6l","None","Sez6l - None"
"Sez6","None","Sez6 - None"
"Smoc1","None","Smoc1 - None"
"Timp2","None","Timp2 - None"
"Metrn","None","Metrn - None"
"Nell2","None","Nell2 - None"
"Nenf","None","Nenf - None"
"Scg5","None","Scg5 - None"
"Gap43","None","Gap43 - None"
"Psip1","None","Psip1 - None"
"Ppia","None","Ppia - None"
"Prdx6","None","Prdx6 - None"
"Prdx2","None","Prdx2 - None"
"Pcsk1n","None","Pcsk1n - None"
"Rtn1","None","Rtn1 - None"
"Scrn1","None","Scrn1 - None"
"Sema7a","None","Sema7a - None"
"Serpinh1","None","Serpinh1 - None"
"Sparc","None","Sparc - None"
"Sparcl1","None","Sparcl1 - None"
"Gls","Grin1","Gls - Grin1"
"Slc17a6","Grin1","Slc17a6 - Grin1"
"Slc17a7","Grin1","Slc17a7 - Grin1"
"Slc17a8","Grin1","Slc17a8 - Grin1"
"Gls","Grin2a","Gls - Grin2a"
"Slc17a6","Grin2a","Slc17a6 - Grin2a"
"Slc17a7","Grin2a","Slc17a7 - Grin2a"
"Slc17a8","Grin2a","Slc17a8 - Grin2a"
"Gls","Grin2b","Gls - Grin2b"
"Slc17a6","Grin2b","Slc17a6 - Grin2b"
"Slc17a7","Grin2b","Slc17a7 - Grin2b"
"Slc17a8","Grin2b","Slc17a8 - Grin2b"
"Gls","Grin2c","Gls - Grin2c"
"Slc17a6","Grin2c","Slc17a6 - Grin2c"
"Slc17a7","Grin2c","Slc17a7 - Grin2c"
"Slc17a8","Grin2c","Slc17a8 - Grin2c"
"Gls","Grin2d","Gls - Grin2d"
"Slc17a6","Grin2d","Slc17a6 - Grin2d"
"Slc17a7","Grin2d","Slc17a7 - Grin2d"
"Slc17a8","Grin2d","Slc17a8 - Grin2d"
"Gls","Grin3a","Gls - Grin3a"
"Slc17a6","Grin3a","Slc17a6 - Grin3a"
"Slc17a7","Grin3a","Slc17a7 - Grin3a"
"Slc17a8","Grin3a","Slc17a8 - Grin3a"
"Gls","Grin3b","Gls - Grin3b"
"Slc17a6","Grin3b","Slc17a6 - Grin3b"
"Slc17a7","Grin3b","Slc17a7 - Grin3b"
"Slc17a8","Grin3b","Slc17a8 - Grin3b"
"Gls","Gria1","Gls - Gria1"
"Slc17a6","Gria1","Slc17a6 - Gria1"
"Slc17a7","Gria1","Slc17a7 - Gria1"
"Slc17a8","Gria1","Slc17a8 - Gria1"
"Gls","Gria2","Gls - Gria2"
"Slc17a6","Gria2","Slc17a6 - Gria2"
"Slc17a7","Gria2","Slc17a7 - Gria2"
"Slc17a8","Gria2","Slc17a8 - Gria2"
"Gls","Gria3","Gls - Gria3"
"Slc17a6","Gria3","Slc17a6 - Gria3"
"Slc17a7","Gria3","Slc17a7 - Gria3"
"Slc17a8","Gria3","Slc17a8 - Gria3"
"Gls","Gria4","Gls - Gria4"
"Slc17a6","Gria4","Slc17a6 - Gria4"
"Slc17a7","Gria4","Slc17a7 - Gria4"
"Slc17a8","Gria4","Slc17a8 - Gria4"
"Gls","Grik1","Gls - Grik1"
"Slc17a6","Grik1","Slc17a6 - Grik1"
"Slc17a7","Grik1","Slc17a7 - Grik1"
"Slc17a8","Grik1","Slc17a8 - Grik1"
"Gls","Grik2","Gls - Grik2"
"Slc17a6","Grik2","Slc17a6 - Grik2"
"Slc17a7","Grik2","Slc17a7 - Grik2"
"Slc17a8","Grik2","Slc17a8 - Grik2"
"Gls","Grik3","Gls - Grik3"
"Slc17a6","Grik3","Slc17a6 - Grik3"
"Slc17a7","Grik3","Slc17a7 - Grik3"
"Slc17a8","Grik3","Slc17a8 - Grik3"
"Gls","Grik4","Gls - Grik4"
"Slc17a6","Grik4","Slc17a6 - Grik4"
"Slc17a7","Grik4","Slc17a7 - Grik4"
"Slc17a8","Grik4","Slc17a8 - Grik4"
"Gls","Grik5","Gls - Grik5"
"Slc17a6","Grik5","Slc17a6 - Grik5"
"Slc17a7","Grik5","Slc17a7 - Grik5"
"Slc17a8","Grik5","Slc17a8 - Grik5"
"Gls","Grm1","Gls - Grm1"
"Slc17a6","Grm1","Slc17a6 - Grm1"
"Slc17a7","Grm1","Slc17a7 - Grm1"
"Slc17a8","Grm1","Slc17a8 - Grm1"
"Gls","Grm5","Gls - Grm5"
"Slc17a6","Grm5","Slc17a6 - Grm5"
"Slc17a7","Grm5","Slc17a7 - Grm5"
"Slc17a8","Grm5","Slc17a8 - Grm5"
"Gls","Grm4","Gls - Grm4"
"Slc17a6","Grm4","Slc17a6 - Grm4"
"Slc17a7","Grm4","Slc17a7 - Grm4"
"Slc17a8","Grm4","Slc17a8 - Grm4"
"Gls","Grm6","Gls - Grm6"
"Slc17a6","Grm6","Slc17a6 - Grm6"
"Slc17a7","Grm6","Slc17a7 - Grm6"
"Slc17a8","Grm6","Slc17a8 - Grm6"
"Gls","Grm7","Gls - Grm7"
"Slc17a6","Grm7","Slc17a6 - Grm7"
"Slc17a7","Grm7","Slc17a7 - Grm7"
"Slc17a8","Grm7","Slc17a8 - Grm7"
"Gls","Grm8","Gls - Grm8"
"Slc17a6","Grm8","Slc17a6 - Grm8"
"Slc17a7","Grm8","Slc17a7 - Grm8"
"Slc17a8","Grm8","Slc17a8 - Grm8"
"Gls","Grm2","Gls - Grm2"
"Slc17a6","Grm2","Slc17a6 - Grm2"
"Slc17a7","Grm2","Slc17a7 - Grm2"
"Slc17a8","Grm2","Slc17a8 - Grm2"
"Gls","Grm3","Gls - Grm3"
"Slc17a6","Grm3","Slc17a6 - Grm3"
"Slc17a7","Grm3","Slc17a7 - Grm3"
"Slc17a8","Grm3","Slc17a8 - Grm3"
"Gad1","Gabra1","Gad1 - Gabra1"
"Gad2","Gabra1","Gad2 - Gabra1"
"Slc32a1","Gabra1","Slc32a1 - Gabra1"
"Gad1","Gabra2","Gad1 - Gabra2"
"Gad2","Gabra2","Gad2 - Gabra2"
"Slc32a1","Gabra2","Slc32a1 - Gabra2"
"Gad1","Gabra3","Gad1 - Gabra3"
"Gad2","Gabra3","Gad2 - Gabra3"
"Slc32a1","Gabra3","Slc32a1 - Gabra3"
"Gad1","Gabra4","Gad1 - Gabra4"
"Gad2","Gabra4","Gad2 - Gabra4"
"Slc32a1","Gabra4","Slc32a1 - Gabra4"
"Gad1","Gabra5","Gad1 - Gabra5"
"Gad2","Gabra5","Gad2 - Gabra5"
"Slc32a1","Gabra5","Slc32a1 - Gabra5"
"Gad1","Gabra6","Gad1 - Gabra6"
"Gad2","Gabra6","Gad2 - Gabra6"
"Slc32a1","Gabra6","Slc32a1 - Gabra6"
"Gad1","Gabrb1","Gad1 - Gabrb1"
"Gad2","Gabrb1","Gad2 - Gabrb1"
"Slc32a1","Gabrb1","Slc32a1 - Gabrb1"
"Gad1","Gabrb2","Gad1 - Gabrb2"
"Gad2","Gabrb2","Gad2 - Gabrb2"
"Slc32a1","Gabrb2","Slc32a1 - Gabrb2"
"Gad1","Gabrb3","Gad1 - Gabrb3"
"Gad2","Gabrb3","Gad2 - Gabrb3"
"Slc32a1","Gabrb3","Slc32a1 - Gabrb3"
"Gad1","Gabrg1","Gad1 - Gabrg1"
"Gad2","Gabrg1","Gad2 - Gabrg1"
"Slc32a1","Gabrg1","Slc32a1 - Gabrg1"
"Gad1","Gabrg2","Gad1 - Gabrg2"
"Gad2","Gabrg2","Gad2 - Gabrg2"
"Slc32a1","Gabrg2","Slc32a1 - Gabrg2"
"Gad1","Gabrg3","Gad1 - Gabrg3"
"Gad2","Gabrg3","Gad2 - Gabrg3"
"Slc32a1","Gabrg3","Slc32a1 - Gabrg3"
"Gad1","Gabbr1","Gad1 - Gabbr1"
"Gad2","Gabbr1","Gad2 - Gabbr1"
"Slc32a1","Gabbr1","Slc32a1 - Gabbr1"
"Gad1","Gabbr2","Gad1 - Gabbr2"
"Gad2","Gabbr2","Gad2 - Gabbr2"
"Slc32a1","Gabbr2","Slc32a1 - Gabbr2"
"Gja1","Gja1","Gja1 - Gja1"
"Gja3","Gja3","Gja3 - Gja3"
"Gja4","Gja4","Gja4 - Gja4"
"Gja5","Gja5","Gja5 - Gja5"
"Gja6","Gja6","Gja6 - Gja6"
"Gja8","Gja8","Gja8 - Gja8"
"Gja10","Gja10","Gja10 - Gja10"
"Gjb1","Gjb1","Gjb1 - Gjb1"
"Gjb2","Gjb2","Gjb2 - Gjb2"
"Gjb3","Gjb3","Gjb3 - Gjb3"
"Gjb4","Gjb4","Gjb4 - Gjb4"
"Gjb5","Gjb5","Gjb5 - Gjb5"
"Gjb6","Gjb6","Gjb6 - Gjb6"
"Gjc1","Gjc1","Gjc1 - Gjc1"
"Gjc2","Gjc2","Gjc2 - Gjc2"
"Gjc3","Gjc3","Gjc3 - Gjc3"
"Gjd2","Gjd2","Gjd2 - Gjd2"
"Gjd3","Gjd3","Gjd3 - Gjd3"
"Gjd4","Gjd4","Gjd4 - Gjd4"
"Gje1","Gje1","Gje1 - Gje1"
"Chat","Chrna1","Chat - Chrna1"
"Slc18a3","Chrna1","Slc18a3 - Chrna1"
"Chat","Chrna2","Chat - Chrna2"
"Slc18a3","Chrna2","Slc18a3 - Chrna2"
"Chat","Chrna3","Chat - Chrna3"
"Slc18a3","Chrna3","Slc18a3 - Chrna3"
"Chat","Chrna4","Chat - Chrna4"
"Slc18a3","Chrna4","Slc18a3 - Chrna4"
"Chat","Chrna5","Chat - Chrna5"
"Slc18a3","Chrna5","Slc18a3 - Chrna5"
"Chat","Chrna6","Chat - Chrna6"
"Slc18a3","Chrna6","Slc18a3 - Chrna6"
"Chat","Chrna7","Chat - Chrna7"
"Slc18a3","Chrna7","Slc18a3 - Chrna7"
"Chat","Chrna9","Chat - Chrna9"
"Slc18a3","Chrna9","Slc18a3 - Chrna9"
"Chat","Chrna10","Chat - Chrna10"
"Slc18a3","Chrna10","Slc18a3 - Chrna10"
"Chat","Chrnb1","Chat - Chrnb1"
"Slc18a3","Chrnb1","Slc18a3 - Chrnb1"
"Chat","Chrnb2","Chat - Chrnb2"
"Slc18a3","Chrnb2","Slc18a3 - Chrnb2"
"Chat","Chrnb3","Chat - Chrnb3"
"Slc18a3","Chrnb3","Slc18a3 - Chrnb3"
"Chat","Chrnb4","Chat - Chrnb4"
"Slc18a3","Chrnb4","Slc18a3 - Chrnb4"
"Chat","Chrnd","Chat - Chrnd"
"Slc18a3","Chrnd","Slc18a3 - Chrnd"
"Chat","Chrne","Chat - Chrne"
"Slc18a3","Chrne","Slc18a3 - Chrne"
"Chat","Chrng","Chat - Chrng"
"Slc18a3","Chrng","Slc18a3 - Chrng"
"Chat","Chrm1","Chat - Chrm1"
"Slc18a3","Chrm1","Slc18a3 - Chrm1"
"Chat","Chrm2","Chat - Chrm2"
"Slc18a3","Chrm2","Slc18a3 - Chrm2"
"Chat","Chrm3","Chat - Chrm3"
"Slc18a3","Chrm3","Slc18a3 - Chrm3"
"Chat","Chrm4","Chat - Chrm4"
"Slc18a3","Chrm4","Slc18a3 - Chrm4"
"Chat","Chrm5","Chat - Chrm5"
"Slc18a3","Chrm5","Slc18a3 - Chrm5"
"Chat","Ache","Chat - Ache"
"Slc18a3","Ache","Slc18a3 - Ache"
"Shmt1","Glra1","Shmt1 - Glra1"
"Shmt2","Glra1","Shmt2 - Glra1"
"Slc32a1","Glra1","Slc32a1 - Glra1"
"Shmt1","Glra2","Shmt1 - Glra2"
"Shmt2","Glra2","Shmt2 - Glra2"
"Slc32a1","Glra2","Slc32a1 - Glra2"
"Shmt1","Glra3","Shmt1 - Glra3"
"Shmt2","Glra3","Shmt2 - Glra3"
"Slc32a1","Glra3","Slc32a1 - Glra3"
"Shmt1","Glra4","Shmt1 - Glra4"
"Shmt2","Glra4","Shmt2 - Glra4"
"Slc32a1","Glra4","Slc32a1 - Glra4"
"Shmt1","Glrb","Shmt1 - Glrb"
"Shmt2","Glrb","Shmt2 - Glrb"
"Slc32a1","Glrb","Slc32a1 - Glrb"
"Shmt1","Slc6a9","Shmt1 - Slc6a9"
"Shmt2","Slc6a9","Shmt2 - Slc6a9"
"Slc32a1","Slc6a9","Slc32a1 - Slc6a9"
"Shmt1","Slc6a5","Shmt1 - Slc6a5"
"Shmt2","Slc6a5","Shmt2 - Slc6a5"
"Slc32a1","Slc6a5","Slc32a1 - Slc6a5"
"Tph2","Htr1a","Tph2 - Htr1a"
"Ddc","Htr1a","Ddc - Htr1a"
"Slc18a1","Htr1a","Slc18a1 - Htr1a"
"Slc18a2","Htr1a","Slc18a2 - Htr1a"
"Tph2","Htr1b","Tph2 - Htr1b"
"Ddc","Htr1b","Ddc - Htr1b"
"Slc18a1","Htr1b","Slc18a1 - Htr1b"
"Slc18a2","Htr1b","Slc18a2 - Htr1b"
"Tph2","Htr1d","Tph2 - Htr1d"
"Ddc","Htr1d","Ddc - Htr1d"
"Slc18a1","Htr1d","Slc18a1 - Htr1d"
"Slc18a2","Htr1d","Slc18a2 - Htr1d"
"Tph1","Htr1e","Tph1 - Htr1e"
"Tph2","Htr1e","Tph2 - Htr1e"
"Ddc","Htr1e","Ddc - Htr1e"
"Slc18a1","Htr1e","Slc18a1 - Htr1e"
"Slc18a2","Htr1e","Slc18a2 - Htr1e"
"Tph2","Htr1f","Tph2 - Htr1f"
"Ddc","Htr1f","Ddc - Htr1f"
"Slc18a1","Htr1f","Slc18a1 - Htr1f"
"Slc18a2","Htr1f","Slc18a2 - Htr1f"
"Tph2","Htr2a","Tph2 - Htr2a"
"Ddc","Htr2a","Ddc - Htr2a"
"Slc18a1","Htr2a","Slc18a1 - Htr2a"
"Slc18a2","Htr2a","Slc18a2 - Htr2a"
"Tph2","Htr2b","Tph2 - Htr2b"
"Ddc","Htr2b","Ddc - Htr2b"
"Slc18a1","Htr2b","Slc18a1 - Htr2b"
"Slc18a2","Htr2b","Slc18a2 - Htr2b"
"Tph2","Htr2c","Tph2 - Htr2c"
"Ddc","Htr2c","Ddc - Htr2c"
"Slc18a1","Htr2c","Slc18a1 - Htr2c"
"Slc18a2","Htr2c","Slc18a2 - Htr2c"
"Tph1","Htr3a","Tph1 - Htr3a"
"Tph2","Htr3a","Tph2 - Htr3a"
"Ddc","Htr3a","Ddc - Htr3a"
"Slc18a1","Htr3a","Slc18a1 - Htr3a"
"Slc18a2","Htr3a","Slc18a2 - Htr3a"
"Tph1","Htr3b","Tph1 - Htr3b"
"Tph2","Htr3b","Tph2 - Htr3b"
"Ddc","Htr3b","Ddc - Htr3b"
"Slc18a1","Htr3b","Slc18a1 - Htr3b"
"Slc18a2","Htr3b","Slc18a2 - Htr3b"
"Tph2","Htr4","Tph2 - Htr4"
"Ddc","Htr4","Ddc - Htr4"
"Slc18a1","Htr4","Slc18a1 - Htr4"
"Slc18a2","Htr4","Slc18a2 - Htr4"
"Tph2","Htr5a","Tph2 - Htr5a"
"Ddc","Htr5a","Ddc - Htr5a"
"Slc18a1","Htr5a","Slc18a1 - Htr5a"
"Slc18a2","Htr5a","Slc18a2 - Htr5a"
"Tph2","Htr6","Tph2 - Htr6"
"Ddc","Htr6","Ddc - Htr6"
"Slc18a1","Htr6","Slc18a1 - Htr6"
"Slc18a2","Htr6","Slc18a2 - Htr6"
"Tph2","Htr7","Tph2 - Htr7"
"Ddc","Htr7","Ddc - Htr7"
"Slc18a1","Htr7","Slc18a1 - Htr7"
"Slc18a2","Htr7","Slc18a2 - Htr7"
"Tph1","Slc6a4","Tph1 - Slc6a4"
"Tph2","Slc6a4","Tph2 - Slc6a4"
"Ddc","Slc6a4","Ddc - Slc6a4"
"Slc18a1","Slc6a4","Slc18a1 - Slc6a4"
"Slc18a2","Slc6a4","Slc18a2 - Slc6a4"
"Th","Drd1","Th - Drd1"
"Ddc","Drd1","Ddc - Drd1"
"Slc18a1","Drd1","Slc18a1 - Drd1"
"Slc18a2","Drd1","Slc18a2 - Drd1"
"Th","Drd5","Th - Drd5"
"Ddc","Drd5","Ddc - Drd5"
"Slc18a1","Drd5","Slc18a1 - Drd5"
"Slc18a2","Drd5","Slc18a2 - Drd5"
"Th","Drd2","Th - Drd2"
"Ddc","Drd2","Ddc - Drd2"
"Slc18a1","Drd2","Slc18a1 - Drd2"
"Slc18a2","Drd2","Slc18a2 - Drd2"
"Th","Drd3","Th - Drd3"
"Ddc","Drd3","Ddc - Drd3"
"Slc18a1","Drd3","Slc18a1 - Drd3"
"Slc18a2","Drd3","Slc18a2 - Drd3"
"Th","Drd4","Th - Drd4"
"Ddc","Drd4","Ddc - Drd4"
"Slc18a1","Drd4","Slc18a1 - Drd4"
"Slc18a2","Drd4","Slc18a2 - Drd4"
"Th","Slc6a3","Th - Slc6a3"
"Ddc","Slc6a3","Ddc - Slc6a3"
"Slc18a1","Slc6a3","Slc18a1 - Slc6a3"
"Slc18a2","Slc6a3","Slc18a2 - Slc6a3"
"Th","Comt","Th - Comt"
"Ddc","Comt","Ddc - Comt"
"Slc18a1","Comt","Slc18a1 - Comt"
"Slc18a2","Comt","Slc18a2 - Comt"
"Th","Adra1a","Th - Adra1a"
"Ddc","Adra1a","Ddc - Adra1a"
"Dbh","Adra1a","Dbh - Adra1a"
"Pnmt","Adra1a","Pnmt - Adra1a"
"Slc18a1","Adra1a","Slc18a1 - Adra1a"
"Slc18a2","Adra1a","Slc18a2 - Adra1a"
"Th","Adra1b","Th - Adra1b"
"Ddc","Adra1b","Ddc - Adra1b"
"Dbh","Adra1b","Dbh - Adra1b"
"Pnmt","Adra1b","Pnmt - Adra1b"
"Slc18a1","Adra1b","Slc18a1 - Adra1b"
"Slc18a2","Adra1b","Slc18a2 - Adra1b"
"Th","Adra1d","Th - Adra1d"
"Ddc","Adra1d","Ddc - Adra1d"
"Dbh","Adra1d","Dbh - Adra1d"
"Pnmt","Adra1d","Pnmt - Adra1d"
"Slc18a1","Adra1d","Slc18a1 - Adra1d"
"Slc18a2","Adra1d","Slc18a2 - Adra1d"
"Th","Adra2a","Th - Adra2a"
"Ddc","Adra2a","Ddc - Adra2a"
"Dbh","Adra2a","Dbh - Adra2a"
"Pnmt","Adra2a","Pnmt - Adra2a"
"Slc18a1","Adra2a","Slc18a1 - Adra2a"
"Slc18a2","Adra2a","Slc18a2 - Adra2a"
"Th","Adra2b","Th - Adra2b"
"Ddc","Adra2b","Ddc - Adra2b"
"Dbh","Adra2b","Dbh - Adra2b"
"Pnmt","Adra2b","Pnmt - Adra2b"
"Slc18a1","Adra2b","Slc18a1 - Adra2b"
"Slc18a2","Adra2b","Slc18a2 - Adra2b"
"Th","Adra2c","Th - Adra2c"
"Ddc","Adra2c","Ddc - Adra2c"
"Dbh","Adra2c","Dbh - Adra2c"
"Pnmt","Adra2c","Pnmt - Adra2c"
"Slc18a1","Adra2c","Slc18a1 - Adra2c"
"Slc18a2","Adra2c","Slc18a2 - Adra2c"
"Th","Adrb1","Th - Adrb1"
"Ddc","Adrb1","Ddc - Adrb1"
"Dbh","Adrb1","Dbh - Adrb1"
"Pnmt","Adrb1","Pnmt - Adrb1"
"Slc18a1","Adrb1","Slc18a1 - Adrb1"
"Slc18a2","Adrb1","Slc18a2 - Adrb1"
"Th","Adrb2","Th - Adrb2"
"Ddc","Adrb2","Ddc - Adrb2"
"Dbh","Adrb2","Dbh - Adrb2"
"Pnmt","Adrb2","Pnmt - Adrb2"
"Slc18a1","Adrb2","Slc18a1 - Adrb2"
"Slc18a2","Adrb2","Slc18a2 - Adrb2"
"Th","Adrb3","Th - Adrb3"
"Ddc","Adrb3","Ddc - Adrb3"
"Dbh","Adrb3","Dbh - Adrb3"
"Pnmt","Adrb3","Pnmt - Adrb3"
"Slc18a1","Adrb3","Slc18a1 - Adrb3"
"Slc18a2","Adrb3","Slc18a2 - Adrb3"
"Th","Slc6a2","Th - Slc6a2"
"Ddc","Slc6a2","Ddc - Slc6a2"
"Dbh","Slc6a2","Dbh - Slc6a2"
"Slc18a1","Slc6a2","Slc18a1 - Slc6a2"
"Slc18a2","Slc6a2","Slc18a2 - Slc6a2"
"Dbh","Comt","Dbh - Comt"
"Hmox1","Gucy1b1","Hmox1 - Gucy1b1"
"Hmox2","Gucy1b1","Hmox2 - Gucy1b1"
"Hmox1","Gucy1b2","Hmox1 - Gucy1b2"
"Hmox2","Gucy1b2","Hmox2 - Gucy1b2"
"Hmox1","Gucy1a1","Hmox1 - Gucy1a1"
"Hmox2","Gucy1a1","Hmox2 - Gucy1a1"
"Hmox1","Gucy1a2","Hmox1 - Gucy1a2"
"Hmox2","Gucy1a2","Hmox2 - Gucy1a2"
"Nos1","Gucy1b1","Nos1 - Gucy1b1"
"Nos2","Gucy1b1","Nos2 - Gucy1b1"
"Nos3","Gucy1b1","Nos3 - Gucy1b1"
"Nos1","Gucy1b2","Nos1 - Gucy1b2"
"Nos2","Gucy1b2","Nos2 - Gucy1b2"
"Nos3","Gucy1b2","Nos3 - Gucy1b2"
"Nos1","Gucy1a1","Nos1 - Gucy1a1"
"Nos2","Gucy1a1","Nos2 - Gucy1a1"
"Nos3","Gucy1a1","Nos3 - Gucy1a1"
"Nos1","Gucy1a2","Nos1 - Gucy1a2"
"Nos2","Gucy1a2","Nos2 - Gucy1a2"
"Nos3","Gucy1a2","Nos3 - Gucy1a2"
